plazo_dias,valor
1,3.53886377750016
2,2.84879498736308
4,4.57201072768623
5,5.60486861157734
6,6.63779586572967
7,7.60235443106238
8,8.56697699186016
9,9.53166354480958
10,10.4964140850975
11,11.4622268852379
12,12.4281041106842
13,13.3940457614356
14,14.3997239366354
15,15.4054696648045
16,16.4112829492605
17,17.4171637899993
18,18.429988360324
19,19.4428835835061
20,20.4558494661858
21,21.4688860050463
22,22.4819932000851
23,23.4951710479795
24,24.5084195553756
25,25.5195301214492
26,26.5307103496005
27,27.5419602398246
28,28.5532797921257
29,29.5646690065004
30,30.5761278829511
31,31.5876564214747
32,32.5992546220752
33,33.6109224847493
34,34.6592088066919
35,35.7083383720569
36,36.7575409208557
37,37.8068164759858
38,38.8561650145471
39,39.9055865479889
40,40.9550810877637
41,42.0046486109689
42,43.0542891290536
43,44.1040026534739
44,45.153789161323
45,46.2036486755067
46,47.2535811731174
47,48.3035866656102
48,49.3536651644386
49,50.4038166466932
50,51.454041123829
51,52.5043386073046
52,53.5547090742039
53,54.6051525474403
54,55.6556690041021
55,56.7062584556444
56,57.756920913528
57,58.8076563548336
58,59.8584647910189
59,60.909346233548
60,61.9603006594967
61,63.0113280917884
62,64.0624285074996
63,65.1234836655242
64,66.1846126364667
65,67.2458153974019
66,68.307091959789
67,69.3646038428175
68,70.4221877121528
69,71.4798435792576
70,72.5375714555971
71,73.5953713182435
72,74.6532431786585
73,75.7111870483125
74,76.7692029042674
75,77.8272907579943
76,78.8854506209602
77,79.943682470227
78,81.0019863287344
79,82.0603621735419
80,83.1188100161206
81,84.177329871307
82,85.2359217094273
83,86.2945855453171
84,87.3533213904491
85,88.4121292218796
86,89.4710090510796
87,90.5299608895244
88,91.5889847142659
89,92.648080536777
90,93.7072483685345
91,94.7664881865863
92,95.8341311086275
93,96.9018466910602
94,97.9696349338812
95,99.0374958485706
96,100.107634650616
97,101.177847148348
98,102.248133348527
99,103.31849324439
100,104.388926842701
101,105.459434148175
102,106.53001514462
103,107.60066984013
104,108.671398231322
105,109.742200324965
106,110.813076114288
107,111.884025617548
108,112.955048808391
109,114.026145694911
110,115.097316283888
111,116.168560568539
112,117.239878555648
113,118.31127023843
114,119.382735635159
115,120.454274719467
116,121.525887499445
117,122.597573981888
118,123.669334159999
119,124.741168040574
120,125.813075631703
121,126.885056907011
122,127.957111884785
123,129.029240558224
124,130.101442934131
125,131.173719005701
126,132.246068791233
127,133.317558657653
128,134.389121786595
129,135.460758178058
130,136.532467832041
131,137.604250748547
132,138.676106927571
133,139.748036380614
134,140.820039084681
135,141.89211505127
136,142.964264280381
137,144.036486772011
138,145.108782526164
139,146.181151554335
140,147.25359383353
141,148.326109375245
142,149.398698182899
143,150.471360249657
144,151.544095578937
145,152.616904182238
146,153.68978603656
147,154.762741153404
148,155.835769532767
149,156.908871174653
150,157.982046079058
151,159.055294245987
152,160.128615686937
153,161.202010378908
154,162.275478333398
155,163.349019550412
156,164.422634029943
157,165.496321771997
158,166.589347497702
159,167.682455421031
160,168.775645546633
161,169.868917877934
162,170.962272418371
163,172.055709161076
164,173.149228120992
165,174.242829278534
166,175.336512638345
167,176.430278203854
168,177.524125978503
169,178.618055955417
170,179.712068138032
171,180.806162541301
172,181.900339135318
173,182.994597935038
174,184.088938943901
175,185.183362155023
176,186.277867571845
177,187.372455209332
178,188.467125037557
179,189.561877071485
180,190.65671131456
181,191.75162775989
182,192.846626410923
183,193.941707282623
184,195.03687034506
185,196.132115613195
186,197.227443090484
187,198.360045204493
188,199.478610615305
189,200.597254775897
190,201.715977704696
191,202.834779409774
192,203.953659864626
193,205.072619087693
194,206.191657087037
195,207.310773836153
196,208.429969353484
197,209.549243643636
198,210.668596690475
199,211.78802850207
200,212.907539086486
201,214.027128427591
202,215.14679653345
203,216.26654341213
204,217.3863690475
205,218.506273447625
206,219.626256620568
207,220.746318550203
208,221.866459244594
209,222.986678711802
210,224.106976935702
211,225.227353924358
212,226.347809685829
213,227.468344203996
214,228.588957483442
215,229.709649542651
216,230.830420355083
217,231.951269928792
218,233.072198282268
219,234.193205388963
220,235.314291256936
221,236.43545590468
222,237.558608931048
223,238.68184162733
224,239.805154012028
225,240.928546055099
226,242.052017775048
227,243.175569179933
228,244.299200243188
229,245.422910983323
230,246.546701404907
231,247.670571491833
232,248.794521252154
233,249.918550693924
234,251.042659801035
235,252.166848578049
236,253.291117043495
237,254.415465167299
238,255.53989296799
239,256.664400453625
240,257.788987597612
241,258.913654418491
242,260.038400920814
243,261.163227088482
244,262.288132929545
245,263.413118452054
246,264.538183639907
247,265.663328497654
248,266.788553043849
249,267.915224418915
250,269.041976110245
251,270.168808136403
252,271.295720467272
253,272.422713121418
254,273.549786106887
255,274.676939397066
256,275.804173010523
257,276.931486955304
258,278.058881204791
259,279.186355777558
260,280.313910678139
261,281.441545890447
262,282.569261422525
263,283.697057282417
264,284.824933454035
265,285.952889945425
266,287.080926764626
267,288.209043895556
268,289.337241342736
269,290.465519124767
270,291.593877215008
271,292.722315621496
272,293.850834362839
273,294.979433412391
274,296.108112778188
275,297.236872478844
276,298.36571248418
277,299.495377515255
278,300.625948188103
279,301.756599615879
280,302.887331817199
281,304.018144788539
282,305.149038537934
283,306.280013049313
284,307.411068330711
285,308.542204378593
286,309.673421211597
287,310.804718803054
288,311.936097160991
289,313.067556304055
290,314.199096205567
291,315.330716873561
292,316.462418315111
293,317.594200538252
294,318.7260635163
295,319.858007267907
296,320.990031789533
297,322.12213708921
298,323.254323150875
299,324.386589982559
300,325.518937592292
301,326.651365964014
302,327.783875105757
303,328.916465013967
304,330.049135707323
305,331.181887159122
306,332.314719377389
307,333.447632369224
308,334.58063354347
309,335.713715479609
310,336.846878189221
311,337.980121683886
312,339.113445940443
313,340.246850970474
314,341.380336773977
315,342.513903362536
316,343.647550712985
317,344.781278836907
318,345.9150877343
319,347.048977416754
320,348.182947861094
321,349.316999078907
322,350.45113108178
323,351.585343846539
324,352.71963738477
325,353.854011696474
326,354.98846679324
327,356.123002651891
328,357.257619284014
329,358.392316689611
330,359.527094880271
331,360.661953832812
332,361.796893558827
333,362.931914069907
334,364.067015342868
335,365.202197389301
336,366.337460209208
337,367.472803814181
338,368.608228181032
339,369.743733321358
340,370.878412791545
341,372.013172626954
342,373.14801280797
343,374.282933339032
344,375.417934235314
345,376.553015473624
346,377.688177069142
347,378.823419014699
348,379.958741325481
349,381.094143978287
350,382.229626988305
351,383.365190348361
352,384.500834073641
353,385.636558140945
354,386.772362565463
355,387.908247351618
356,389.044212479794
357,390.180257961595
358,391.316383800615
359,392.452590001268
360,393.588876543943
361,394.72524344024
362,395.861690693759
363,396.998218308913
364,398.134826266083
365,399.224843700342
366,400.314937606106
367,401.40510795296
368,402.495354756111
369,403.580691044973
370,404.666101591613
371,405.751586414845
372,406.837145522676
373,407.922778891888
374,409.008486530479
375,410.09426845728
376,411.180124645455
377,412.266055118234
378,413.352059848778
379,414.438138855922
380,415.524292147668
381,416.61051970079
382,417.696821523287
383,418.783197634001
384,419.869648006089
385,420.956172651166
386,422.042771577232
387,423.129444768287
388,424.21619223233
389,425.303013980981
390,426.389909987384
391,427.476880270393
392,428.563924838011
393,429.651043663377
394,430.738236765354
395,431.82550415194
396,432.912845799895
397,434.000261717213
398,435.087751922767
399,436.175316389689
400,437.262955141221
401,438.350668150492
402,439.43845543638
403,440.526317006882
404,441.614252838748
405,442.702262939971
406,443.790347329441
407,444.878505980272
408,445.966738904094
409,447.055046108896
410,448.143427578695
411,449.231883321484
412,450.32041334889
413,451.409017634018
414,452.497696195771
415,453.586449042146
416,454.675276146237
417,455.764177526958
418,456.853153192299
419,457.942203118998
420,459.031327315043
421,460.120525799352
422,461.209798545018
423,462.299145575307
424,463.388566863304
425,464.478062427935
426,465.567632277192
427,466.657276387802
428,467.746994767752
429,468.836787435976
430,469.926654365553
431,471.016595568118
432,472.106611051658
433,473.196700800201
434,474.286864821733
435,475.377103127894
436,476.467415691748
437,477.557802532247
438,478.648263657376
439,479.738799040194
440,480.829408699659
441,481.920092643756
442,483.010850849198
443,484.101683323969
444,485.192590087034
445,486.283571111443
446,487.374626420489
447,488.46575598721
448,489.556959830586
449,490.648237958599
450,491.739590347953
451,492.831017006627
452,493.922517953609
453,495.014093161928
454,496.105742643239
455,497.197466405517
456,498.289264432803
457,499.381136733079
458,500.473083317995
459,501.565104160575
460,502.657199279817
461,503.750986873277
462,504.844849422532
463,505.938786939235
464,507.032799438722
465,508.126886890324
466,509.221049309376
467,510.315286707532
468,511.409599061482
469,512.503986394538
470,513.598448683387
471,514.692985939682
472,515.787598178772
473,516.882285369969
474,517.977047528613
475,519.071884666367
476,520.166796759911
477,521.261783820903
478,522.356845861006
479,523.451982856896
480,524.547194823927
481,525.642481766378
482,526.737843664616
483,527.833280530305
484,528.928792375104
485,530.024379175689
486,531.120040943725
487,532.21577769457
488,533.311589397503
489,534.407476067885
490,535.503437717385
491,536.599474322665
492,537.695585895395
493,538.791772447242
494,539.888033954869
495,540.984370445318
496,542.080781887846
497,543.177268297822
498,544.273829686916
499,545.37046603179
500,546.467177344113
501,547.563963635558
502,548.660824882779
503,549.757761101158
504,550.854772294952
505,551.951858444521
506,553.049019561539
507,554.146255657681
508,555.243566709598
509,556.340952728964
510,557.438413731168
511,558.535949685432
512,559.633560607146
513,560.731246507985
514,561.829007364597
515,562.926843188658
516,564.024753991846
517,565.122739750804
518,566.220800492612
519,567.318936186471
520,568.417146847777
521,569.515432488214
522,570.613793084419
523,571.712228648073
524,572.810739190859
525,573.90932468941
526,575.00798515914
527,576.106720604274
528,577.205531005174
529,578.304416373523
530,579.403376721008
531,580.502412024254
532,581.601522294949
533,582.700707548514
534,583.79996775411
535,584.899302927153
536,585.998713079335
537,587.098198187278
538,588.197758262668
539,589.297393317199
540,590.397103327487
541,591.496888320656
542,592.596748265845
543,593.696683178482
544,594.79669307026
545,595.896777917797
546,596.996937732781
547,598.097172526908
548,599.197482276792
549,600.297866997868
550,601.398326694344
551,602.498861346575
552,603.526511236376
553,604.544830427935
554,605.534125305186
555,606.523066420238
556,607.511654298051
557,608.499888890462
558,609.487770176452
559,610.475298673616
560,611.462473191037
561,612.449294253793
562,613.435761848821
563,614.421875904557
564,615.407636969616
565,616.393043193806
566,617.378096424611
567,618.362795970289
568,619.347141774741
569,620.331133817404
570,621.314772627382
571,622.29805699783
572,623.280987477485
573,624.263564029899
574,625.245786595215
575,626.227655745719
576,627.209170262639
577,628.190330683128
578,629.171136974509
579,630.15158909281
580,631.131686911692
581,632.111430570342
582,633.09081995037
583,634.06985499192
584,635.048535670273
585,636.026861948998
586,637.004834377235
587,637.982451724017
588,638.959714565661
589,639.93662283477
590,640.913176522125
591,641.889376165273
592,642.865220544736
593,643.840710209759
594,644.81584444445
595,645.790624571314
596,646.765050495433
597,647.73912095025
598,648.712836524057
599,649.686197149455
600,650.659202805531
601,651.631853455884
602,652.604149685196
603,653.576090214918
604,654.547675629711
605,655.518905893182
606,656.489780968935
607,657.460301441782
608,658.430466036729
609,659.400274615969
610,660.369728576929
611,661.338827179944
612,662.307570365186
613,663.275958741068
614,664.243991028533
615,665.211667800806
616,666.178989033236
617,667.145954677722
618,668.112565346606
619,669.078819741291
620,670.044718450647
621,671.010261438309
622,671.975448679636
623,672.940280032716
624,673.90475567229
625,674.868875456452
626,675.832639348844
627,676.796047313112
628,677.759099340166
629,678.721796007788
630,679.684136016528
631,680.646119975212
632,681.607747835765
633,682.569019573575
634,683.529935821086
635,684.490495216158
636,685.450698402943
637,686.410545333378
638,687.370035235642
639,688.329170225006
640,689.287948203618
641,690.246369804044
642,691.204434989961
643,692.162143736789
644,693.118595667814
645,694.074691443931
646,695.030429695085
647,695.985811058075
648,696.940835524133
649,697.895503014367
650,698.849814204764
651,699.803767713285
652,700.757363425431
653,701.710602823559
654,702.663485112588
655,703.616010941363
656,704.568178950787
657,705.519989754746
658,706.471443344514
659,707.422539676138
660,708.373278729441
661,709.323661145518
662,710.273685541778
663,711.22335256722
664,712.172662201398
665,713.121614400652
666,714.070209814146
667,715.018446295155
668,715.96632603204
669,716.91384822904
670,717.861012853982
671,718.807819874967
672,719.75426994516
673,720.700361681424
674,721.64609573308
675,722.591472067973
676,723.536490654205
677,724.481152164771
678,725.425455192523
679,726.369400398937
680,727.312987751871
681,728.256216419908
682,729.199088674977
683,730.141602302515
684,731.083757975889
685,732.025555651226
686,732.966995319918
687,733.90807695009
688,734.848801203314
689,735.789166671903
690,736.729174017644
691,737.668823220193
692,738.608114247454
693,739.547047773139
694,740.485622377559
695,741.42383873417
696,742.361695999618
697,743.299195780403
698,744.236337938908
699,745.173121031675
700,746.10954575584
701,747.045612079559
702,747.98131997077
703,748.916669420945
704,749.851661104115
705,750.786293564756
706,751.720567511957
707,752.654482902122
708,753.588039718829
709,754.521238659791
710,755.454077410227
711,756.386558362059
712,757.318680648031
713,758.250444224356
714,759.181849823998
715,760.112895955825
716,761.043583317474
717,761.973911888709
718,762.903881661269
719,763.833492595247
720,764.762745400453
721,765.691638597013
722,766.620172894531
723,767.548348261214
724,768.476164676857
725,769.403622015294
726,770.330720468443
727,771.257459921925
728,772.183840332005
729,773.10986167868
730,774.035524699313
731,774.960827866589
732,775.885771913985
733,776.810356821338
734,777.734582556882
735,778.650901214824
736,779.654108879453
737,780.657207374041
738,781.660196605275
739,782.663074206442
740,783.66584269149
741,784.66850032972
742,785.671048912659
743,786.67348756957
744,787.675815433461
745,788.678034284442
746,789.680142391372
747,790.682141522718
748,791.684030835046
749,792.685809449454
750,793.687479146391
751,794.689038182648
752,795.690488362391
753,796.691828806701
754,797.693058632652
755,798.694179656266
756,799.695190110606
757,800.696091804072
758,801.696883853724
759,802.697565388154
760,803.698138223875
761,804.69860056217
762,805.698954255057
763,806.699197487899
764,807.699332101066
765,808.699357215318
766,809.699271939491
767,810.69907809059
768,811.698773889049
769,812.698361163808
770,813.697839035485
771,814.697207375483
772,815.696466491472
773,816.695615323091
774,817.694655750707
775,818.693586843726
776,819.692407730301
777,820.691120263526
778,821.689722620063
779,822.688216657049
780,823.686601467337
781,824.684876155356
782,825.683042586355
783,826.681098924892
784,827.679047048156
785,828.676886048771
786,829.674615019321
787,830.672235829321
788,831.669746627303
789,832.66714931435
790,833.664442983026
791,834.66162668247
792,835.658702349467
793,836.65566808495
794,837.652525814052
795,838.649274609503
796,839.645913543894
797,840.642444530778
798,841.638865682578
799,842.635178924795
800,843.631383330015
801,844.627477954962
802,845.623464737113
803,846.619341776827
804,847.615111003896
805,848.610772301617
806,849.606323096989
807,850.601766154472
808,851.597099542602
809,852.592325238774
810,853.587442275934
811,854.582449710466
812,855.577349504267
813,856.572139737354
814,857.566822359961
815,858.561396416652
816,859.555860975518
817,860.550217979134
818,861.544465503262
819,862.538605533923
820,863.532637091941
821,864.526559225553
822,865.520373913158
823,866.514079218372
824,867.507677115795
825,868.501166637905
826,869.494546832793
827,870.487819675304
828,871.480983216894
829,872.474039456198
830,873.46698642485
831,874.459826133455
832,875.452557602451
833,876.445179863962
834,877.437694920943
835,878.430100777116
836,879.422399490753
837,880.414590058501
838,881.40667234385
839,882.39864667137
840,883.390511907455
841,884.382270087136
842,885.373920218722
843,886.365461302495
844,887.356895385542
845,888.348220470913
846,889.339438582195
847,890.330548743312
848,891.32154995044
849,892.312444251077
850,893.303229636088
851,894.29390815706
852,895.284478814101
853,896.274940603227
854,897.265295584167
855,898.255541747443
856,899.245681133204
857,900.235712761109
858,901.225635603387
859,902.215451743791
860,903.205159129132
861,904.194759866989
862,905.184252917738
863,906.173637277078
864,907.162915044953
865,908.152084128359
866,909.14114667083
867,910.130101620704
868,911.118947965639
869,912.107687805984
870,913.096319072051
871,914.084843884114
872,915.073262078132
873,916.061570866059
874,917.049773256109
875,918.037867166469
876,919.025854705923
877,920.013734850117
878,921.0015065469
879,921.989171964564
880,922.976728961678
881,923.96417969876
882,924.951523139451
883,925.938758219592
884,926.925887107894
885,927.912907674402
886,928.899822068203
887,929.886629260644
888,930.873328187477
889,931.859921005907
890,932.846405601431
891,933.832784131418
892,934.819055543452
893,935.805218773024
894,936.791275993579
895,937.777225078407
896,938.763068185286
897,939.748804285334
898,940.734432278328
899,941.719954373673
900,942.705368392914
901,943.69067656545
902,944.675876700825
903,945.660971020635
904,946.645958436413
905,947.630838784048
906,948.615612468183
907,949.600278202645
908,950.584838217318
909,951.569291423674
910,952.553636744768
911,953.53787639102
912,954.522008187071
913,955.506034363229
914,956.489953818943
915,957.473765465238
916,958.457471548522
917,959.441069865358
918,960.424562646613
919,961.407948815144
920,962.391227262081
921,963.374400230262
922,964.357465527875
923,965.340425386072
924,966.323278719679
925,967.306024419648
926,968.288664741107
927,969.271197468146
928,970.25362486793
929,971.235945819527
930,972.218159233428
931,973.200267365343
932,974.182267986975
933,975.164163381788
934,976.145952424659
935,977.12763400234
936,978.109210406404
937,979.090679376592
938,980.072043216513
939,981.053301738446
940,982.034451954014
941,983.015497084751
942,983.996434870006
943,984.977267613827
944,985.957994202776
945,986.938613499344
946,987.919127811858
947,988.8995348634
948,989.879836982373
949,990.860033019377
950,991.840121852602
951,992.820105798666
952,993.79998258045
953,994.779754514747
954,995.759420467858
955,996.738979305923
956,997.718433346
957,998.697780298709
958,999.677022516907
959,1000.65615883109
960,1001.63518811506
961,1002.61411271027
962,1003.59293030301
963,1004.57164325059
964,1005.55025039118
965,1006.52875057485
966,1007.50714617892
967,1008.48543485768
968,1009.46361899266
969,1010.44169622206
970,1011.41966895942
971,1012.39753601888
972,1013.37529720447
973,1014.3529529815
974,1015.33050193836
975,1016.3079465007
976,1017.28528547462
977,1018.26251768578
978,1019.23964554844
979,1020.21666668812
980,1021.19358352309
981,1022.17039485522
982,1023.14709952208
983,1024.12369993818
984,1025.10019370889
985,1026.07658326482
986,1027.05286741954
987,1028.02904498666
988,1029.00511839302
989,1029.98108525549
990,1030.95694798921
991,1031.93270540778
992,1032.90835633628
993,1033.88390319416
994,1034.85934358195
995,1035.83467993927
996,1036.80991109118
997,1037.78503581905
998,1038.76005657846
999,1039.73497094575
1000,1040.70978139668
1001,1041.68448672043
1002,1042.65908569819
1003,1043.63358080573
1004,1044.60796961924
1005,1045.5822546028
1006,1046.55643553669
1007,1047.53050922338
1008,1048.5044791385
1009,1049.47834283375
1010,1050.45210280152
1011,1051.4257578187
1012,1052.39930665041
1013,1053.37275182096
1014,1054.34609084997
1015,1055.31932625412
1016,1056.2924567863
1017,1057.26548122332
1018,1058.23840210187
1019,1059.21121691736
1020,1060.18392818286
1021,1061.15653468707
1022,1062.1290351944
1023,1063.10143221038
1024,1064.07372324972
1025,1065.04591085009
1026,1066.01799377586
1027,1066.98997078344
1028,1067.9618443907
1029,1068.93361211196
1030,1069.90527649724
1031,1070.87683628693
1032,1071.84829023722
1033,1072.8196408862
1034,1073.79088574807
1035,1074.76202734923
1036,1075.73306317171
1037,1076.70399578975
1038,1077.67482394375
1039,1078.64554739778
1040,1079.61616667024
1041,1080.58668025495
1042,1081.55709071472
1043,1082.52739680166
1044,1083.49759725548
1045,1084.46769464334
1046,1085.43768641851
1047,1086.40757518035
1048,1087.37735965662
1049,1088.34703856707
1050,1089.316614511
1051,1090.28608494159
1052,1091.25545243453
1053,1092.22471574527
1054,1093.19387356545
1055,1094.16292851903
1056,1095.13187803458
1057,1096.10072471618
1058,1097.06946729526
1059,1098.03810446324
1060,1099.00663886841
1061,1099.97506791507
1062,1100.94339423162
1063,1101.91161652137
1064,1102.87973349969
1065,1103.84774780313
1066,1104.8156568277
1067,1105.78346321011
1068,1106.75116565382
1069,1107.71876288559
1070,1108.68625752267
1071,1109.65364696064
1072,1110.62093386057
1073,1111.58811798687
1074,1112.55519589607
1075,1113.52217131477
1076,1114.48904162207
1077,1115.45580947991
1078,1116.42247357902
1079,1117.38903261406
1080,1118.35548925879
1081,1119.32184086843
1082,1120.28809012886
1083,1121.25423572279
1084,1122.22027632862
1085,1123.18621463296
1086,1124.15204799014
1087,1125.11777910262
1088,1126.0834066171
1089,1127.0489292356
1090,1128.01434965719
1091,1128.97966519995
1092,1129.94487857877
1093,1130.9099884718
1094,1131.87499354549
1095,1132.83989651093
1096,1133.80469467791
1097,1134.7693907816
1098,1135.7339834884
1099,1136.6984714522
1100,1137.65302496504
1101,1138.60747061869
1102,1139.56181116212
1103,1140.58929866497
1104,1141.6168084689
1105,1142.64433702862
1106,1143.67188407379
1107,1144.69945233778
1108,1145.72703907926
1109,1146.75464704787
1110,1147.78227487464
1111,1148.80992117893
1112,1149.83758873039
1113,1150.86527476336
1114,1151.89298203575
1115,1152.92070779366
1116,1153.94845481123
1117,1154.97622169532
1118,1156.0040070769
1119,1157.03181481306
1120,1158.05963994009
1121,1159.08748633912
1122,1160.1153526172
1123,1161.14323738856
1124,1162.17114344052
1125,1163.1990679939
1126,1164.22701382381
1127,1165.25497815135
1128,1166.28296377158
1129,1167.31096929123
1130,1168.3389933003
1131,1169.36703862262
1132,1170.39510245032
1133,1171.42318757161
1134,1172.45129232963
1135,1173.47941727792
1136,1174.50756214605
1137,1175.5357255117
1138,1176.56391021137
1139,1177.59211340066
1140,1178.62033794014
1141,1179.64858239552
1142,1180.67684536085
1143,1181.70512968455
1144,1182.73343250199
1145,1183.76175667425
1146,1184.79009935625
1147,1185.81846339729
1148,1186.84684737471
1149,1187.87525100598
1150,1188.90367486467
1151,1189.93211724556
1152,1190.96058099794
1153,1191.98906326828
1154,1193.01756691851
1155,1194.04609052563
1156,1195.07463264717
1157,1196.10319616462
1158,1197.13177820055
1159,1198.16038164082
1160,1199.18900504239
1161,1200.21764696258
1162,1201.24631029531
1163,1202.27499215073
1164,1203.30369658318
1165,1204.33241838222
1166,1205.36116160235
1167,1206.3899248127
1168,1207.41870654579
1169,1208.44750971237
1170,1209.47633139797
1171,1210.50517453331
1172,1211.53403766335
1173,1212.56291931619
1174,1213.59182242755
1175,1214.62074406579
1176,1215.64968716685
1177,1216.6786487911
1178,1217.70763188608
1179,1218.73663615723
1180,1219.76565779875
1181,1220.79470090786
1182,1221.82376256417
1183,1222.85284570433
1184,1223.88194737187
1185,1224.91107053954
1186,1225.94021371516
1187,1226.96937544228
1188,1227.99855865803
1189,1229.02776042939
1190,1230.0569836937
1191,1231.08622700225
1192,1232.11548883904
1193,1233.14477221298
1194,1234.17407529626
1195,1235.20339872793
1196,1236.23274069969
1197,1237.26210422143
1198,1238.29148777226
1199,1239.32088987176
1200,1240.35031352536
1201,1241.37975571979
1202,1242.40921946486
1203,1243.43870326755
1204,1244.46820561129
1205,1245.49772951398
1206,1246.52727198581
1207,1247.55683600896
1208,1248.5864185934
1209,1249.61602394341
1210,1250.64564817041
1211,1251.67529095475
1212,1252.70495531924
1213,1253.73463823744
1214,1254.76434275212
1215,1255.79406582467
1216,1256.82381049806
1217,1257.85357524325
1218,1258.8833585621
1219,1259.91316347878
1220,1260.94298696549
1221,1261.97283205798
1222,1263.00269725089
1223,1264.0325810099
1224,1265.06248759416
1225,1266.0924115382
1226,1267.12235711335
1227,1268.15232126714
1228,1269.18230704799
1229,1270.21231293824
1230,1271.2423373912
1231,1272.2723835042
1232,1273.30244818409
1233,1274.33253451642
1234,1275.36264096642
1235,1276.39276599202
1236,1277.42291267843
1237,1278.45307793618
1238,1279.48326487535
1239,1280.51347160117
1240,1281.54369878973
1241,1282.57394611699
1242,1283.60421201653
1243,1284.63449960603
1244,1285.66480576002
1245,1286.6951336366
1246,1287.72548006141
1247,1288.75584821745
1248,1289.78623650926
1249,1290.81664337005
1250,1291.84707196624
1251,1292.87751912363
1252,1293.90798800884
1253,1294.93847706706
1254,1295.96898591828
1255,1296.99951527427
1256,1298.03006321999
1257,1299.06063291059
1258,1300.09122117114
1259,1301.121831181
1260,1302.152461373
1261,1303.18311013881
1262,1304.21378066306
1263,1305.24446978156
1264,1306.27518065448
1265,1307.30591171438
1266,1308.33666135263
1267,1309.36743277844
1268,1310.39822278685
1269,1311.42903583562
1270,1312.45986621514
1271,1313.49071838264
1272,1314.52159075831
1273,1315.55248170916
1274,1316.58339446916
1275,1317.61432580858
1276,1318.64527897361
1277,1319.6762507223
1278,1320.70724428908
1279,1321.73825805701
1280,1322.76929042098
1281,1323.80034461573
1282,1324.83141739876
1283,1325.86251201705
1284,1326.89362811016
1285,1327.92476153947
1286,1328.95591682027
1287,1329.98709069047
1288,1331.01828640889
1289,1332.04950073649
1290,1333.08073690903
1291,1334.11199331669
1292,1335.14326833044
1293,1336.17456519334
1294,1337.20588067861
1295,1338.23721802955
1296,1339.26857397108
1297,1340.29995181107
1298,1341.33134988349
1299,1342.36276784461
1300,1343.39420641502
1301,1344.42566359275
1302,1345.4571426699
1303,1346.48864200502
1304,1347.52015994359
1305,1348.55169978234
1306,1349.58325823312
1307,1350.6148386006
1308,1351.64643757238
1309,1352.67805846538
1310,1353.70969963776
1311,1354.74135940632
1312,1355.77304111744
1313,1356.80474144533
1314,1357.83646498606
1315,1358.86820752491
1316,1359.89996866469
1317,1360.93175176435
1318,1361.96355348125
1319,1362.99537715056
1320,1364.0272194294
1321,1365.05908367721
1322,1366.09096821459
1323,1367.12287136197
1324,1368.15479649113
1325,1369.18674022256
1326,1370.21870595236
1327,1371.25069028874
1328,1372.282696616
1329,1373.3147245491
1330,1374.34676979886
1331,1375.3788370601
1332,1376.41092292069
1333,1377.44303080159
1334,1378.47515898237
1335,1379.50730579562
1336,1380.53947462144
1337,1381.57166207202
1338,1382.60387153199
1339,1383.63609962452
1340,1384.66834974733
1341,1385.7006201916
1342,1386.73290926548
1343,1387.76522037393
1344,1388.79755142802
1345,1389.8299032096
1346,1390.8622753384
1347,1391.89466608533
1348,1392.92707888429
1349,1393.95951032206
1350,1394.99196381643
1351,1396.02443594194
1352,1397.05693012863
1353,1398.08944467218
1354,1399.12197783878
1355,1400.15453310012
1356,1401.18710698113
1357,1402.21970295287
1358,1403.25231755296
1359,1404.28495557276
1360,1405.31761264677
1361,1406.35028832901
1362,1407.38298612811
1363,1408.41570256389
1364,1409.4484411091
1365,1410.48120002172
1366,1411.51397757156
1367,1412.54677724378
1368,1413.57959555758
1369,1414.61243598633
1370,1415.64529506106
1371,1416.67817626739
1372,1417.71107785859
1373,1418.74399809291
1374,1419.77694181663
1375,1420.80990283012
1376,1421.84288600485
1377,1422.8758895697
1378,1423.90891177057
1379,1424.94195613701
1380,1425.97501915594
1381,1427.00810432529
1382,1428.04120814287
1383,1429.07433414395
1384,1430.10748054492
1385,1431.1406455913
1386,1432.17383282552
1387,1433.2070386975
1388,1434.24026676196
1389,1435.27351484253
1390,1436.30678375067
1391,1437.34007309262
1392,1438.37338107735
1393,1439.40671126016
1394,1440.44006010221
1395,1441.47343115905
1396,1442.50682263958
1397,1443.54023278335
1398,1444.57366513949
1399,1445.60711615557
1400,1446.64058939207
1401,1447.67408128522
1402,1448.70759541551
1403,1449.74113000349
1404,1450.77468460264
1405,1451.80826008606
1406,1452.84185421046
1407,1453.87547059839
1408,1454.90910563606
1409,1455.94276294533
1410,1456.97644071017
1411,1458.01013712103
1412,1459.04385581318
1413,1460.0775931558
1414,1461.1113527844
1415,1462.14513286959
1416,1463.17893161797
1417,1464.21275266539
1418,1465.24659235632
1419,1466.28045572631
1420,1467.31433638105
1421,1468.34823933216
1422,1469.38216276964
1423,1470.41610486444
1424,1471.45006927641
1425,1472.48405232939
1426,1473.51805772069
1427,1474.55208360378
1428,1475.58612813724
1429,1476.62019500134
1430,1477.65428053236
1431,1478.68838839873
1432,1479.72251492442
1433,1480.75666380662
1434,1481.79083456667
1435,1482.82502261074
1436,1483.85923300801
1437,1484.89346206976
1438,1485.92771347736
1439,1486.96198356599
1440,1487.99627600521
1441,1489.03058897714
1442,1490.06492061435
1443,1491.09927461529
1444,1492.13364729037
1445,1493.16804234598
1446,1494.20245793981
1447,1495.23689218768
1448,1496.27134883797
1449,1497.3058255641
1450,1498.34032327576
1451,1499.3748396592
1452,1500.40937844582
1453,1501.44393778081
1454,1502.47851577953
1455,1503.51311620336
1456,1504.54773528335
1457,1505.58237680529
1458,1506.61703886468
1459,1507.65171959304
1460,1508.68642276445
1461,1509.72114460934
1462,1510.75588888996
1463,1511.7906518365
1464,1512.82543866136
1465,1513.8602446159
1466,1514.89506925794
1467,1515.92675686841
1468,1516.90890878201
1469,1517.89100592031
1470,1518.87304160177
1471,1519.85502247408
1472,1520.83694186733
1473,1521.81880641756
1474,1522.80060945442
1475,1523.78235763855
1476,1524.7640442794
1477,1525.74567411941
1478,1526.72724619714
1479,1527.70875954665
1480,1528.69021509982
1481,1529.67161189063
1482,1530.65295087522
1483,1531.63423106333
1484,1532.61545341114
1485,1533.59661694043
1486,1534.57772258326
1487,1535.55876939761
1488,1536.53975830352
1489,1537.52068833474
1490,1538.50156043553
1491,1539.48237362748
1492,1540.46312886702
1493,1541.44382516358
1494,1542.42446155504
1495,1543.40504284729
1496,1544.38556226072
1497,1545.36602654546
1498,1546.34642891703
1499,1547.32677615021
1500,1548.30706143589
1501,1549.28729154928
1502,1550.26746114464
1503,1551.24757263038
1504,1552.22762502767
1505,1553.20761928124
1506,1554.1875544243
1507,1555.16743140166
1508,1556.14724922224
1509,1557.12700885514
1510,1558.1067093092
1511,1559.08635154147
1512,1560.06593457727
1513,1561.04545739224
1514,1562.02492490532
1515,1563.00433021933
1516,1563.98368018544
1517,1564.96296793022
1518,1565.9422003174
1519,1566.92137043679
1520,1567.90048517678
1521,1568.87953761461
1522,1569.85853465122
1523,1570.83746936343
1524,1571.81634864051
1525,1572.7951655588
1526,1573.77392703227
1527,1574.75262611259
1528,1575.73126970205
1529,1576.70985088821
1530,1577.68837458029
1531,1578.66683978984
1532,1579.64524550521
1533,1580.62359270836
1534,1581.60188038315
1535,1582.58010952371
1536,1583.55827910173
1537,1584.53639013562
1538,1585.51444157279
1539,1586.49243441959
1540,1587.4703676597
1541,1588.44824228744
1542,1589.4260572743
1543,1590.40381362678
1544,1591.38151030419
1545,1592.35914831308
1546,1593.33672662483
1547,1594.31424624606
1548,1595.29170614037
1549,1596.26910530641
1550,1597.24644874163
1551,1598.22372940744
1552,1599.20095432062
1553,1600.17811641787
1554,1601.1552227528
1555,1602.1322662495
1556,1603.10925394994
1557,1604.08617878988
1558,1605.06304779962
1559,1606.03985392658
1560,1607.01660418939
1561,1607.99329153501
1562,1608.96992301891
1563,1609.94649153909
1564,1610.92300417573
1565,1611.89945381423
1566,1612.87584551069
1567,1613.85217976786
1568,1614.82845098901
1569,1615.80466627206
1570,1616.78081847701
1571,1617.75691472203
1572,1618.73294786666
1573,1619.70892501741
1574,1620.68483903335
1575,1621.66069704571
1576,1622.63649190096
1577,1623.61223071869
1578,1624.58790633275
1579,1625.56352589959
1580,1626.53908224047
1581,1627.51458251229
1582,1628.49001952374
1583,1629.46540043217
1584,1630.44071805791
1585,1631.41597750107
1586,1632.39117774707
1587,1633.36631772185
1588,1634.34139849403
1589,1635.31641894863
1590,1636.29138016647
1591,1637.26628105674
1592,1638.24112268824
1593,1639.21590395793
1594,1640.19062593468
1595,1641.16528753965
1596,1642.13988981751
1597,1643.11443168935
1598,1644.08891422418
1599,1645.06333630663
1600,1646.03769904216
1601,1647.01200130319
1602,1647.98624208337
1603,1648.96042655883
1604,1649.934547427
1605,1650.90861196416
1606,1651.88261287619
1607,1652.85655742323
1608,1653.83043831069
1609,1654.8042628356
1610,1655.77802365435
1611,1656.75172808871
1612,1657.72536879459
1613,1658.6989530821
1614,1659.67247361881
1615,1660.64593771533
1616,1661.61933803874
1617,1662.59268188796
1618,1663.56596192961
1619,1664.53918548738
1620,1665.51234520312
1621,1666.4854463044
1622,1667.4584877633
1623,1668.43146845591
1624,1669.40438948857
1625,1670.37724973283
1626,1671.3500502951
1627,1672.3227900347
1628,1673.29547007028
1629,1674.26808924891
1630,1675.24065026864
1631,1676.21314728712
1632,1677.18558767978
1633,1678.15796403671
1634,1679.13028374598
1635,1680.10253938505
1636,1681.07473837892
1637,1682.04687326811
1638,1683.01894932723
1639,1683.99096554128
1640,1684.96292077222
1641,1685.93481613154
1642,1686.90665047798
1643,1687.87842493074
1644,1688.85013833635
1645,1689.82179182623
1646,1690.79338425899
1647,1691.76491674182
1648,1692.73638812109
1649,1693.70779955268
1650,1694.67914984644
1651,1695.65044015832
1652,1696.62166932239
1653,1697.59283848253
1654,1698.56394646058
1655,1699.53499440049
1656,1700.50598113617
1657,1701.47690564731
1658,1702.44777327748
1659,1703.41857647988
1660,1704.38932277497
1661,1705.36000460013
1662,1706.33062952046
1663,1707.30118993636
1664,1708.27169341341
1665,1709.24213237587
1666,1710.21251436547
1667,1711.18283180597
1668,1712.1530922761
1669,1713.12328815046
1670,1714.0934270326
1671,1715.06350130879
1672,1716.03351855875
1673,1717.00347116826
1674,1717.97336453979
1675,1718.94319764048
1676,1719.91296928367
1677,1720.88268061728
1678,1721.8523304789
1679,1722.82192001339
1680,1723.79144804158
1681,1724.7609157206
1682,1725.73032185903
1683,1726.69966765055
1684,1727.668951855
1685,1728.63817569049
1686,1729.60733792894
1687,1730.57643975204
1688,1731.54547995596
1689,1732.51445973463
1690,1733.483377872
1691,1734.45223554988
1692,1735.42103155214
1693,1736.38976485726
1694,1737.35844092471
1695,1738.32705365969
1696,1739.29560588005
1697,1740.26409636944
1698,1741.23252632214
1699,1742.20089450955
1700,1743.16920215039
1701,1744.13744799163
1702,1745.10563326423
1703,1746.07375672726
1704,1747.04181958742
1705,1748.00982060369
1706,1748.97776099503
1707,1749.94563953252
1708,1750.91345742301
1709,1751.88121342533
1710,1752.84890649303
1711,1753.81654216935
1712,1754.78411264001
1713,1755.75162568073
1714,1756.71907350105
1715,1757.68646386195
1716,1758.6537889801
1717,1759.62105662914
1718,1760.58825898873
1719,1761.55540385736
1720,1762.52248341416
1721,1763.48950548253
1722,1764.45646219235
1723,1765.42336139188
1724,1766.39019521051
1725,1767.35697148481
1726,1768.32368236802
1727,1769.29033569726
1728,1770.25692358867
1729,1771.22345161291
1730,1772.1899187642
1731,1773.15632374262
1732,1774.12266779709
1733,1775.08894967328
1734,1776.05517060346
1735,1777.02132932102
1736,1777.98742708269
1737,1778.9534626096
1738,1779.91943714637
1739,1780.88534943841
1740,1781.85120070606
1741,1782.81698969464
1742,1783.78271764895
1743,1784.74838330205
1744,1785.713987911
1745,1786.6795301722
1746,1787.64500906239
1747,1788.61043020449
1748,1789.57578563634
1749,1790.54108330283
1750,1791.50631523214
1751,1792.47148938187
1752,1793.43659776442
1753,1794.40164834554
1754,1795.36663313712
1755,1796.33156010541
1756,1797.29642124959
1757,1798.26122454865
1758,1799.22596201342
1759,1800.19064161121
1760,1801.15525702379
1761,1802.11981119246
1762,1803.08430282511
1763,1804.04873319177
1764,1805.01310100025
1765,1805.97740519005
1766,1806.9416514608
1767,1807.90583176457
1768,1808.86995413508
1769,1809.83401048726
1770,1810.79800890111
1771,1811.76194127425
1772,1812.72581567501
1773,1813.68962402489
1774,1814.65337436834
1775,1815.61705865075
1776,1816.58068490488
1777,1817.54424505118
1778,1818.50774718397
1779,1819.47118316214
1780,1820.43456110496
1781,1821.39787287079
1782,1822.36112422306
1783,1823.32431410088
1784,1824.28744117459
1785,1825.25050675636
1786,1826.21350950728
1787,1827.17645073961
1788,1828.13932912352
1789,1829.10214597898
1790,1830.06489993945
1791,1831.02759236161
1792,1831.99022187884
1793,1832.95278981126
1794,1833.91529482881
1795,1834.8777382395
1796,1835.84011871315
1797,1836.80243755787
1798,1837.76469343118
1799,1838.72688767793
1800,1839.6890189189
1801,1840.65108611678
1802,1841.61309506344
1803,1842.57503755491
1804,1843.53692179316
1805,1844.49873953702
1806,1845.4604989982
1807,1846.42219195484
1808,1847.38382660694
1809,1848.34539473212
1810,1849.30690453092
1811,1850.26834776821
1812,1851.22973268172
1813,1852.19105099911
1814,1853.15231095866
1815,1854.11350431194
1816,1855.07463929775
1817,1856.03570763046
1818,1856.99671516585
1819,1857.95766086623
1820,1858.91854332706
1821,1859.87936393543
1822,1860.84012127748
1823,1861.80081847639
1824,1862.76144891943
1825,1863.72202093339
1826,1864.68252618131
1827,1865.64297296609
1828,1866.60335296245
1829,1867.56367448606
1830,1868.52392918664
1831,1869.4895701969
1832,1870.58101711776
1833,1871.67252288272
1834,1872.764080834
1835,1873.85569158986
1836,1874.94736106619
1837,1876.03908258002
1838,1877.13085922046
1839,1878.22268954062
1840,1879.3145766498
1841,1880.40651385336
1842,1881.49850951309
1843,1882.59055692018
1844,1883.68265673142
1845,1884.77481486278
1846,1885.86702460478
1847,1886.95928906128
1848,1888.05160679552
1849,1889.14398091007
1850,1890.23640470826
1851,1891.32888654211
1852,1892.42141971297
1853,1893.5140048778
1854,1894.60664794968
1855,1895.69934223096
1856,1896.79209081251
1857,1897.88489225708
1858,1898.9777496943
1859,1900.07065636255
1860,1901.16362070201
1861,1902.25663594022
1862,1903.34970700482
1863,1904.44282709656
1864,1905.53600220997
1865,1906.62923301321
1866,1907.72251270631
1867,1908.81584976981
1868,1909.90923741106
1869,1911.00267878512
1870,1912.09617241731
1871,1913.18972146137
1872,1914.2833191299
1873,1915.37697140526
1874,1916.47067896799
1875,1917.56443500552
1876,1918.65824802369
1877,1919.7521111834
1878,1920.84602768963
1879,1921.93999603048
1880,1923.03401939733
1881,1924.1280909517
1882,1925.22221672205
1883,1926.31639737858
1884,1927.41062609264
1885,1928.50491138482
1886,1929.59924641569
1887,1930.6936343894
1888,1931.78807376905
1889,1932.88256779769
1890,1933.977109584
1891,1935.07170771154
1892,1936.16635527819
1893,1937.26105300118
1894,1938.35580691623
1895,1939.45061015728
1896,1940.54546592478
1897,1941.64037270755
1898,1942.73533373558
1899,1943.83034389264
1900,1944.92540641049
1901,1946.02051975148
1902,1947.11568462094
1903,1948.21090172602
1904,1949.30616951665
1905,1950.40149124806
1906,1951.49685997791
1907,1952.5922843678
1908,1953.68775746109
1909,1954.78328252724
1910,1955.87885800361
1911,1956.97448459566
1912,1958.070163023
1913,1959.16589173037
1914,1960.26167398798
1915,1961.35750282506
1916,1962.4533869303
1917,1963.54931933443
1918,1964.64530329385
1919,1965.74133726989
1920,1966.83742195774
1921,1967.93355808765
1922,1969.02974408401
1923,1970.1259832425
1924,1971.22226855341
1925,1972.3186087571
1926,1973.41499683307
1927,1974.51143607078
1928,1975.60792492059
1929,1976.70446667703
1930,1977.80105427988
1931,1978.89769394548
1932,1979.99438639222
1933,1981.09112455916
1934,1982.18791724013
1935,1983.28475737388
1936,1984.3816501085
1937,1985.47858839619
1938,1986.57558101782
1939,1987.67262091121
1940,1988.76970879627
1941,1989.86685090968
1942,1990.9640401535
1943,1992.06127987266
1944,1993.15856846572
1945,1994.25590926754
1946,1995.35329518949
1947,1996.45073508872
1948,1997.54822182904
1949,1998.64575617784
1950,1999.74334435375
1951,2000.8409792567
1952,2001.93866423255
1953,2003.03639767935
1954,2004.13418295748
1955,2005.23201293461
1956,2006.32989649691
1957,2007.42782650415
1958,2008.52580632742
1959,2009.62383435397
1960,2010.72191132705
1961,2011.8200379777
1962,2012.91821269302
1963,2014.01643885709
1964,2015.11470929096
1965,2016.21303294485
1966,2017.31140262723
1967,2018.4098217347
1968,2019.50828865401
1969,2020.60680409931
1970,2021.70536884053
1971,2022.80398125011
1972,2023.90264471309
1973,2025.00135203792
1974,2026.10011221246
1975,2027.19891799383
1976,2028.29777467384
1977,2029.39667503352
1978,2030.49562538293
1979,2031.59462651699
1980,2032.69367117913
1981,2033.79276838383
1982,2034.89191090068
1983,2035.99110214031
1984,2037.09034046208
1985,2038.18962930352
1986,2039.28896138952
1987,2040.38834577514
1988,2041.48777520201
1989,2042.58725040146
1990,2043.68677778655
1991,2044.78635007358
1992,2045.88597068645
1993,2046.9856379982
1994,2048.08535543314
1995,2049.18511570639
1996,2050.28492790028
1997,2051.38478471733
1998,2052.48468692594
1999,2053.58464094106
2000,2054.68463943513
2001,2055.78468589646
2002,2056.88477863415
2003,2057.98492111037
2004,2059.08510602768
2005,2060.18534249375
2006,2061.28562317198
2007,2062.38594883288
2008,2063.48632594057
2009,2064.58674710849
2010,2065.68721586286
2011,2066.78773048764
2012,2067.88829449521
2013,2068.98890239446
2014,2070.08955769306
2015,2071.19025870129
2016,2072.29100890737
2017,2073.39180094715
2018,2074.49264127623
2019,2075.59353068853
2020,2076.69446178222
2021,2077.79544377019
2022,2078.8964692626
2023,2079.9975417606
2024,2081.09865956161
2025,2082.19982619178
2026,2083.30103423548
2027,2084.40229019946
2028,2085.50359484844
2029,2086.60494079262
2030,2087.70633725796
2031,2088.80777680312
2032,2089.90926298149
2033,2091.01079407564
2034,2092.11237361275
2035,2093.21399416459
2036,2094.31566223785
2037,2095.41737863914
2038,2096.51913590254
2039,2097.6209433306
2040,2098.72279343047
2041,2099.82468979351
2042,2100.92663066002
2043,2102.02861960946
2044,2103.13064914777
2045,2104.23272860396
2046,2105.33485047336
2047,2106.43701556232
2048,2107.53923044193
2049,2108.64148761907
2050,2109.74379258114
2051,2110.84613780767
2052,2111.9485326688
2053,2113.05096963139
2054,2114.15345228631
2055,2115.25597889215
2056,2116.35855025568
2057,2117.46116718376
2058,2118.56382792249
2059,2119.66653607101
2060,2120.76928409628
2061,2121.87208138149
2062,2122.97492036657
2063,2124.07780467011
2064,2125.18073252345
2065,2126.28370474588
2066,2127.38672215885
2067,2128.48978299353
2068,2129.59289086721
2069,2130.69603819525
2070,2131.79923443757
2071,2132.90247195785
2072,2134.00575443735
2073,2135.10908006508
2074,2136.21245249807
2075,2137.31586411112
2076,2138.41932155497
2077,2139.52282568852
2078,2140.62636886111
2079,2141.72996057245
2080,2142.83359318595
2081,2143.93727036955
2082,2145.04099030415
2083,2146.1447566725
2084,2147.24856183474
2085,2148.35241243124
2086,2149.45630935812
2087,2150.56024685695
2088,2151.6642286479
2089,2152.76825288676
2090,2153.87232326735
2091,2154.9764321131
2092,2156.08058897707
2093,2157.18478615559
2094,2158.28902451984
2095,2159.39331078666
2096,2160.49763723925
2097,2161.60200758652
2098,2162.70642000834
2099,2163.8108781996
2100,2164.91537444439
2101,2166.01991834314
2102,2167.12450219192
2103,2168.2291268107
2104,2169.33379896762
2105,2170.43851092099
2106,2171.54326640336
2107,2172.64806355698
2108,2173.75290611697
2109,2174.85778633827
2110,2175.96271385362
2111,2177.06768090743
2112,2178.17269123297
2113,2179.2777429721
2114,2180.38283700905
2115,2181.48797418419
2116,2182.59315265367
2117,2183.69837616388
2118,2184.80363691803
2119,2185.90894462794
2120,2187.01429147178
2121,2188.11968120859
2122,2189.22511198177
2123,2190.33058466132
2124,2191.43610209311
2125,2192.54165648065
2126,2193.6472575235
2127,2194.75289738562
2128,2195.85857987846
2129,2196.96430309341
2130,2198.07007082785
2131,2199.1758752343
2132,2200.28172314373
2133,2201.38761546588
2134,2202.49354431326
2135,2203.59951947474
2136,2204.70553306468
2137,2205.81158891817
2138,2206.91768510129
2139,2208.02382543938
2140,2209.13000205572
2141,2210.23622472875
2142,2211.34248559596
2143,2212.4487855276
2144,2213.55513139951
2145,2214.66151532367
2146,2215.76794111905
2147,2216.87440687802
2148,2217.98091643723
2149,2219.08746185575
2150,2220.19405299125
2151,2221.30068192722
2152,2222.40734953413
2153,2223.51406274148
2154,2224.62081360721
2155,2225.72760598097
2156,2226.83443792982
2157,2227.94131330385
2158,2229.04822415975
2159,2230.15518037047
2160,2231.26217397512
2161,2232.3692079114
2162,2233.47628305032
2163,2234.58339746861
2164,2235.6905550442
2165,2236.79774779479
2166,2237.9049856181
2167,2239.0122605461
2168,2240.11957644242
2169,2241.22693135863
2170,2242.33432919815
2171,2243.44176193996
2172,2244.54923655244
2173,2245.65675395878
2174,2246.76430613231
2175,2247.87190305011
2176,2248.9795366653
2177,2250.08721089208
2178,2251.19492377131
2179,2252.30267919289
2180,2253.41046912102
2181,2254.51830056548
2182,2255.62617444746
2183,2256.73408269324
2184,2257.84203533234
2185,2258.95002429068
2186,2260.05805348361
2187,2261.16612095136
2188,2262.27423061722
2189,2263.3823743957
2190,2264.49055932114
2191,2265.59878630258
2192,2266.70704729087
2193,2267.81535230387
2194,2268.92369325267
2195,2270.03207408077
2196,2271.13419826125
2197,2272.24291743243
2198,2273.35167088843
2199,2274.46046665852
2200,2275.56929456755
2201,2276.67816265259
2202,2277.78706785876
2203,2278.89600707896
2204,2280.00498839325
2205,2281.11400160006
2206,2282.22305475502
2207,2283.33214175431
2208,2284.44126859379
2209,2285.55043221786
2210,2286.65963158678
2211,2287.76886862769
2212,2288.87813925424
2213,2289.9874495004
2214,2291.09679326328
2215,2292.20617653772
2216,2293.31559528144
2217,2294.42505140231
2218,2295.53454387507
2219,2296.64406961804
2220,2297.7536346518
2221,2298.8632328398
2222,2299.97287229662
2223,2301.08254277241
2224,2302.1922523449
2225,2303.30199795688
2226,2304.41177647639
2227,2305.52159397486
2228,2306.63144635886
2229,2307.7413355617
2230,2308.85125748455
2231,2309.96121822674
2232,2311.07121464126
2233,2312.18124363749
2234,2313.29131335788
2235,2314.4014134941
2236,2315.51155220365
2237,2316.62172328994
2238,2317.73193287093
2239,2318.84217678247
2240,2319.95245703521
2241,2321.0627725535
2242,2322.17312020135
2243,2323.28350611008
2244,2324.3939240445
2245,2325.50438224393
2246,2326.6148702948
2247,2327.72539641944
2248,2328.83595749631
2249,2329.94655035147
2250,2331.05718116721
2251,2332.1678457529
2252,2333.27854610754
2253,2334.3892780672
2254,2335.50004778283
2255,2336.61085212469
2256,2337.7216879057
2257,2338.83256341298
2258,2339.94346819411
2259,2341.05441049693
2260,2342.16538407788
2261,2343.27639510165
2262,2344.38743728706
2263,2345.49851893281
2264,2346.60963266093
2265,2347.72077743174
2266,2348.83195941089
2267,2349.9431723286
2268,2351.0544223633
2269,2352.16570532426
2270,2353.2770232488
2271,2354.38837503286
2272,2355.49975749503
2273,2356.61117687674
2274,2357.72262893694
2275,2358.83411572565
2276,2359.94563299893
2277,2361.05718700636
2278,2362.1687745588
2279,2363.2803924617
2280,2364.39204905539
2281,2365.50373379279
2282,2366.61545505425
2283,2367.72720646003
2284,2368.83899429835
2285,2369.95081534208
2286,2371.06266851374
2287,2372.17455585168
2288,2373.28647312268
2289,2374.39842657868
2290,2375.51040985091
2291,2376.62242923642
2292,2377.73448046681
2293,2378.84656559078
2294,2379.95868352318
2295,2381.07083103551
2296,2382.18301444318
2297,2383.29522732628
2298,2384.40747811926
2299,2385.51975620681
2300,2386.63206998397
2301,2387.74441624176
2302,2388.85679175089
2303,2389.96920283565
2304,2391.0816452011
2305,2392.19412092153
2306,2393.3066257189
2307,2394.41916589097
2308,2395.53173822301
2309,2396.64434161184
2310,2397.75697813201
2311,2398.86964347997
2312,2399.9823439917
2313,2401.09507323399
2314,2402.20783757057
2315,2403.32063266521
2316,2404.43346062517
2317,2405.54632034451
2318,2406.6592085376
2319,2407.77213160394
2320,2408.88508307155
2321,2409.99807144316
2322,2411.11108599363
2323,2412.224135231
2324,2413.33721588661
2325,2414.45032470636
2326,2415.56346808125
2327,2416.67664166087
2328,2417.78984759055
2329,2418.90308146969
2330,2420.0163497398
2331,2421.12964910913
2332,2422.24297632031
2333,2423.35633992154
2334,2424.46972912136
2335,2425.58315248074
2336,2426.6966034721
2337,2427.81008853836
2338,2428.92360116648
2339,2430.03714992363
2340,2431.1507272321
2341,2432.26433194739
2342,2433.37797051343
2343,2434.4916364037
2344,2435.60533605997
2345,2436.71906508708
2346,2437.83282563641
2347,2438.94661657851
2348,2440.06043459461
2349,2441.17428616483
2350,2442.28816686839
2351,2443.4020788943
2352,2444.51601779644
2353,2445.62999008058
2354,2446.74399242762
2355,2447.85802154291
2356,2448.97208604794
2357,2450.08617505124
2358,2451.20029721198
2359,2452.31444595046
2360,2453.42862775159
2361,2454.54283602021
2362,2455.65707944926
2363,2456.77135036071
2364,2457.88564761166
2365,2458.99997772539
2366,2460.11433406834
2367,2461.22872318162
2368,2462.34314059695
2369,2463.45758854945
2370,2464.57206583148
2371,2465.68656912177
2372,2466.80110496991
2373,2467.91566671592
2374,2469.03026311826
2375,2470.14488315951
2376,2471.25953558099
2377,2472.3742170362
2378,2473.4889241631
2379,2474.60366355512
2380,2475.7184307048
2381,2476.83322783065
2382,2477.94805046468
2383,2479.06290518104
2384,2480.17778528766
2385,2481.29269957574
2386,2482.40764030185
2387,2483.52260629731
2388,2484.63760416216
2389,2485.75262719082
2390,2486.86768199619
2391,2487.98276407688
2392,2489.09787564949
2393,2490.21301554537
2394,2491.32818037845
2395,2492.4433767751498
2396,2493.55859802835
2397,2494.67385293254
2398,2495.78913041493
2399,2496.90443928549
2400,2498.01977616757
2401,2499.13513765446
2402,2500.25053041137
2403,2501.36594989273
2404,2502.48139835597
2405,2503.59687123988
2406,2504.71237523068
2407,2505.82790356132
2408,2506.94346289354
2409,2508.05905203066
2410,2509.17466318556
2411,2510.29030520891
2412,2511.40597134503
2413,2512.52166826914
2414,2513.63738922511
2415,2514.75314308989
2416,2515.8689220502
2417,2516.9847248836
2418,2518.10055831623
2419,2519.21641552853
2420,2520.33230543621
2421,2521.44821685856
2422,2522.56415867156
2423,2523.68012749127
2424,2524.79611986324
2425,2525.9121425151
2426,2527.02819085777
2427,2528.14426718765
2428,2529.26036690537
2429,2530.37649671917
2430,2531.49264983976
2431,2532.60883297578
2432,2533.72504493231
2433,2534.84127782913
2434,2535.95754062039
2435,2537.07382647827
2436,2538.1901421499
2437,2539.30648078948
2438,2540.42285139264
2439,2541.53924605029
2440,2542.65566355922
2441,2543.7721106676
2442,2544.88858052112
2443,2546.00507989333
2444,2547.12160414525
2445,2548.23815561197
2446,2549.3547330576
2447,2550.47133302037
2448,2551.58796229983
2449,2552.7046140101
2450,2553.82129717516
2451,2554.93800043853
2452,2556.05473285458
2453,2557.17149095336
2454,2558.28827124228
2455,2559.40508278419
2456,2560.52191420827
2457,2561.63877455786
2458,2562.75565694231
2459,2563.87256816626
2460,2564.9895013289
2461,2566.10646547953
2462,2567.22345269853
2463,2568.340461699
2464,2569.45749935415
2465,2570.57455869685
2466,2571.69164660814
2467,2572.80875837068
2468,2573.92589636835
2469,2575.04305935962
2470,2576.16024380983
2471,2577.27745662607
2472,2578.39469082994
2473,2579.51195553658
2474,2580.62923931403
2475,2581.74655125281
2476,2582.86388788311
2477,2583.98124568475
2478,2585.09863153854
2479,2586.21604071789
2480,2587.33347562005
2481,2588.4509315179
2482,2589.56841529314
2483,2590.68591997736
2484,2591.80345246799
2485,2592.92101150264
2486,2594.03858905531
2487,2595.15619428239
2488,2596.27382017689
2489,2597.39147368728
2490,2598.50915003988
2491,2599.62685165314
2492,2600.74457725165
2493,2601.86232328836
2494,2602.98009673783
2495,2604.09789053868
2496,2605.215713933
2497,2606.33355532252
2498,2607.45142394971
2499,2608.56931625183
2500,2609.68722870605
2501,2610.80516826343
2502,2611.92313013594
2503,2613.04111676789
2504,2614.15912335821
2505,2615.27715689635
2506,2616.39521030875
2507,2617.51329056996
2508,2618.63139642453
2509,2619.74951973254
2510,2620.86766977233
2511,2621.98583948173
2512,2623.10403582384
2513,2624.22225174115
2514,2625.34049651052
2515,2626.45876201128
2516,2627.57704692909
2517,2628.69535830604
2518,2629.81368901584
2519,2630.93204609813
2520,2632.05042472004
2521,2633.16882733173
2522,2634.28725265933
2523,2635.40569711479
2524,2636.52416772638
2525,2637.64265737131
2526,2638.76117537996
2527,2639.87971005817
2528,2640.99827072707
2529,2642.11685025495
2530,2643.2354557044
2531,2644.35408577346
2532,2645.47273225648
2533,2646.59140456364
2534,2647.710095487
2535,2648.8288121403
2536,2649.94754732767
2537,2651.06631045328
2538,2652.18509330736
2539,2653.3038945774
2540,2654.42272137315
2541,2655.54156648501
2542,2656.66043702833
2543,2657.779328121
2544,2658.89824225538
2545,2660.01717813151
2546,2661.13613210572
2547,2662.25511133197
2548,2663.37410856153
2549,2664.49313324703
2550,2665.61217356057
2551,2666.73123895223
2552,2667.85032218041
2553,2668.96943040487
2554,2670.08855997686
2555,2671.20770958043
2556,2672.32688173387
2557,2673.44607151801
2558,2674.56528609375
2559,2675.68451820531
2560,2676.80377502655
2561,2677.92167777722
2562,2679.2143157094
2563,2680.50708318734
2564,2681.79998373609
2565,2683.09301007757
2566,2684.38616573892
2567,2685.67945425068
2568,2686.97286831635
2569,2688.26641147371
2570,2689.56008727351
2571,2690.85388840601
2572,2692.14781839678
2573,2693.44188081455
2574,2694.73606832603
2575,2696.0303844873
2576,2697.32483284973
2577,2698.61940607712
2578,2699.91410772068
2579,2701.20894134463
2580,2702.50389962458
2581,2703.79898609217
2582,2705.09420432665
2583,2706.38954697048
2584,2707.68501758805
2585,2708.98061975673
2586,2710.27634610055
2587,2711.57220019677
2588,2712.86818562305
2589,2714.1642950079
2590,2715.4605319185
2591,2716.75689995058
2592,2718.05339168913
2593,2719.35001073708
2594,2720.64676068527
2595,2721.94363413053
2596,2723.24063466357
2597,2724.5377658682
2598,2725.83502034267
2599,2727.13240167066
2600,2728.42991346872
2601,2729.72754830716
2602,2731.02530977731
2603,2732.32320149604
2604,2733.6212160204
2605,2734.9193569723
2606,2736.21762794602
2607,2737.51602384825
2608,2738.81454359319
2609,2740.113193156
2610,2741.41196507973
2611,2742.71086296921
2612,2744.00989046736
2613,2745.30904008405
2614,2746.60831545167
2615,2747.90772019357
2616,2749.20724685132
2617,2750.50689903041
2618,2751.80668036183
2619,2753.10658338644
2620,2754.40661171004
2621,2755.7067689817
2622,2757.00704770605
2623,2758.30745150694
2624,2759.60798404111
2625,2760.9086377978
2626,2762.20941643359
2627,2763.51032356792
2628,2764.81135170182
2629,2766.11250449744
2630,2767.41378557663
2631,2768.71518741981
2632,2770.01671369679
2633,2771.31836805273
2634,2772.6201429621
2635,2773.92204206992
2636,2775.22406903423
2637,2776.52621632876
2638,2777.82848761664
2639,2779.13088654577
2640,2780.43340556929
2641,2781.73604835795
2642,2783.038818583
2643,2784.34170866649
2644,2785.64472230463
2645,2786.94786316896
2646,2788.2511236735
2647,2789.55450749175
2648,2790.85801832593
2649,2792.1616485715
2650,2793.46540192535
2651,2794.76928207221
2652,2796.07328141937
2653,2797.37740363892
2654,2798.68165244627
2655,2799.98602022496
2656,2801.2905106526
2657,2802.59512745229
2658,2803.89986300472
2659,2805.20472099516
2660,2806.50970513446
2661,2807.8148101769
2662,2809.12003507732
2663,2810.4253858981
2664,2811.73085501112
2665,2813.03644614001
2666,2814.34216299626
2667,2815.64799792067
2668,2816.9539546246
2669,2818.26003684502
2670,2819.56623691465
2671,2820.87255854727
2672,2822.17900548541
2673,2823.48557004324
2674,2824.79225594535
2675,2826.09906694193
2676,2827.40599533384
2677,2828.71304485857
2678,2830.02021925932
2679,2831.32751082568
2680,2832.6349233133
2681,2833.94246046046
2682,2835.25011455395
2683,2836.55788935705
2684,2837.86578859582
2685,2839.17380455628
2686,2840.4819448419
2687,2841.79020168994
2688,2843.09857888211
2689,2844.40708015755
2690,2845.71569780107
2691,2847.02443555168
2692,2848.3332971866
2693,2849.64227495215
2694,2850.95137263069
2695,2852.26059396406
2696,2853.56993121568
2697,2854.87938813781
2698,2856.18896853349
2699,2857.4986646098
2700,2858.80848014449
2701,2860.11841892835
2702,2861.42847318556
2703,2862.73864668365
2704,2864.04894321902
2705,2865.35935499725
2706,2866.66988580933
2707,2867.98053944672
2708,2869.29130810166
2709,2870.60219556548
2710,2871.91320564254
2711,2873.22433052964
2712,2874.53557400784
2713,2875.84693988715
2714,2877.15842035829
2715,2878.47002161676
2716,2879.78174264811
2717,2881.09357803314
2718,2882.40553158934
2719,2883.7176071274
2720,2885.02979680078
2721,2886.3421044326
2722,2887.65453381599
2723,2888.96707712683
2724,2890.27973815811
2725,2891.59252075366
2726,2892.90541705081
2727,2894.21843087339
2728,2895.53156602978
2729,2896.84481466185
2730,2898.15818060105
2731,2899.4716676667
2732,2900.78526799461
2733,2902.09898541657
2734,2903.41282375223
2735,2904.72677514197
2736,2906.04084338209
2737,2907.35503234827
2738,2908.66933413703
2739,2909.98375256823
2740,2911.29829152517
2741,2912.61294306582
2742,2913.92771104817
2743,2915.24259933598
2744,2916.55759998844
2745,2917.87271686915
2746,2919.18795384953
2747,2920.50330297342
2748,2921.81876812466
2749,2923.13435313719
2750,2924.4500501045
2751,2925.76586286569
2752,2927.0817952948
2753,2928.39783943946
2754,2929.7139991716
2755,2931.03027836364
2756,2932.34666904452
2757,2933.66317511172
2758,2934.9798004254
2759,2936.29653701906
2760,2937.61338876725
2761,2938.93035956102
2762,2940.24744141515
2763,2941.56463821522
2764,2942.88195385986
2765,2944.19938032531
2766,2945.51692153528
2767,2946.83458138148
2768,2948.1523518413
2769,2949.47023927692
2770,2950.78824267176
2771,2952.10635647102
2772,2953.4245845739
2773,2954.74293089268
2774,2956.06138740126
2775,2957.37995799192
2776,2958.69864660441
2777,2960.01744516679
2778,2961.33635761676
2779,2962.65538785468
2780,2963.9745278529
2781,2965.29378151166
2782,2966.6131527695
2783,2967.93263354754
2784,2969.25222778955
2785,2970.57193941111
2786,2971.89176035052
2787,2973.21169453394
2788,2974.53174588798
2789,2975.85190633222
2790,2977.17217981838
2791,2978.49257027343
2792,2979.81306960891
2793,2981.13368175355
2794,2982.45441066525
2795,2983.77524823682
2796,2985.09619842064
2797,2986.41726515702
2798,2987.73844035058
2799,2989.05972792883
2800,2990.381131863
2801,2991.70264402099
2802,2993.02426836126
2803,2994.34600885002
2804,2995.66785733986
2805,2996.98981782211
2806,2998.31189422546
2807,2999.63407843958
2808,3000.95637441102
2809,3002.27878610859
2810,3003.60130538867
2811,3004.92393621803
2812,3006.24668257658
2813,3007.56953630191
2814,3008.89250136116
2815,3010.21558174718
2816,3011.53876927695
2817,3012.86206794504
2818,3014.18548172481
2819,3015.50900242705
2820,3016.83263405746
2821,3018.15638059698
2822,3019.48023635556
2823,3020.80420031419
2824,3022.12827899731
2825,3023.45246416548
2826,3024.77675984311
2827,3026.10117002448
2828,3027.42568648015
2829,3028.75031322949
2830,3030.07505427976
2831,3031.3999013881
2832,3032.72485859226
2833,3034.04992988908
2834,3035.37510702765
2835,3036.70039405332
2836,3038.0257949488
2837,3039.3513014949
2838,3040.67691771207
2839,3042.002647596
2840,3043.32848291947
2841,3044.65442769248
2842,3045.98048594175
2843,3047.30664940859
2844,3048.63292210154
2845,3049.95930809279
2846,3051.28579907235
2847,3052.61240319363
2848,3053.93911217677
2849,3055.26593004535
2850,3056.59286086494
2851,3057.91989631156
2852,3059.24704044524
2853,3060.57429731386
2854,3061.90165861791
2855,3063.22912839251
2856,3064.55671069854
2857,3065.88439722847
2858,3067.21219201957
2859,3068.54009913851
2860,3069.86811025889
2861,3071.19622944183
2862,3072.52446074892
2863,3073.85279585299
2864,3075.1812387902
2865,3076.50979367853
2866,3077.83845211591
2867,3079.16721820753
2868,3080.49609602836
2869,3081.82507719903
2870,3083.15416580701
2871,3084.48336594028
2872,3085.81266921866
2873,3087.14207973543
2874,3088.47160156805
2875,3089.80122632834
2876,3091.13096064659
2877,3092.46080354002
2878,3093.79074916888
2879,3095.12080160907
2880,3096.45096496231
2881,3097.7812308388
2882,3099.11160330393
2883,3100.44208649051
2884,3101.77267197721
2885,3103.10336386595
2886,3104.43416625916
2887,3105.76507074737
2888,3107.09608143284
2889,3108.42720242383
2890,3109.7584252865
2891,3111.08975414159
2892,3112.42119310493
2893,3113.75273374009
2894,3115.08438013744
2895,3116.41613646378
2896,3117.74799423126
2897,3119.07995758668
2898,3120.41203063568
2899,3121.74420493302
2900,3123.07648459511
2901,3124.40887377681
2902,3125.74136397601
2903,3127.07395934743
2904,3128.40666402101
2905,3129.73946951192
2906,3131.07237996435
2907,3132.40539952671
2908,3133.73851969524
2909,3135.07174461276
2910,3136.4050784479
2911,3137.73851267078
2912,3139.07205144988
2913,3140.40569893438
2914,3141.73944659528
2915,3143.07329860692
2916,3144.40725913867
2917,3145.74131962104
2918,3147.07548426123
2919,3148.40975720367
2920,3149.74412991602
2921,3151.0786065607
2922,3152.41319132219
2923,3153.74787562217
2924,3155.08266365592
2925,3156.4175596066
2926,3157.74894621507
2927,3159.02454218222
2928,3160.30021838458
2929,3161.57596964226
2930,3162.85179846455
2931,3164.12770478924
2932,3165.4036885668
2933,3166.67974974769
2934,3167.95588825701
2935,3169.23210407055
2936,3170.50839710073
2937,3171.78476732332
2938,3173.06121465074
2939,3174.33773905874
2940,3175.61434475566
2941,3176.89102312549
2942,3178.16777840177
2943,3179.44461052221
2944,3180.72152201
2945,3181.9985076573
2946,3183.2755699999
2947,3184.55270895012
2948,3185.82992448368
2949,3187.10721653825
2950,3188.38458505148
2951,3189.66202997373
2952,3190.93955124264
2953,3192.21714880854
2954,3193.49482262173
2955,3194.77257263253
2956,3196.05039876589
2957,3197.32830098477
2958,3198.60627921412
2959,3199.88433342957
2960,3201.16246355603
2961,3202.44067213061
2962,3203.71895392281
2963,3204.99731145864
2964,3206.27574470651
2965,3207.55425357864
2966,3208.83283805061
2967,3210.11149804731
2968,3211.39023784393
2969,3212.66904875352
2970,3213.94793501312
2971,3215.22689659827
2972,3216.50593344651
2973,3217.78504549533
2974,3219.06423269491
2975,3220.34349499543
2976,3221.62283232169
2977,3222.90224464922
2978,3224.18173451636
2979,3225.46129664623
2980,3226.74093361513
2981,3228.02064534784
2982,3229.30043179447
2983,3230.58029290514
2984,3231.8602286173
2985,3233.14023888104
2986,3234.42032365915
2987,3235.70048286367
2988,3236.98071647007
2989,3238.26102440305
2990,3239.54140662537
2991,3240.82186307441
2992,3242.10239368756
2993,3243.38299842754
2994,3244.66367723173
2995,3245.94443265238
2996,3247.22526380195
2997,3248.5061644865
2998,3249.78713901001
2999,3251.06818732248
3000,3252.34930938663
3001,3253.63050512706
3002,3254.91177450648
3003,3256.19311746216
3004,3257.47453393141
3005,3258.7560238896
3006,3260.03758724861
3007,3261.31922398378
3008,3262.6009340197
3009,3263.8827173063
3010,3265.16457380624
3011,3266.44650607294
3012,3267.72850879864
3013,3269.01058457476
3014,3270.29273332584
3015,3271.57495501448
3016,3272.85724959059
3017,3274.13961697867
3018,3275.4220571413
3019,3276.70457001568
3020,3277.98715555168
3021,3279.26981371188
3022,3280.55254440803
3023,3281.83534761541
3024,3283.1182277052
3025,3284.40117575931
3026,3285.68419614878
3027,3286.96728882343
3028,3288.25045637606
3029,3289.53369347066
3030,3290.8170026872
3031,3292.10038397549
3032,3293.38383729805
3033,3294.66736256654
3034,3295.95095975618
3035,3297.23462882231
3036,3298.51836966544
3037,3299.80218227903
3038,3301.08606658744
3039,3302.37002252771
3040,3303.65405007501
3041,3304.93814915365
3042,3306.22231972609
3043,3307.50656171664
3044,3308.79087510043
3045,3310.0752624461
3046,3311.35971841477
3047,3312.64424561312
3048,3313.92884396541
3049,3315.21351343405
3050,3316.498253956
3051,3317.78306549367
3052,3319.06795245997
3053,3320.35290584006
3054,3321.63793007214
3055,3322.92302510586
3056,3324.20819086545
3057,3325.49342731324
3058,3326.77873439888
3059,3328.06411205928
3060,3329.34956025677
3061,3330.63507891554
3062,3331.92067066903
3063,3333.20633012467
3064,3334.49205989038
3065,3335.77785992847
3066,3337.06373016308
3067,3338.3496705565
3068,3339.63568105832
3069,3340.92176161807
3070,3342.20791215989
3071,3343.49413265876
3072,3344.78042303878
3073,3346.06678326222
3074,3347.35321326586
3075,3348.63971301198
3076,3349.92628243735
3077,3351.21292149148
3078,3352.49963278361
3079,3353.78641093114
3080,3355.07326307391
3081,3356.36018011287
3082,3357.6471665026
3083,3358.93422221803
3084,3360.22134718317
3085,3361.50854134748
3086,3362.79580467314
3087,3364.08313710961
3088,3365.37053858085
3089,3366.65800904903
3090,3367.94554846359
3091,3369.23315676121
3092,3370.52083390404
3093,3371.80857981602
3094,3373.09639447202
3095,3374.38428049526
3096,3375.6722324621
3097,3376.96025299566
3098,3378.24834205805
3099,3379.53649958592
3100,3380.82472554135
3101,3382.11301984823
3102,3383.40138248139
3103,3384.68981336471
3104,3385.97831246025
3105,3387.26687970461
3106,3388.55551505985
3107,3389.84421846255
3108,3391.13299445318
3109,3392.42183379889
3110,3393.71074105273
3111,3394.9997161385
3112,3396.28876170619
3113,3397.57787231653
3114,3398.86705061939
3115,3400.1562965513
3116,3401.44561007426
3117,3402.73499111206
3118,3404.02443962668
3119,3405.3139555801
3120,3406.60353889608
3121,3407.89318952385
3122,3409.18290743812
3123,3410.47269254987
3124,3411.76254483381
3125,3413.05246423914
3126,3414.34245068958
3127,3415.63250415979
3128,3416.92262728824
3129,3418.21281460742
3130,3419.50306879393
3131,3420.79338977145
3132,3422.08377750187
3133,3423.3742319216
3134,3424.66475299255
3135,3425.9553406511
3136,3427.24599948681
3137,3428.53672018087
3138,3429.82750730993
3139,3431.11836082309
3140,3432.40928068223
3141,3433.70026681095
3142,3434.99131917109
3143,3436.28243771176
3144,3437.57362238202
3145,3438.86487583437
3146,3440.15619259841
3147,3441.44757533927
3148,3442.73902400602
3149,3444.0305385222
3150,3445.32211887512
3151,3446.61376497556
3152,3447.90547679807
3153,3449.19725429167
3154,3450.48909737988
3155,3451.78100603723
3156,3453.07298019997
3157,3454.3650198171
3158,3455.65712483762
3159,3456.94929521053
3160,3458.24153089757
3161,3459.53383182219
3162,3460.82620067646
3163,3462.11863194878
3164,3463.41113300099
3165,3464.70369441691
3166,3465.99632081522
3167,3467.28901217038
3168,3468.58176841858
3169,3469.87458949598
3170,3471.16747536425
3171,3472.46042597233
3172,3473.75344125636
3173,3475.046521178
3174,3476.33966568616
3175,3477.63287472972
3176,3478.92614824481
3177,3480.21948619307
3178,3481.51288852338
3179,3482.80635791633
3180,3484.09988884464
3181,3485.39348400728
3182,3486.68714332893
3183,3487.98086678968
3184,3489.27465430005
3185,3490.56850584717
3186,3491.86242136711
3187,3493.1564007959
3188,3494.45044409514
3189,3495.74455120085
3190,3497.03872208738
3191,3498.33296141554
3192,3499.62725967191
3193,3500.92162154268
3194,3502.21604697664
3195,3503.51053866836
3196,3504.80509107506
3197,3506.09970689123
3198,3507.39438605284
3199,3508.68912853418
3200,3509.98393427122
3201,3511.27880321269
3202,3512.57373532009
3203,3513.86873051658
3204,3515.16378877644
3205,3516.45891002282
3206,3517.75409424273
3207,3519.04934134656
3208,3520.34465130854
3209,3521.64002407736
3210,3522.9354595889
3211,3524.23095779185
3212,3525.52652140766
3213,3526.82214486504
3214,3528.11783087257
3215,3529.41357936611
3216,3530.7093903071
3217,3532.00526365693
3218,3533.30119933868
3219,3534.59720209368
3220,3535.89326232361
3221,3537.18938474408
3222,3538.48556930369
3223,3539.78181596382
3224,3541.07812464749
3225,3542.37449534165
3226,3543.67092796929
3227,3544.96742249178
3228,3546.2639788449
3229,3547.56059976421
3230,3548.85727964991
3231,3550.15402123746
3232,3551.45082444984
3233,3552.74768926116
3234,3554.04461560714
3235,3555.34160343633
3236,3556.63865271003
3237,3557.93576337674
3238,3559.23293537218
3239,3560.53016865764
3240,3561.82746318161
3241,3563.12481889257
3242,3564.42223573902
3243,3565.7197136822
3244,3567.01725264502
3245,3568.3148526143
3246,3569.61251628857
3247,3570.91024290022
3248,3572.20802551588
3249,3573.50586893179
3250,3574.8037730708
3251,3576.10173790692
3252,3577.39976337578
3253,3578.6978494258
3254,3579.99599602392
3255,3581.29420309424
3256,3582.59247061652
3257,3583.89079851354
3258,3585.18918675927
3259,3586.48763528931
3260,3587.78614405202
3261,3589.08471299577
3262,3590.38334487151
3263,3591.68203406088
3264,3592.98078327634
3265,3594.27959247904
3266,3595.57846161731
3267,3596.87739065228
3268,3598.17637953226
3269,3599.47542819279
3270,3600.77453659497
3271,3602.0737046871
3272,3603.37293241749
3273,3604.67221973442
3274,3605.97156659898
3275,3607.27097783713
3276,3608.57044364195
3277,3609.86996883923
3278,3611.16955337723
3279,3612.46920000825
3280,3613.76890307255
3281,3615.06866534793
3282,3616.36848675703
3283,3617.66836727368
3284,3618.96830683331
3285,3620.26830538414
3286,3621.56836287438
3287,3622.86847927786
3288,3624.16865451717
3289,3625.46888856611
3290,3626.76918136007
3291,3628.06980013241
3292,3629.37047762957
3293,3630.67121380097
3294,3632.1525578172
3295,3633.63402573046
3296,3635.11562728681
3297,3636.5973525515
3298,3638.0792113096
3299,3639.56119363031
3300,3641.04330926909
3301,3642.52555321447
3302,3644.00792048001
3303,3645.4904208092
3304,3646.97304428253
3305,3648.45580066846
3306,3649.93868285319
3307,3651.42169496878
3308,3652.90482988791
3309,3654.38809741163
3310,3655.87148756273
3311,3657.35501015566
3312,3658.83866015858
3313,3660.32243254486
3314,3661.80633712522
3315,3663.29036391267
3316,3664.77452276157
3317,3666.25880362841
3318,3667.74321639378
3319,3669.22775103098
3320,3670.71241739093
3321,3672.1972054463
3322,3673.68212507303
3323,3675.16717121769
3324,3676.65233880882
3325,3678.13763772902
3326,3679.62305794944
3327,3681.10860931017
3328,3682.59428180738
3329,3684.08008530621
3330,3685.56600976372
3331,3687.05206505965
3332,3688.53824115045
3333,3690.02454793388
3334,3691.51097532265
3335,3692.99753325361
3336,3694.48421663276
3337,3695.9710203737
3338,3697.45795441413
3339,3698.94500865119
3340,3700.43219302318
3341,3701.91949742779
3342,3703.40693181671
3343,3704.89448606602
3344,3706.38217013618
3345,3707.86997390261
3346,3709.3579073252
3347,3710.84596532104
3348,3712.33414275058
3349,3713.82244960608
3350,3715.31087576142
3351,3716.79943116626
3352,3718.28810569385
3353,3719.77690933763
3354,3721.26583192701
3355,3722.75488345604
3356,3724.24405377802
3357,3725.73335288757
3358,3727.2227756568
3359,3728.71231698757
3360,3730.20198684972
3361,3731.69177509611
3362,3733.1816917357
3363,3734.67172658106
3364,3736.1618896674
3365,3737.65217079499
3366,3739.14257999961
3367,3740.63310708562
3368,3742.12376208466
3369,3743.61453987178
3370,3745.10543528285
3371,3746.59645838894
3372,3748.0875989543
3373,3749.57886703661
3374,3751.07025243802
3375,3752.56176520509
3376,3754.0533951008
3377,3755.54515221557
3378,3757.03702630701
3379,3758.52902744044
3380,3760.02115047041
3381,3761.51339024384
3382,3763.00575680937
3383,3764.49823995343
3384,3765.99084976856
3385,3767.48357597156
3386,3768.97642866841
3387,3770.4693976186
3388,3771.9624928982
3389,3773.45570425324
3390,3774.94904181069
3391,3776.44250036492
3392,3777.9360747563
3393,3779.42977509285
3394,3780.92359110618
3395,3782.41753290013
3396,3783.91159020564
3397,3785.40577313893
3398,3786.90007141746
3399,3788.39449518482
3400,3789.889036985
3401,3791.38370126134
3402,3792.87848565437
3403,3794.37338496891
3404,3795.86840939338
3405,3797.36354857396
3406,3798.85881269967
3407,3800.35419141498
3408,3801.84969492238
3409,3803.34531286674
3410,3804.84105542546
3411,3806.33691227331
3412,3807.8328935963
3413,3809.32899415949
3414,3810.82520875997
3415,3812.32154760234
3416,3813.81800030353
3417,3815.31457709443
3418,3816.81126758333
3419,3818.30808200973
3420,3819.80500996841
3421,3821.30206170434
3422,3822.79922681965
3423,3824.29651555992
3424,3825.79392266963
3425,3827.29144292426
3426,3828.78908655256
3427,3830.28684315991
3428,3831.78472300628
3429,3833.28271565293
3430,3834.7808313733
3431,3836.2790597527
3432,3837.7774110523
3433,3839.27587483209
3434,3840.77446137955
3435,3842.27316544327
3436,3843.77198175342
3437,3845.27092058554
3438,3846.76997151576
3439,3848.26914481533
3440,3849.768430034
3441,3851.2678374812
3442,3852.76735669317
3443,3854.26699798097
3444,3855.76675085446
3445,3857.26662565594
3446,3858.76661708865
3447,3860.26671988583
3448,3861.76694436498
3449,3863.26728004226
3450,3864.76773724867
3451,3866.26830548585
3452,3867.76899511113
3453,3869.26979560078
3454,3870.77071732558
3455,3872.27174976613
3456,3873.77290326312
3457,3875.27417254863
3458,3876.77555229664
3459,3878.27705289237
3460,3879.77866378405
3461,3881.28039538324
3462,3882.78223712962
3463,3884.28419940465
3464,3885.78627166022
3465,3887.28846430914
3466,3888.7907667848
3467,3890.29318948772
3468,3891.79572711645
3469,3893.29837431046
3470,3894.80114151772
3471,3896.30401814922
3472,3897.80701463279
3473,3899.31012037377
3474,3900.81334582635
3475,3902.31668036851
3476,3903.82013446795
3477,3905.32369750292
3478,3906.82737992886
3479,3908.33117642269
3480,3909.8350816041
3481,3911.33910595522
3482,3912.8432388577
3483,3914.34749076349
3484,3915.85185105357
3485,3917.35633020533
3486,3918.86091758624
3487,3920.36562367522
3488,3921.87043782619
3489,3923.37537053664
3490,3924.88041115478
3491,3926.38557016582
3492,3927.89084223852
3493,3929.39622195676
3494,3930.90171986606
3495,3932.40732820489
3496,3933.91305164776
3497,3935.4188824402
3498,3936.92483109537
3499,3938.43088695071
3500,3939.9370605278
3501,3941.44334112475
3502,3942.94973931441
3503,3944.45624967945
3504,3945.96286683547
3505,3947.46960133648
3506,3948.97644247893
3507,3950.48340079945
3508,3951.99046560675
3509,3953.49764746297
3510,3955.00493562457
3511,3956.51234068099
3512,3958.01985190094
3513,3959.52747986669
3514,3961.03521915393
3515,3962.5430643686
3516,3964.05102610681
3517,3965.55909359181
3518,3967.06727745902
3519,3968.57556691723
3520,3970.0839726025
3521,3971.59248372384
3522,3973.10111091794
3523,3974.60984339826
3524,3976.11869178409
3525,3977.62765066724
3526,3979.1367145942
3527,3980.64589422901
3528,3982.15517873965
3529,3983.66457880368
3530,3985.17408359358
3531,3986.68370378238
3532,3988.1934285419
3533,3989.70326855095
3534,3991.21321296261
3535,3992.72327248214
3536,3994.23344164189
3537,3995.74371497955
3538,3997.25410319617
3539,3998.7645954354
3540,4000.2752023912
3541,4001.78591321428
3542,4003.29673861212
3543,4004.80766770811
3544,4006.31871124908
3545,4007.82985831988
3546,4009.34111968087
3547,4010.85248984272
3548,4012.36396331024
3549,4013.87555083185
3550,4015.38724152172
3551,4016.89904611079
3552,4018.41095369966
3553,4019.92297503196
3554,4021.43509923346
3555,4022.94733702343
3556,4024.45967751405
3557,4025.97213145626
3558,4027.48469336653
3559,4028.99735771425
3560,4030.51013530982
3561,4032.02301521212
3562,4033.53600818134
3563,4035.04910330151
3564,4036.56231137744
3565,4038.07562142266
3566,4039.58904425554
3567,4041.10256893294
3568,4042.61620622987
3569,4044.12995066612
3570,4045.64379670315
3571,4047.15775514798
3572,4048.67181505054
3573,4050.18598720559
3574,4051.70026066763
3575,4053.21464623972
3576,4054.72913294984
3577,4056.24373162674
3578,4057.75843129772
3579,4059.27324278003
3580,4060.78816055284
3581,4062.30317908174
3582,4063.81830921075
3583,4065.33353992675
3584,4066.84888210553
3585,4068.36432471509
3586,4069.87987863185
3587,4071.39553283528
3588,4072.91129820244
3589,4074.42716668546
3590,4075.94314319116
3591,4077.45922515638
3592,4078.97540701364
3593,4080.4916996804
3594,4082.0080920691
3595,4083.52459512372
3596,4085.04119774385
3597,4086.55791087409
3598,4088.07472344456
3599,4089.59164635637
3600,4091.10866855191
3601,4092.62580096411
3602,4094.14303799838
3603,4095.6603740648
3604,4097.17782014291
3605,4098.69536509581
3606,4100.21301990443
3607,4101.73077343118
3608,4103.24863667594
3609,4104.76659849507
3610,4106.28466986322
3611,4107.80283964828
3612,4109.32111886433
3613,4110.83950187604
3614,4112.35798307864
3615,4113.87657347426
3616,4115.39526190393
3617,4116.91405938337
3618,4118.43295475831
3619,4119.95195901386
3620,4121.47106102094
3621,4122.99027176458
3622,4124.50958010208
3623,4126.02899704572
3624,4127.54851696359
3625,4129.068134249
3626,4130.58785991519
3627,4132.107682766
3628,4133.62761387929
3629,4135.14764203234
3630,4136.66777827851
3631,4138.18801142026
3632,4139.70835251699
3633,4141.22879035215
3634,4142.74933599871
3635,4144.26997823193
3636,4145.79072813294
3637,4147.3115800417
3638,4148.83252830429
3639,4150.35358402122
3640,4151.87473594763
3641,4153.39599517172
3642,4154.91735045339
3643,4156.43881287607
3644,4157.96037121188
3645,4159.48203655718
3646,4161.00379765753
3647,4162.52566562354
3648,4164.04763479322
3649,4165.56969947802
3650,4167.0918708154
3651,4168.61413752333
3652,4170.1365107454
3653,4171.65897916752
3654,4173.18155395983
