ISIN,NOM,NAM,SECTOR,GLOBAL,US EQUITY,EUROPEAN EQUITY +  UK,JAPON EQUITY,EM GLOBAL,EM ASIAN EQUITY,LATIN AMERICAN EQUITY,ALTERNATIVE,TOTAL,ORO,PLATA,REAL ESTATE,CONTROL,RIESGO,USD,EUR,JPY,CAD,GBP,MXN,BRL,AUD,COP,TOTAL,,,,,,,,,,,,,,,
US4642866655,iShares MSCI Pacific ex-Japan,ETF Asia,EM ASIAN EQUITY,0,0,0,0,0,1,0,0,1,0,0,0,1,USD,0.054425692566613657,0,0,0,0,0,0,0.9455743074333867,0,1.0000000000000002,,,,,,,,,,,,,,,
LU0188802960,PICTET JAPAN INDEX,FM Japan,ASIAN EQUITY,0,0,0,1,0,0,0,0,1,0,0,0,1,JPY,0,0,0.9999999999999999,0,0,0,0,0,0,0.9999999999999999,,,,,,,,,,,,,,,
LU0106240533,"SCHRODER ISF JAPANESE EQUITY ""C"" ACC",FM Japan,ASIAN EQUITY,0,0,0,1,0,0,0,0,1,0,0,0,1,JPY,0,0,0.9999999999999999,0,0,0,0,0,0,0.9999999999999999,,,,,,,,,,,,,,,
US97717W8516,WisdomTree Japan Hedged Equity Fund,ETF Japan,ASIAN EQUITY,0,0,0,1,0,0,0,0,1,0,0,0,1,USD,0.002986741222665818,0,0.9970132587773363,0,0,0,0,0,0,1.000000000000002,,,,,,,,,,,,,,,
LU0607514808,INVESCO JAPANESE EQUITY ADVANTAGE IJEACAJ LX,FM Japan,ASIAN EQUITY,0,0,0,1,0,0,0,0,1,0,0,0,1,JPY,0,0,0.9999931202195407,0,0,0,0,0,0,0.9999931202195407,,,,,,,,,,,,,,,
LU0248056110,JPM JF Japan Eq I Acc,FM Japan,ASIAN EQUITY,0,0,0,1,0,0,0,0,1,0,0,0,1,JPY,0,0,1,0,0,0,0,0,0,1,,,,,,,,,,,,,,,
LU0912262945,ABERDEEN GLOBAL JAPANESE EQUITY FUND,FM Japan,ASIAN EQUITY,0,0,0,1,0,0,0,0,1,0,0,0,1,JPY,0,0,1,0,0,0,0,0,0,1,,,,,,,,,,,,,,,
US9220428661,Vanguard FTSE Pacific ETF,ETF Asia,ASIAN EQUITY,0,0,0,1,0,0,0,0,1,0,0,0,1,USD,0.0020004055073184514,6.523923412799411e-05,0.5881869963321366,0,0.00020236685486869893,0,0,0.40954499207154993,0,1.0000000000000018,,,,,,,,,,,,,,,
US5771307924,MATTHEWS JAPAN FUND,FM Japan,ASIAN EQUITY,0,0,0,1,0,0,0,0,1,0,0,0,1,JPY,0.004668200700542157,0,0.9953317992994579,0,0,0,0,0,0,1,,,,,,,,,,,,,,,
LU1291102108,BNP PARIBAS EASY MSCI JAPAN,FM Japan,ASIAN EQUITY,0,0,0,1,0,0,0,0,1,0,0,0,1,JPY,0,0,1,0,0,0,0,0,0,1,,,,,,,,,,,,,,,
LU0289132572,JULIUS BAER JAPAN STOCK FUND,FM Japan,ASIAN EQUITY,0,0,0,1,0,0,0,0,1,0,0,0,1,JPY,0,0,1.000016256575696,0,0,0,0,0,0,1.000016256575696,,,,,,,,,,,,,,,
LU0328437438,GOLDMAN SACHS JAPAN PORTFOLIO,FM Japan,ASIAN EQUITY,0,0,0,1,0,0,0,0,1,0,0,0,1,JPY,0,0,1,0,0,0,0,0,0,1,,,,,,,,,,,,,,,
US46434G8226,iShares MSCI Japan Index Fund,ETF Japan,ASIAN EQUITY,0,0,0,1,0,0,0,0,1,0,0,0,1,JPY,0.0017900801215697064,0,0.9982099198784301,0,0,0,0,0,0,0.9999999999999998,,,,,,,,,,,,,,,
LU0278930234,ABERDEEN GLOBAL JAPANESE SMALL,FM Japan,ASIAN EQUITY,0,0,0,1,0,0,0,0,1,0,0,0,1,JPY,0,0,1,0,0,0,0,0,0,1,,,,,,,,,,,,,,,
IE00B4L5YX21,ISHARES CORE MSCI JAPAN IMI UCITS ETF,ETF Japan,ASIAN EQUITY,0,0,0,1,0,0,0,0,1,0,0,0,1,JPY,0.003828379099375634,0,0.996171620900622,0,0,0,0,0,0,0.9999999999999976,,,,,,,,,,,,,,,
LU0155301467,PICTET JAPANESE EQUITY OPPORTUNITIES,FM Japan,ASIAN EQUITY,0,0,0,1,0,0,0,0,1,0,0,0,1,JPY,0,0,1,0,0,0,0,0,0,1,,,,,,,,,,,,,,,
LU0188804743,PICTET-PACIFIC EX JAPAN USD,FM Asia,ASIAN EQUITY,0,0,0,0,0,1,0,0,1,0,0,0,1,USD,0.05955523654152579,0,0,0,0,0,0,0.9404447634584744,0,1.0000000000000002,,,,,,,,,,,,,,,
LU0102000758,PARVEST EQ JAPAN SMALL CAP,FM Japan,ASIAN EQUITY,0,0,0,1,0,0,0,0,1,0,0,0,1,JPY,0,0,0.9999999999999998,0,0,0,0,0,0,0.9999999999999998,,,,,,,,,,,,,,,
LU0231474593,ABERDEEN GLOBAL JAPANESE EQUITY I2 ABTJAIA LX,FM Japan,ASIAN EQUITY,0,0,0,1,0,0,0,0,1,0,0,0,1,JPY,0,0,1,0,0,0,0,0,0,1,,,,,,,,,,,,,,,
IE00B95PGT31,VANGUARD FTSE JAPAN UCITS ETF,ETF Japan,ASIAN EQUITY,0,0,0,1,0,0,0,0,1,0,0,0,1,USD,0,0,1.0000000000000007,0,0,0,0,0,0,1.0000000000000007,,,,,,,,,,,,,,,
LU0188438542,SCHRODERS ASIAN EQUITY YIELD Ex Japan,FM Asia,EM ASIAN EQUITY,0,0,0,0,0,1,0,0,1,0,0,0,1,USD,0.025531312966881544,0,0,0,0.016816738772765034,0.07203901695196777,0,0.8856129313083858,0,1.0000000000000002,,,,,,,,,,,,,,,
US4642864262,ISHARES MSCI EMA,ETF EM Asia,EM ASIAN EQUITY,0,0,0,0,0,1,0,0,1,0,0,0,1,USD,0.021217848976253017,0,0,0,0,0.19902993763664367,0,0.7797522133871021,0,0.9999999999999988,,,,,,,,,,,,,,,
LU0345776172,Investec Global Strategy Fund - Asian Equity Ex Japan,FM EM Asia,EM ASIAN EQUITY,0,0,0,0,0,1,0,0,1,0,0,0,1,USD,0.0901146516603578,0,0,0,0.015427696620131997,0.17894996545935776,0,0.7155076862601526,0,1.0000000000000002,,,,,,,,,,,,,,,
LU0106259988,SCHRODERS ASIAN OPPORTUNITIES Ex Japan,FM Asia,EM ASIAN EQUITY,0,0,0,0,0,1,0,0,1,0,0,0,1,USD,0.12938023437572363,0,0,0,0.021686339738192017,0.1427659701104817,0,0.7061674557756029,0,1.0000000000000002,,,,,,,,,,,,,,,
US4642881829,iShares MSCI All Country Asia ex japan,ETF EM Asia,EM ASIAN EQUITY,0,0,0,0,0,1,0,0,1,0,0,0,1,USD,0.0330601691402287,0,0,0,0,0.1809354462151895,0,0.7860043846445813,0,0.9999999999999996,,,,,,,,,,,,,,,
US4642871846,iShares FTSE China 50 Large Cap,ETF China,EM ASIAN EQUITY,0,0,0,0,0,1,0,0,1,0,0,0,1,USD,0.0003008366768800099,0,0,0,0,0,0,0.9996991633231198,0,0.9999999999999998,,,,,,,,,,,,,,,
LU0181996454,Franklin Templeton Asian Growth,FM EM Asia,EM ASIAN EQUITY,0,0,0,0,0,1,0,0,1,0,0,0,1,USD,0.06625165387388139,0,0,0,0,0.27103005134825126,0,0.6627182947778671,0,0.9999999999999998,,,,,,,,,,,,,,,
US4642867729,iShares MSCI South Korea Index,ETF EM Asia,EM ASIAN EQUITY,0,0,0,0,0,1,0,0,1,0,0,0,1,USD,0.0003376242577977815,0,0,0,0,0,0,0.9996623757422022,0,1,,,,,,,,,,,,,,,
LU0244355391,Schroders China Opportunities,FM China,EM ASIAN EQUITY,0,0,0,0,0,1,0,0,1,0,0,0,1,USD,0.06189579490423536,0,0,0,0,0,0,0.9381042050957648,0,1,,,,,,,,,,,,,,,
US5771308344,MATTHEWS PACIFIC TIGER FUND  FD-IS-MIPTX US,FM EM Asia,EM ASIAN EQUITY,0,0,0,0,0,1,0,0,1,0,0,0,1,USD,0.0618514112945026,0,0,0,0,0.16957905556438324,0,0.7685695331411142,0,1,,,,,,,,,,,,,,,
LU0100600369,INVESCO GREATER CHINA EQUITY F-INVPGCC LX,FM China,EM ASIAN EQUITY,0,0,0,0,0,1,0,0,1,0,0,0,1,USD,0.11843686200364728,0,0,0,0,0,0,0.8815631379963527,0,1,,,,,,,,,,,,,,,
LU0594300500,Fidelity FF China Consumer Fund,FM China,EM ASIAN EQUITY,0,0,0,0,0,1,0,0,1,0,0,0,1,USD,0.10174444166203313,0.0368873461137686,0,0,0,0,0,0.8613682122241983,0,1,,,,,,,,,,,,,,,
LU0231479717,Aberdeen Emerging Markets Equity Fund I,FM EM Global,EM EQUITY,0,0,0,0,1,0,0,0,1,0,0,0,1,USD/MXN/BRL,0.03627851237174769,0.022722778531270946,0.027743270819745983,0.017819757781171425,0,0.22321305804830946,0.027599289273002765,0.6446233331747515,0,0.9999999999999998,,,,,,,,,,,,,,,
LU0140637140,Schroder International Selection Fund Greater China,FM China,EM EQUITY,0,0,0,0,0,1,0,0,1,0,0,0,1,USD,0.03901483240666951,0,0,0,0,0,0,0.9609851675933303,0,0.9999999999999998,,,,,,,,,,,,,,,
US2332036118,DFA Emerging Markets Small Cap,FM EM Global,EM EQUITY,0,0,0,0,1,0,0,0,1,0,0,0,1,USD/MXN/BRL,0.019860861967275305,0.026090874770326775,0.015664769725070055,0.03959019814952978,0.008595532444285934,0.26378407439526724,0.05460702427988946,0.5718066642683557,0,1.0000000000000002,,,,,,,,,,,,,,,
IE00B0HCGS80,Dimensional Funds - EM Value,FM EM Global,EM EQUITY,0,0,0,0,1,0,0,0,1,0,0,0,1,USD/MXN/BRL,0.03716961346954475,0.02261798331959826,0.01601811924340674,0.03531034551736217,0.008631705197349637,0.21019321745422168,0.047856795853504525,0.6222022199450125,0,1.0000000000000002,,,,,,,,,,,,,,,
LU0278915607,"AS SICAV I - EM SMALLER COMPANIES""I"" (USD) ACC",FM EM Global,EM GLOBAL EQUITY,0,0,0,0,1,0,0,0,1,0,0,0,1,USD,0.14443543519819688,0.013445868717685237,0.014209904485483725,0.02970499949872149,0.03663087416791355,0.22711046626799206,0.05439242593302215,0.4800700257309849,0,1,,,,,,,,,,,,,,,
LU0742536872,Fidelity Emerging Markets Fund,FM EM Global,EM EQUITY,0,0,0,0,1,0,0,0,1,0,0,0,1,USD/MXN/BRL,0.14104830981035338,0.05338751623127427,0.014498538733606386,0.017314466285441685,0.039438617105886344,0.12883239211366168,0.021663100637141178,0.5838170590826348,0,0.9999999999999998,,,,,,,,,,,,,,,
LU0278093082,Vontobel Fund - Emerging Markets,FM EM Global,EM EQUITY,0,0,0,0,1,0,0,0,1,0,0,0,1,USD/MXN/BRL,0.11169283843547081,0.03976134998599312,0.027393346922559823,0.026061627160852384,0,0.17109279121614535,0.035184220346973466,0.5888138259320052,0,1,,,,,,,,,,,,,,,
US4642865335,ISHARES MSCI EM MIN VOL,ETF EM Global,EM EQUITY,0,0,0,0,1,0,0,0,1,0,0,0,1,USD/MXN/BRL,0.016937246300273715,0.021214374963229744,0.04640841833600489,0.08026412111063909,0.023138502798477126,0.22063983820014219,0.06406792294423036,0.5273295753470032,0,1.0000000000000004,,,,,,,,,,,,,,,
US9220428588,Vanguard FTSE Emerging Markets,ETF EM Global,EM EQUITY,0,0,0,0,1,0,0,0,1,0,0,0,1,USD/MXN/BRL,0.059779630202172335,0.0155164355029453,0.018279710358782234,0.03532388703506924,0.009121188041281154,0.2204732870790373,0.05424169744505308,0.5872641643356586,0,0.9999999999999993,,,,,,,,,,,,,,,
US4642872349,ISHARES MSCI EM INDEX,ETF EM Global,EM EQUITY,0,0,0,0,1,0,0,0,1,0,0,0,1,USD/BRL,0.028784220802524758,0.022197279248399277,0.015059778756416137,0.031089732960853662,0.007614368147728683,0.18012915096603602,0.04741486902518703,0.6677106000928555,0,1.000000000000001,,,,,,,,,,,,,,,
IE00B0M63177,Ishares MSCI Emerging Markets UCITS,ETF EM Global,EM EQUITY,0,0,0,0,1,0,0,0,1,0,0,0,1,USD/BRL,0.05659923197822854,0.022840009269057503,0.015157693615226831,0.024292923275360593,0.007584947887816429,0.18045739810921868,0.034929684149485614,0.6581381117156068,0,1.0000000000000009,,,,,,,,,,,,,,,
IE00BKM4GZ66,ISHARES CORE MSCI EM IMI,ETF EM Global,EM EQUITY,0,0,0,0,1,0,0,0,1,0,0,0,1,USD/BRL,0.042139099991776834,0.023640207730227857,0.014764104454671974,0.02932046784689661,0.008394716646086254,0.19204507162379023,0.04553556291665736,0.6441607687898924,0,0.9999999999999994,,,,,,,,,,,,,,,
US2332034212,DFA Emerging Markets Core Equity,FM EM Global,EM EQUITY,0,0,0,0,1,0,0,0,1,0,0,0,1,USD/MXN/BRL,0.08955501752018333,0.021683459804559584,0.01580633669945146,0.036685730794291695,0.003800415614058252,0.20991314537172118,0.05112055420911117,0.5714353399866197,0,0.9999999999999962,,,,,,,,,,,,,,,
LU0319685342,AMUNDI EQUITY EMERGING FOCUS,FM EM Global,EM EQUITY,0,0,0,0,1,0,0,0,1,0,0,0,1,USD/MXN/BRL,0.0763632336254603,0.024771536321104258,0.03366110634349446,0.004972764990875405,0,0.22166292632426332,0.052550496461136395,0.5860179457542904,0,1.0000000098206245,,,,,,,,,,,,,,,
LU0886779783,ABERDEEN GL-EMMKT EQTY,FM EM Global,EM EQUITY,0,0,0,0,1,0,0,0,1,0,0,0,1,USD/MXN/BRL,0.03627851237174769,0.022722778531270946,0.027743270819745983,0.017819757781171425,0,0.22321305804830946,0.027599289273002765,0.6446233331747515,0,0.9999999999999998,,,,,,,,,,,,,,,
LU0821169231,ROBECO EM CONSERVATIVE,FM Global,EM EQUITY,0,0,0,0,1,0,0,0,1,0,0,0,1,USD/MXN/BRL,0.100622416061237,0.05565416991700602,0.04592290885323045,0.028166903374661753,0.015977187333103385,0.10238237388581868,0.059841049868337846,0.5914329907066049,0,1,,,,,,,,,,,,,,,
LU0300738944,FRANKLIN TEMPLETON EMERGING MARKETS SMALLER COMPAN,FM EM Global,EM EQUITY,0,0,0,0,1,0,0,0,1,0,0,0,1,USD/MXN/BRL,0.0898902026093357,0.029988537237720554,0.0356687326505303,0.00990870762971519,0.026286699123223692,0.33168234741912905,0.033369207630694356,0.4432055656996507,0,0.9999999999999996,,,,,,,,,,,,,,,
LU0248044025,JP MORGAN EMERGING MARKETS EQUITY EI A JPEMIUS,FM EM Global,EM EQUITY,0,0,0,0,1,0,0,0,1,0,0,0,1,USD/BRL/MXN,0.2909197379059295,0.04388579441088334,0,0.0065747924154684325,0,0.15207766802625158,0.05488097614545705,0.4516610310960103,0,1.0000000000000002,,,,,,,,,,,,,,,
US2332037850,DFA EMERGING MARKETS PORTFOLIO,ETF EM Global,EM EQUITY,0,0,0,0,1,0,0,0,1,0,0,0,1,USD/BRL/MXN,0.06324748376802716,0.02251346342066231,0.01773871367441794,0.03413412854319438,0.006642912524284098,0.20938530745661338,0.0480278295527503,0.5983101610600483,0,0.9999999999999979,,,,,,,,,,,,,,,
IE00BH7Y7M45,ACADIAN EMERGING MARKETS EQUITY FUND UCIT IICUSDI,FM EM Global,EM EQUITY,0,0,0,0,1,0,0,0,1,0,0,0,1,USD/BRL,0.12543441276182687,0.028630937937094904,0.03480487748007352,0.028879135241847296,0,0.15178011632048763,0.03376889638891139,0.596681620026624,0,0.9999799961568656,,,,,,,,,,,,,,,
LU0742535718,FIDELITY FDS-EMERG AS-IA USD,FM EM Global,EM EQUITY,0,0,0,0,0,1,0,0,1,0,0,0,1,USD,0.05689641634135741,0,0,0,0,0.12845744562165654,0,0.8146461380369858,0,0.9999999999999998,,,,,,,,,,,,,,,
LU0859042482,BGF ASIAN GROWTH LEADERS FUND,FM EM Asia,EM EQUITY,0,0,0,0,0,1,0,0,1,0,0,0,1,USD,0.11054580898830073,0,0,0.01824685059026816,0,0.15132872412258153,0,0.7198786162988494,0,0.9999999999999998,,,,,,,,,,,,,,,
US4642868065,iShares MSCI Germany Index Fun,ETF Países,EUROPEAN EQUITY,0,0,1,0,0,0,0,0,1,0,0,0,1,EUR,0.0055788485280667795,0.9944211514719331,0,0,0,0,0,0,0,0.9999999999999999,,,,,,,,,,,,,,,
US4642878619,iShares S&P Europe 350 Index F,ETF Europe,EUROPEAN EQUITY,0,0,1,0,0,0,0,0,1,0,0,0,1,EUR,0.007183416260416061,0.7547538466128579,0,0,0.23806273712672585,0,0,0,0,0.9999999999999999,,,,,,,,,,,,,,,
US4642866085,ISHARES MSCI EMU,ETF Europe,EUROPEAN EQUITY,0,0,1,0,0,0,0,0,1,0,0,0,1,EUR,0.01941179169304447,0.9796057059404132,0,0,0.0009825023665426728,0,0,0,0,1.0000000000000004,,,,,,,,,,,,,,,
LU0195949390,FRANKLIN TEMPLENTON EUROPEAN GROUWT FUND-FRAEGIA L,FM Europe,EUROPEAN EQUITY,0,0,1,0,0,0,0,0,1,0,0,0,1,EUR/GBP,0.07830624708334273,0.6830156897402518,0,0,0.23867806317640533,0,0,0,0,1,,,,,,,,,,,,,,,
LU0278085062,VONTOBEL-EU VALUE EQUITY I-VONEUJC LX,FM Europe,EUROPEAN EQUITY,0,0,1,0,0,0,0,0,1,0,0,0,1,EUR/GBP,0.06758019153455928,0.6776258119000165,0,0.051164846544536194,0.20362915002088816,0,0,0,0,1.0000000000000002,,,,,,,,,,,,,,,
LU0406496546,BGF - Continental European Flexible Fund,FM Europe,EUROPEAN EQUITY,0,0,1,0,0,0,0,0,1,0,0,0,1,EUR/GBP,0.05628225522068201,0.8994888523912694,0,0,0.04422889238804837,0,0,0,0,0.9999999999999998,,,,,,,,,,,,,,,
GB0030810138,Threadneedle European Select,FM Europe,EUROPEAN EQUITY,0,0,1,0,0,0,0,0,1,0,0,0,1,EUR/GBP,0.009102903903202534,0.9415989823784936,0,0,0.04929811371830359,0,0,0,0,0.9999999999999998,,,,,,,,,,,,,,,
LU0219424487,MFS Meridian Funds - European Value Fund,FM Europe,EUROPEAN EQUITY,0,0,1,0,0,0,0,0,1,0,0,0,1,EUR/GBP,0.04075417451095433,0.6965561239720356,0,0,0.26268970151701015,0,0,0,0,1,,,,,,,,,,,,,,,
LU0188800162,Pictet Europe Index,FM Europe,EUROPEAN EQUITY,0,0,1,0,0,0,0,0,1,0,0,0,1,EUR,0.0185212632545846,0.7589486888020786,0,0,0.22253004794333708,0,0,0,0,1.0000000000000002,,,,,,,,,,,,,,,
LU0380865021,db x-trackers Eurostoxx 50,ETF Europe,EUROPEAN EQUITY,0,0,1,0,0,0,0,0,1,0,0,0,1,EUR,0.016938976663337508,0.9830610233366625,0,0,0,0,0,0,0,1,,,,,,,,,,,,,,,
LU0274211480,db x-trackers DAX,ETF Países,EUROPEAN EQUITY,0,0,1,0,0,0,0,0,1,0,0,0,1,EUR,1.590967585330929e-09,0.9999999984090325,0,0,0,0,0,0,0,1.0000000000000002,,,,,,,,,,,,,,,
LU0947761630,MFS MER EUROPEAN VALUE IH1US,FM Europe,EUROPEAN EQUITY,0,0,1,0,0,0,0,0,1,0,0,0,1,EUR/GBP,0.04075417451095433,0.6965561239720356,0,0,0.26268970151701015,0,0,0,0,1,,,,,,,,,,,,,,,
LU0212179997,Parvest Equity European Small Cap,FM Europe,EUROPEAN EQUITY,0,0,1,0,0,0,0,0,1,0,0,0,1,EUR/GBP,0,0.8884000000000001,0,0,0.1116,0,0,0,0,1,,,,,,,,,,,,,,,
US9220428745,Vanguard FTSE Europe ETF,ETF Europe,EUROPEAN EQUITY,0,0,1,0,0,0,0,0,1,0,0,0,1,EUR/GBP,0.01664111427512688,0.7518425922585991,0,0,0.23151629346627542,0,0,0,0,1.0000000000000013,,,,,,,,,,,,,,,
LU0113993397,Henderson Gartmore Continental European Fund,FM Europe,EUROPEAN EQUITY,0,0,1,0,0,0,0,0,1,0,0,0,1,EUR,0.008133148802636943,0.9498576866930357,0,0,0.04200916450432735,0,0,0,0,1,,,,,,,,,,,,,,,
LU0255980830,PICTET EUROLAND INDEX-IS,FM Europe,EUROPEAN EQUITY,0,0,1,0,0,0,0,0,1,0,0,0,1,EUR,0.019725402752226576,0.9795304243663019,0,0,0.0007441728814723283,0,0,0,0,1.0000000000000009,,,,,,,,,,,,,,,
LU0389811539,AMUNDI INDEX EQUITY EUROPE,FM Europe,EUROPEAN EQUITY,0,0,1,0,0,0,0,0,1,0,0,0,1,EUR/GBP,0,0.8929,0,0,0.10710000000000001,0,0,0,0,1,,,,,,,,,,,,,,,
US46434V6395,ISHARES CURRENCY HEDGED  HEZU,ETF Europe,EUROPEAN EQUITY,0,0,1,0,0,0,0,0,1,0,0,0,1,USD,0.9999999999999999,0,0,0,0,0,0,0,0,0.9999999999999999,,,,,,,,,,,,,,,
LU1353442731,FIDELITY EUROPEAN DYNAMIC GROW,FM Europe,EUROPEAN EQUITY,0,0,1,0,0,0,0,0,1,0,0,0,1,EUR/GBP,0.060708215732033145,0.5938458596050724,0,0,0.3454459246628944,0,0,0,0,1,,,,,,,,,,,,,,,
LU0248049172,JPM EUROPE STRATEGIC GROWTH IA,FM Europe,EUROPEAN EQUITY,0,0,1,0,0,0,0,0,1,0,0,0,1,EUR/GBP,0.029799124969895088,0.7336783798241661,0,0,0.23652249520593902,0,0,0,0,1.0000000000000002,,,,,,,,,,,,,,,
LU1235105779,THEAM EUROPEAN EQUITY,FM Europe,EUROPEAN EQUITY,0,0,1,0,0,0,0,0,1,0,0,0,1,EUR/GBP,0.020823421067585522,0.7683798622486745,0,0,0.21079671668374023,0,0,0,0,1.0000000000000002,,,,,,,,,,,,,,,
DE0005933956,ISHARES EURO STOXX 50 UCITS ETFEVNZ,ETF Europe,EUROPEAN EQUITY,0,0,1,0,0,0,0,0,1,0,0,0,1,USD,0,1,0,0,0,0,0,0,0,1,,,,,,,,,,,,,,,
DE0002635307,ISHARES STOXX EUROPE 600 UCITS ETF,ETF Europe,EUROPEAN EQUITY,0,0,1,0,0,0,0,0,1,0,0,0,1,EUR/GBP,0,0.7832203019116931,0,0,0.21677969808830835,0,0,0,0,1.0000000000000016,,,,,,,,,,,,,,,
FR0010589325,Groupama Avenir Euro,FM Europe,EUROPEAN EQUITY,0,0,1,0,0,0,0,0,1,0,0,0,1,EUR,0,0.9890873187024398,0,0,0.01091768068970942,0,0,0,0,1.0000049993921492,,,,,,,,,,,,,,,
LU0106235459,SCHRODER INTERNATIONAL SELECTION FUND EURO EQUIT,FM Europe,EUROPEAN EQUITY,0,0,1,0,0,0,0,0,1,0,0,0,1,EUR,0.003952424781071339,0.9466877820500574,0,0,0.04935979316887147,0,0,0,0,1.0000000000000002,,,,,,,,,,,,,,,
LU0870553533,DNCA Invest Europe Growth,FM Europe,EUROPEAN EQUITY,0,0,1,0,0,0,0,0,1,0,0,0,1,EUR/GBP,0,0.8313601379027444,0,0,0.1686398620972554,0,0,0,0,0.9999999999999998,,,,,,,,,,,,,,,
FR0007054358,LYXOR ETF EUROSTOXX 50,ETF Europe,EUROPEAN EQUITY,0,0,1,0,0,0,0,0,1,0,0,0,1,EUR,0,1,0,0,0,0,0,0,0,1,,,,,,,,,,,,,,,
LU0219424131,MFSEUROPEAN RESEARCH,FM Europe,EUROPEAN EQUITY,0,0,1,0,0,0,0,0,1,0,0,0,1,EUR/GBP,0.04860751460495276,0.6606270784114251,0,0,0.290765406983622,0,0,0,0,0.9999999999999998,,,,,,,,,,,,,,,
LU0846194776,DBX TRACKER MSCI EMU INDEX ETF,ETF Europe,EUROPEAN EQUITY,0,0,1,0,0,0,0,0,1,0,0,0,1,EUR,0.008767971785790762,0.9900947752726007,0,0,0.001137252941608133,0,0,0,0,0.9999999999999997,,,,,,,,,,,,,,,
US78463X2027,SPDR EURO STOXX 50 FD ETFFEZ,ETF Europe,EUROPEAN EQUITY,0,0,1,0,0,0,0,0,1,0,0,0,1,EUR,0.00017047425940956137,0.9998295172485392,0,0,8.492051048137905e-09,0,0,0,0,0.9999999999999998,,,,,,,,,,,,,,,
LU0439321364,INVESTEC GLOBAL STATEGY FUND LIMITED EUROPEAN EQUI,FM Europe,EUROPEAN EQUITY,0,0,1,0,0,0,0,0,1,0,0,0,1,EUR/GBP,0.0617750205088404,0.717825050468878,0,0,0.22039992902228175,0,0,0,0,1.0000000000000002,,,,,,,,,,,,,,,
LU0255980244,Pictet - Water,FM Global,GLOBAL EQUITY,1,0,0,0,0,0,0,0,1,0,0,0,1,USD/EUR/JPY/CAD/BRL,0.6536947700613795,0.11984990449022079,0.01086952629033044,0.11237029549084009,0.06329511241092216,0,0.03992039125630689,0,0,0.9999999999999999,,,,,,,,,,,,,,,
LU0360482987,Morgan Stanley Investment Fund,FM Global,GLOBAL EQUITY,1,0,0,0,0,0,0,0,1,0,0,0,1,USD/EUR,0.7798461151639058,0.13968546179105545,0,0,0.08046842304503878,0,0,0,0,1,,,,,,,,,,,,,,,
LU0219454633,MFS  MER GLOBAL EQUITY,FM Global,GLOBAL EQUITY,1,0,0,0,0,0,0,0,1,0,0,0,1,USD/EUR,0.5569534779750197,0.3047078470444159,0.01278086726585642,0.026512149305583207,0.08705827955153389,0.0027781919005467007,0,0.009209186957043966,0,0.9999999999999998,,,,,,,,,,,,,,,
LU0936248318,ROBECO GLOBAL CONSUMER TRENDS,FM Global,GLOBAL EQUITY,1,0,0,0,0,0,0,0,1,0,0,0,1,USD/EUR,0.6820390916354103,0.23223698683887856,0.01695867230835484,0,0.02945264224995753,0,0,0.039312606967398696,0,1,,,,,,,,,,,,,,,
US4642882579,ETF ISHARES MSCI ACWI INDEX FUND US,ETF Global,GLOBAL EQUITY,1,0,0,0,0,0,0,0,1,0,0,0,1,EUR/JPY/USD,0.6524383933595175,0.11181529989296897,0.050834311094973945,0.03248450026103347,0.03343623502198579,0.019140503417121597,0.0050343681045895965,0.0948163888478089,0,0.9999999999999997,,,,,,,,,,,,,,,
US4642874659,iShares MSCI EAFE Index Fund,ETF Global,GLOBAL EQUITY,1,0,0,0,0,0,0,0,1,0,0,0,1,EUR/JPY,0.019442657799204933,0.49884054109228404,0.2241740497490966,0,0.14845527498095576,0,0,0.10908747637845839,0,0.9999999999999998,,,,,,,,,,,,,,,
LU0552385535,MORGAN ST GLOBAL OPPORTUNITY,FM Global,GLOBAL EQUITY,1,0,0,0,0,0,0,0,1,0,0,0,1,USD/EUR/GBP/JPY,0.713755057592616,0.1483342239731064,0.008047069881517767,0.023351569869405616,0.01309154867054637,0.050385743864862255,0,0.04303478614794538,0,0.9999999999999999,,,,,,,,,,,,,,,
IE00B6R52259,ISHARES MSCI ACWI UCITS,ETF Global,GLOBAL EQUITY,1,0,0,0,0,0,0,0,1,0,0,0,1,EUR/JPY/USD,0.6825762993284122,0.11074216991918641,0.05080798407507034,0.03001522351256458,0.03328279155059846,0.0020003243268694555,0.0011850254742534318,0.08939018181304541,0,1.0000000000000004,,,,,,,,,,,,,,,
US4642864007,iShares MSCI Brazil Index Fund,ETF Latam,LATIN AMERICAN EQUITY,0,0,0,0,0,0,1,0,1,0,0,0,1,BRL,0.15857717067277124,0,0,0,0,0,0.8414228293272284,0,0,0.9999999999999997,,,,,,,,,,,,,,,
LU0129491972,JPMORGAN  LATIN AMERICA EQUITY FLEFLCCD LX,FM Latam,LATIN AMERICAN EQUITY,0,0,0,0,0,0,1,0,1,0,0,0,1,EUR/JPY/USD,0.4178880968088155,0.042264394579884484,0,0,0,0.18074198430414753,0.35910552430715237,0,0,0.9999999999999999,,,,,,,,,,,,,,,
US4642873909,iShares S&P Latin America 40 I,ETF Latam,LATIN AMERICAN EQUITY,0,0,0,0,0,0,1,0,1,0,0,0,1,EUR/JPY/USD,0.5281138718796613,0,0,0,0,0.25762295034178034,0.15982586240891844,0.05443731536963971,0,0.9999999999999997,,,,,,,,,,,,,,,
US4642868222,iShares MSCI Mexico Investable,ETF Latam,LATIN AMERICAN EQUITY,0,0,0,0,0,0,1,0,1,0,0,0,1,MXN,0.0007493857837580448,0,0,0,0,0.999250614216242,0,0,0,1,,,,,,,,,,,,,,,
IE00B53HP851,ISHARES FTSE 100 UCITS,ETF Europe,UK EQUITY,0,0,1,0,0,0,0,0,1,0,0,0,1,GBP,0.00967668408162175,0,0,0.0021192045128979567,0.988204111405481,0,0,0,0,1.0000000000000007,,,,,,,,,,,,,,,
US46435G3341,ISHARES MSCI UNITED KINGD,ETF Europe,UK EQUITY,0,0,1,0,0,0,0,0,1,0,0,0,1,GBP,0.0002218227909030805,0,0,0,0.9997781772090968,0,0,0,0,0.9999999999999999,,,,,,,,,,,,,,,
US9229083558,Vanguard Total Stock Market Index Fund- Institutio,FM US,US EQUITY,0,1,0,0,0,0,0,0,1,0,0,0,1,USD,0.9988065433108371,0,0,0.001193456689165377,0,0,0,0,0,1.0000000000000024,,,,,,,,,,,,,,,
US2332038197,DFA US Small Cap Value Portfol,FM US,US EQUITY,0,1,0,0,0,0,0,0,1,0,0,0,1,USD,1.0000000000000018,0,0,0,0,0,0,0,0,1.0000000000000018,,,,,,,,,,,,,,,
US2332038270,DFA US Large Cap Value Portfol,FM US,US EQUITY,0,1,0,0,0,0,0,0,1,0,0,0,1,USD,0.9971792609438412,0.0028207390561578744,0,0,0,0,0,0,0,0.9999999999999991,,,,,,,,,,,,,,,
US4642872000,Ishares Core S&P ETF,ETF US,US EQUITY,0,1,0,0,0,0,0,0,1,0,0,0,1,USD,1.0000000000000002,0,0,0,0,0,0,0,0,1.0000000000000002,,,,,,,,,,,,,,,
US78462F1030,SPDR S&P 500 ETF Trust,ETF US,US EQUITY,0,1,0,0,0,0,0,0,1,0,0,0,1,USD,1,0,0,0,0,0,0,0,0,1,,,,,,,,,,,,,,,
US9220401007,Vanguard Institutional Index F,FM US,US EQUITY,0,1,0,0,0,0,0,0,1,0,0,0,1,USD,0.9999999999999992,0,0,0,0,0,0,0,0,0.9999999999999992,,,,,,,,,,,,,,,
US81369Y6059,Financial Select Sector SPDR F,ETF Sectorial,US EQUITY,0,1,0,0,0,0,0,0,1,0,0,0,1,USD,1,0,0,0,0,0,0,0,0,1,,,,,,,,,,,,,,,
US81369Y7040,Industrial Select Sector SPDR,ETF Sectorial,US EQUITY,0,1,0,0,0,0,0,0,1,0,0,0,1,USD,1,0,0,0,0,0,0,0,0,1,,,,,,,,,,,,,,,
US4642865095,iShares MSCI Canada Index Fund,ETF US,US EQUITY,0,1,0,0,0,0,0,0,1,0,0,0,1,USD,0.00046790726300516164,0,0,0.9995320927369946,0,0,0,0,0,0.9999999999999998,,,,,,,,,,,,,,,
LU0226954369,Robeco Capital Growth - US Pre,FM US,US EQUITY,0,1,0,0,0,0,0,0,1,0,0,0,1,USD,1,0,0,0,0,0,0,0,0,1,,,,,,,,,,,,,,,
US64122Q3092,NEUBERGER BERMAN MULTI CAP OPPORTUNITIES FUND-NMUL,FM US,US EQUITY,0,1,0,0,0,0,0,0,1,0,0,0,1,USD,0.9603611249203182,0,0,0.03963887507968173,0,0,0,0,0,1,,,,,,,,,,,,,,,
US4642873099,iShares S&P 500 Growth Index F,ETF US,US EQUITY,0,1,0,0,0,0,0,0,1,0,0,0,1,USD,0.9999999999999996,0,0,0,0,0,0,0,0,0.9999999999999996,,,,,,,,,,,,,,,
US4642876555,iShares Russell 2000 Index,ETF US,US EQUITY,0,1,0,0,0,0,0,0,1,0,0,0,1,USD,0.994054489113052,0.0002693355527615599,0,0.004492506088344232,0.0011836692458413846,0,0,0,0,0.9999999999999992,,,,,,,,,,,,,,,
US46429B6974,ISHARES MSCI USA,ETF US,US EQUITY,0,1,0,0,0,0,0,0,1,0,0,0,1,USD,0.98625609197456,0,0,0.013743908025440428,0,0,0,0,0,1.0000000000000004,,,,,,,,,,,,,,,
LU0278092605,VONTOBEL-US VALUE EQUITY I-VONUVAJ LX,FM US,US EQUITY,0,1,0,0,0,0,0,0,1,0,0,0,1,USD,0.9596316247846036,0,0,0.04036837521539635,0,0,0,0,0,1,,,,,,,,,,,,,,,
US9229083632,Vanguard S&P 500 ETF - VOO,ETF US,US EQUITY,0,1,0,0,0,0,0,0,1,0,0,0,1,USD,1.0000000000000002,0,0,0,0,0,0,0,0,1.0000000000000002,,,,,,,,,,,,,,,
IE00B5BMR087,iShares Core S&P 500 UCITS,ETF US,US EQUITY,0,1,0,0,0,0,0,0,1,0,0,0,1,USD,1,0,0,0,0,0,0,0,0,1,,,,,,,,,,,,,,,
IE00B3XXRP09,Vanguard S&P 500 ETF,ETF US,US EQUITY,0,1,0,0,0,0,0,0,1,0,0,0,1,USD,1,0,0,0,0,0,0,0,0,1,,,,,,,,,,,,,,,
BBG000BQZ8T2,DYNAMICDIVIDEND,FM US,US EQUITY,0,1,0,0,0,0,0,0,1,0,0,0,1,USD/CAD,0.2522494684115128,0,0,0.747750531588487,0,0,0,0,0,0.9999999999999998,,,,,,,,,,,,,,,
US4642878049,ISHARES CORE SMALL CAP,ETF US,US EQUITY,0,1,0,0,0,0,0,0,1,0,0,0,1,USD,0.9999999999999984,0,0,0,0,0,0,0,0,0.9999999999999984,,,,,,,,,,,,,,,
US81369Y4070,CONSUMER DISCRETIONARY SELT X,ETF US,US EQUITY,0,1,0,0,0,0,0,0,1,0,0,0,1,USD,1,0,0,0,0,0,0,0,0,1,,,,,,,,,,,,,,,
US81369Y8030,TECNOLOGY SELECT SECT SPDR,ETF US,US EQUITY,0,1,0,0,0,0,0,0,1,0,0,0,1,USD,1,0,0,0,0,0,0,0,0,1,,,,,,,,,,,,,,,
US81369Y2090,Health Care Select Sector SPDR,Health Care Select Sector SPDR,US EQUITY,0,1,0,0,0,0,0,0,1,0,0,0,1,USD,1,0,0,0,0,0,0,0,0,1,,,,,,,,,,,,,,,
US4642871010,iShares S&P 100 Index Fund,iShares S&P 100 Index Fund,US EQUITY,0,1,0,0,0,0,0,0,1,0,0,0,1,USD,1.0000000000000004,0,0,0,0,0,0,0,0,1.0000000000000004,,,,,,,,,,,,,,,
US4642875565,ISHARES NASDAG BIOTECHNOLOGY I,ISHARES NASDAG BIOTECHNOLOGY I,US EQUITY,0,1,0,0,0,0,0,0,1,0,0,0,1,USD,0.9997218296283704,0,0,0.00013340113341552527,0.00014476923821437045,0,0,0,0,1.0000000000000002,,,,,,,,,,,,,,,
US2332035870,DFA Emerging Markets Value Por,DFA Emerging Markets Value Por,EMERGENTE,0,0,0,0,1,0,0,0,1,0,0,0,1,USD,0.05343773018884433,0.019401648268739198,0.01594715615483153,0.03301632944884643,0.006752641189273683,0.2047129777032619,0.037570495955065446,0.6291610210911379,0,1.0000000000000004,,,,,,,,,,,,,,,
LU0206294794,AB EM GROWTH PORTFOLIO,AB EM GROWTH PORTFOLIO,EMERGENTE,0,0,0,0,1,0,0,0,1,0,0,0,1,USD,0.08593845811243389,0.02963339027543251,0.028631973231958447,0.032651001887111744,0,0.1775078712725365,0.058473145376710195,0.5871641598438169,0,1.0000000000000002,,,,,,,,,,,,,,,
LU1322385532,Fidelity Funds World Fund I,Fidelity Funds World Fund I,GLOBAL EQUITY,1,0,0,0,0,0,0,0,1,0,0,0,1,USD,0.7049485974215337,0.146432439211427,0.056817105198017435,0.009441983385902422,0.05415747492313565,0,0,0.02820239985998321,0,0.9999999999999993,,,,,,,,,,,,,,,
LU0284395984,DNCA Invest Europe Value,DNCA Invest Europe Value,EUROPEAN EQUITY,0,0,1,0,0,0,0,0,1,0,0,0,1,EUR/GBP,0.02303234315232988,0.848814251046874,0,0,0.1281534058007961,0,0,0,0,1,,,,,,,,,,,,,,,
LU0050381036,WELLINGTON US RESEARCH EQUITY FUND,WELLINGTON US RESEARCH EQUITY FUND,US EQUITY,0,1,0,0,0,0,0,0,1,0,0,0,1,USD,0.9958570401702929,-9.7512590650391e-07,0,0.0041441188411023375,-1.8388548857212552e-07,0,0,0,0,1.0000000000000002,,,,,,,,,,,,,,,
US9220402096,THE VANGUARD GROUP INSTITUTIONAL INDEX FUND,THE VANGUARD GROUP INSTITUTIONAL INDEX FUND,US EQUITY,0,1,0,0,0,0,0,0,1,0,0,0,1,USD,0.9999999999999992,0,0,0,0,0,0,0,0,0.9999999999999992,,,,,,,,,,,,,,,
LU0390136223,FRANKLIN TEMPLETON INVESTMENTS FUNDS TEMPLETON A,FRANKLIN TEMPLETON INVESTMENTS FUNDS TEMPLETON A,EM ASIAN EQUITY,0,0,0,0,0,1,0,0,1,0,0,0,1,USD,0.07277372274535217,0,0,0,0,0.4021172834112573,0,0.5251089938433906,0,1,,,,,,,,,,,,,,,
LU1681047236,AMUNDI ETF EURO STOXX 50 UCITS ETF,AMUNDI ETF EURO STOXX 50 UCITS ETF,EUROPEAN EQUITY,0,0,1,0,0,0,0,0,1,0,0,0,1,EUR,0,0.9999999999999997,0,0,0,0,0,0,0,0.9999999999999997,,,,,,,,,,,,,,,
LU0729060128,AMUNDI EQUITY EMERGING FOCUS,AMUNDI EQUITY EMERGING FOCUS,EM EQUITY,0,0,0,0,1,0,0,0,1,0,0,0,1,USD,0.0763632336254603,0.024771536321104258,0.03366110634349446,0.004972764990875405,0,0.22166292632426332,0.052550496461136395,0.5860179457542904,0,1.0000000098206245,,,,,,,,,,,,,,,
LU1091682382,BGF ASIAN GROWTH LEADERS Fund,BGF ASIAN GROWTH LEADERS Fund,EM ASIAN EQUITY,0,0,0,0,0,1,0,0,1,0,0,0,1,USD,0.11054580898830073,0,0,0.01824685059026816,0,0.15132872412258153,0,0.7198786162988494,0,0.9999999999999998,,,,,,,,,,,,,,,
LU1240329117,INVESCO EURO EQUITY FUND,INVESCO EURO EQUITY FUND,EUROPEAN EQUITY,0,0,1,0,0,0,0,0,1,0,0,0,1,EUR,0.02181219398380428,0.9465943229863097,0,0,0.03159348302988602,0,0,0,0,1,,,,,,,,,,,,,,,
IE00B5KRRV51,USB GLOBAL EM OPPORTUNITY,USB GLOBAL EM OPPORTUNITY,EM EQUITY,0,0,0,0,1,0,0,0,1,0,0,0,1,USD/BRL/MXN,0,0.092,0,0,0,0.128,0.069,0.711,0,1,,,,,,,,,,,,,,,
LU1681045370,AMUNDI ETF MSCI EMERGING MARKETS UCITS,AMUNDI ETF MSCI EMERGING MARKETS UCITS,EM EQUITY,0,0,0,0,1,0,0,0,1,0,0,0,1,USD,0.03152313055790771,0.022691193395839096,0.015097306099740313,0.031194413631823868,0.007615451193572347,0.18082732789599285,0.04763058667395847,0.6634205905511654,0,1,,,,,,,,,,,,,,,
LU1770940051,JPM EUROPE STRATEGIC GROWTH I2,JPM EUROPE STRATEGIC GROWTH I2,EUROPEAN EQUITY,0,0,1,0,0,0,0,0,1,0,0,0,1,EUR/GBP,0.029799124969895088,0.7336783798241661,0,0,0.23652249520593902,0,0,0,0,1.0000000000000002,,,,,,,,,,,,,,,
IE0005042456,ETF UK,ISHARES CORE FTSE 100 UCITS ETF,EUROPEAN EQUITY,0,0,1,0,0,0,0,0,1,0,0,0,1,GBP,0.007012450005191508,0,0,0,0.9929875499948086,0,0,0,0,1.0000000000000002,,,,,,,,,,,,,,,
US46434G1031,ISHARES CORE MSCI EMERGING MARKETS ETF,ISHARES CORE MSCI EMERGING MARKETS ETF,EMERGENTE,0,0,0,0,1,0,0,0,1,0,0,0,1,USD/BRL,0.0306156196291092,0.023314949461062835,0.014766321517643866,0.03171977906149129,0.008239822645525516,0.19243140203466,0.04927832974281422,0.64963377590769,0,0.9999999999999969,,,,,,,,,,,,,,,
IE00B53L3W79,ISHARES EURO STOXX 50 UCITS,ETF Europe,EUROPEAN EQUITY,0,0,1,0,0,0,0,0,1,0,0,0,1,USD,0.017360123486654395,0.9826398765133452,0,0,0,0,0,0,0,0.9999999999999996,,,,,,,,,,,,,,,
LU1770939988,JPMorgan Funds - Emerging Markets Equity Funds,JPMorgan Funds - Emerging Markets Equity Funds,EM EQUITY,0,0,0,0,1,0,0,0,1,0,0,0,1,USD/MXN/BRL,0.2909197379059295,0.04388579441088334,0,0.0065747924154684325,0,0.15207766802625158,0.05488097614545705,0.4516610310960103,0,1.0000000000000002,,,,,,,,,,,,,,,
US78464A8475,SPDR Portfolio Mid Cap,SPDR Portfolio Mid Cap,US EQUITY,0,1,0,0,0,0,0,0,1,0,0,0,1,USD,0.9930229075942811,0,0,0.006977092405718197,0,0,0,0,0,0.9999999999999993,,,,,,,,,,,,,,,
US2332034139,DFA US Core Equity 1 I,DFA US Core Equity 1 I,US EQUITY,0,1,0,0,0,0,0,0,1,0,0,0,1,USD,0.9999947974185075,5.202581493943003e-06,0,0,0,0,0,0,0,1.0000000000000013,,,,,,,,,,,,,,,
US46434V2824,Ishares Edge MSCI Multifactor USA,Ishares Edge MSCI Multifactor USA,US EQUITY,0,1,0,0,0,0,0,0,1,0,0,0,1,USD,0.99980081465544,0,0,0.00019918534455930153,0,0,0,0,0,0.9999999999999993,,,,,,,,,,,,,,,
LU0788520384,Allianz Best Styles US Equity,Allianz Best Styles US Equity,US EQUITY,0,1,0,0,0,0,0,0,1,0,0,0,1,USD,0.9764332270130244,0,0,0.023566772986975657,0,0,0,0,0,1,,,,,,,,,,,,,,,
LU1240965456,INVESCO EURO EQUITY FUNDS ACC SHARES,INVESCO EURO EQUITY FUNDS ACC SHARES,EUROPEAN EQUITY,0,0,1,0,0,0,0,0,1,0,0,0,1,EUR,0.02181219398380428,0.9465943229863097,0,0,0.03159348302988602,0,0,0,0,1,,,,,,,,,,,,,,,
LU1549405964,INVESCO JAPANESE EQUITY ADVANTAGE FUNDS ACC SHARES,INVESCO JAPANESE EQUITY ADVANTAGE FUNDS ACC SHARES,ASIAN EQUITY,0,0,0,1,0,0,0,0,1,0,0,0,1,JPY,0,0,0.9999931202195407,0,0,0,0,0,0,0.9999931202195407,,,,,,,,,,,,,,,
LU1549405709,INVESCO GREATER CHINA EQUITY FUNDS ACC SHARES,INVESCO GREATER CHINA EQUITY FUNDS ACC SHARES,EM ASIAN EQUITY,0,0,0,0,0,1,0,0,1,0,0,0,1,USD,0.11843686200364728,0,0,0,0,0,0,0.8815631379963527,0,1,,,,,,,,,,,,,,,
LU1681045453,AMUNDI ETF MSCI EMERGING MARKETS UCITS,AMUNDI ETF MSCI EMERGING MARKETS UCITS,EM EQUITY,0,0,0,0,1,0,0,0,1,0,0,0,1,USD,0.03152313055790771,0.022691193395839096,0.015097306099740313,0.031194413631823868,0.007615451193572347,0.18082732789599285,0.04763058667395847,0.6634205905511654,0,1,,,,,,,,,,,,,,,
US81369Y3080,CONSUMER STAPLES SELECT SECTOR SPDR F,ETF Sectorial,US EQUITY,0,1,0,0,0,0,0,0,1,0,0,0,1,USD,1,0,0,0,0,0,0,0,0,1,,,,,,,,,,,,,,,
LU0935229152,SEEYOND EUROPE MINVOL,SEEYOND EUROPE MINVOL,EUROPEAN EQUITY,0,0,1,0,0,0,0,0,1,0,0,0,1,EUR/GBP,0.045648701359160666,0.8148506950947345,0,0,0.13950060354610508,0,0,0,0,1.0000000000000002,,,,,,,,,,,,,,,
LU1787469441,SEEYOND EUROPE MINVOL - SIAEUR,SEEYOND EUROPE MINVOL - SIAEUR,EUROPEAN EQUITY,0,0,1,0,0,0,0,0,1,0,0,0,1,EUR/GBP,0.045648701359160666,0.8148506950947345,0,0,0.13950060354610508,0,0,0,0,1.0000000000000002,,,,,,,,,,,,,,,
LU0313358250,GOLDMAN SACHS GS EMER MKT CORE EQ,GOLDMAN SACHS GS EMER MKT CORE EQ,EM EQUITY,0,0,0,0,1,0,0,0,1,0,0,0,1,USD,0.06716288907302552,0.027329722861977518,0.011417283769049515,0.04078618926041387,0.0027160186331029812,0.14545715115654206,0.04526943800166092,0.6598613072442279,0,1.0000000000000002,,,,,,,,,,,,,,,
LU1767066605,VONTOBEL  MTX SUSTAINABLE EMER MARKETS LEADERS,VONTOBEL  MTX SUSTAINABLE EMER MARKETS LEADERS,EM EQUITY,0,0,0,0,1,0,0,0,1,0,0,0,1,USD,0.09301013998568032,4.514802900279111e-06,0.023773278482139525,0.017549743770772595,0,0.16781718065041706,0.07757992103337283,0.6202652212747174,0,1,,,,,,,,,,,,,,,
LU1951186714,UBS LUX EQUITY FUND CHINA OPPORTUNITY USDIA3A,UBS LUX EQUITY FUND CHINA OPPORTUNITY USDIA3A,EM ASIAN EQUITY,0,0,0,0,0,1,0,0,1,0,0,0,1,USD,0.236882039041272,0,0,0,0,0,0,0.7631179609587279,0,0.9999999999999999,,,,,,,,,,,,,,,
IE00BQ1YBP44,COMGEST GROWTH JAPAN JPY I ACC,COMGEST GROWTH JAPAN JPY I ACC,ASIAN EQUITY,0,0,0,1,0,0,0,0,1,0,0,0,1,JPY,0,0,1,0,0,0,0,0,0,1,,,,,,,,,,,,,,,
LU0492943443,INVESTEC GLOBAL LATIN AMERICANINLAEIA LX EQUITY,FM Latam,LATIN AMERICAN EQUITY,0,0,0,0,0,0,1,0,1,0,0,0,1,USD,0.13620553150377918,0,0,0,0.008437390156481768,0.27213073890753003,0.4921868769049431,0.09103946252726619,0,1.0000000000000002,,,,,,,,,,,,,,,
US46429B6719,ISHARES MSCI CHINA ETF,ETF EM Asia,EM ASIAN EQUITY,0,0,0,0,0,1,0,0,1,0,0,0,1,USD,0.054771068094151866,0,0,0,0,0,0,0.945228931905848,0,0.9999999999999999,,,,,,,,,,,,,,,
GB00B4YXVT80,JANUS HENDERSON CHINA OPP FUND,FM China,EM EQUITY,0,0,0,0,0,1,0,0,1,0,0,0,1,USD,0.05157567946240312,0,0,0,0.011300661458784455,0,0,0.9371236590788129,0,1.0000000000000004,,,,,,,,,,,,,,,
LU1429558577,LOOMIS SAYLES US GROWTH EQUITY FUND,FM US,US EQUITY,0,1,0,0,0,0,0,0,1,0,0,0,1,USD,0.9684861710292817,0,0,0.031513828970718555,0,0,0,0,0,1.0000000000000002,,,,,,,,,,,,,,,
GB0006014921,BAILLIE GIFFORD JAPANESE SMALLER COMPANIES FUND,FM Japan,ASIAN EQUITY,0,0,0,1,0,0,0,0,1,0,0,0,1,GBP,0,0,1,0,0,0,0,0,0,1,,,,,,,,,,,,,,,
IE00BD6HM324,SPARX JAPAN FUND,FM Japan,ASIAN EQUITY,0,0,0,1,0,0,0,0,1,0,0,0,1,JPY,0,0,1,0,0,0,0,0,0,1,,,,,,,,,,,,,,,
LU0191250769,NN L GLOBAL SUTAINABLE EQUITY FUND,FM Global,GLOBAL EQUITY,1,0,0,0,0,0,0,0,1,0,0,0,1,USD/EUR/GBP/JPY,0.7524146889430856,0.10847440260488125,0.03500860303720296,5.682660141826477e-08,0.09110716389060636,0,0,0.012995084697622112,0,0.9999999999999998,,GB0006061963,,,,,,,,,,,,,
LU0629158030,WELLINGTON GLOBAL QUALITY GROWTH FUND,FM Global,GLOBAL EQUITY,1,0,0,0,0,0,0,0,1,0,0,0,1,USD/EUR/GBP/JPY,0.6093838815517065,0.11508552464842624,0.06230982596256728,0.014232242920309241,0.05476313454767229,0.023772473530733265,0,0.12045291683858558,0,1.0000000000000004,,,,,,,,,,,,,,,
DE0005933931,ISHARES CORE DAX UCITS ETF,ETF Europe,EUROPEAN EQUITY,0,0,1,0,0,0,0,0,1,0,0,0,1,EUR,0,0.9999999999999997,0,0,0,0,0,0,0,0.9999999999999997,,,,,,,,,,,,,,,
LU1428951294,VONTOBEL US EQUITY FUND,FM US,US EQUITY,0,1,0,0,0,0,0,0,1,0,0,0,1,USD,0.9596316247846036,0,0,0.04036837521539635,0,0,0,0,0,1,,,,,,,,,,,,,,,
LU0130376550,ALLIANCE BERNSTEIN AMERICAN GROWTH PORTFOLIO,FM US,US EQUITY,0,1,0,0,0,0,0,0,1,0,0,0,1,USD,0.9948155881099361,0,0,0.00518441189006388,0,0,0,0,0,1,,,,,,,,,,,,,,,
LU1997245763,ALLIANZ CHINA ASHARES EQUITY FUND,FM China,EM ASIAN EQUITY,0,0,0,0,0,1,0,0,1,0,0,0,1,USD,0.02111372876826427,0,0,0,0,0,0,0.9788862712317357,0,0.9999999999999999,,,,,,,,,,,,,,,
GB00B0119487,MAN INT ICVC CONTINENTAL EUROPEAN GROWTH FUND,FM Europe,EUROPEAN EQUITY,0,0,1,0,0,0,0,0,1,0,0,0,1,GBP,0.1207372055475307,0.8726534671733962,0,0,0,0,0,0.006609327279073045,0,1,,,,,,,,,,,,,,,
LU0426422076,INVESTEC GLOBAL STRATEGY FUND LTD GLOBAL FRANCHI,FM Global,GLOBAL EQUITY,1,0,0,0,0,0,0,0,1,0,0,0,1,USD,0.8082786324899207,0.14773766263643656,0,0,0.04398370487364259,0,0,0,0,0.9999999999999999,,,,,,,,,,,,,,,
GB0006061963,BAILLIE GIFFORD AMERICAN FUND,FM US,US EQUITY,0,1,0,0,0,0,0,0,1,0,0,0,1,USD,0.951031053432817,0,0,0.04187102295758033,0.007097923609602645,0,0,0,0,0.9999999999999999,,,,,,,,,,,,,,,
US46432F3881,ISHARES MSCI USA VALUE FACTOR,ETF US,US EQUITY,0,1,0,0,0,0,0,0,1,0,0,0,1,USD,0.9999999999999997,0,0,0,0,0,0,0,0,0.9999999999999997,,,,,,,,,,,,,,,
US97717X5784,WISDOM TREE ASSET MANAGEMENT INC,ETF EM,EM EQUITY,0,0,0,0,1,0,0,0,1,0,0,0,1,USD,0.05950078728233718,0.017699094889247348,0,0.03753906767552298,2.8202202668327058e-09,0.20413399489348064,0.03698153086862008,0.6441455215705705,0,0.999999999999999,,,,,,,,,,,,,,,
IE00BD065N65,VERITAS ASIAN FUND,FM EM Asia,ASIAN EQUITY,0,0,0,0,0,1,0,0,1,0,0,0,1,USD,0,0,0,0,0,0.1275,0,0.8724999999999999,0,1,,,,,,,,,,,,,,,
IE00BYT1GJ24,COMGEST ASSET MANAGEMENT INTERNATIONAL,FM Japan,ASIAN EQUITY,0,0,0,1,0,0,0,0,1,0,0,0,1,USD,0,0,1,0,0,0,0,0,0,1,,,,,,,,,,,,,,,
US4642866408,ISHARES MSCI CHILE INVESTABLE MARKET INDEX,ETF Latam,LATIN AMERICAN EQUITY,0,0,0,0,0,0,1,0,1,0,0,0,1,CLP,0.0002146665273013963,0,0,0,0,0,0,0.9997853334726987,0,1,,,,,,,,,,,,,,,
US81369Y8527,COMMUNICATION SERV SECTOR SPDR,ETF US,US EQUITY,0,1,0,0,0,0,0,0,1,0,0,0,1,USD,1,0,0,0,0,0,0,0,0,1,,,,,,,,,,,,,,,
US46432F3964,ISHARES MSCI USA MOMENTUM FACTOR,ETF US,US EQUITY,0,1,0,0,0,0,0,0,1,0,0,0,1,USD,1.0000000000000002,0,0,0,0,0,0,0,0,1.0000000000000002,,,,,,,,,,,,,,,
US46432F3709,ISHARES EDGE MSCI USA SIZE ETF,ETF US,US EQUITY,0,1,0,0,0,0,0,0,1,0,0,0,1,USD,0.9984158475186523,0,0,0.0015841524813462145,0,0,0,0,0,0.9999999999999986,,,,,,,,,,,,,,,
LU0943624824,JP MORGAN ASSET MANAGEMENT EUROPE- EM ASIA,ETF EM Asia,EM ASIAN EQUITY,0,0,0,0,0,1,0,0,1,0,0,0,1,USD,0.03847970859047964,0,0,0,0,0.18743377163751876,0,0.7740865197720017,0,1,,,,,,,,,,,,,,,
US97717X7194,WISDOMTREE CHINA EX STATE OWNED ENTERPRISES FUND C,ETF China,EM ASIAN EQUITY,0,0,0,0,0,1,0,0,1,0,0,0,1,USD,0.04748309321516145,0,0,0,0,0,0,0.9525169067848382,0,0.9999999999999997,,,,,,,,,,,,,,,
US81369Y1001,MATERIALS SELECT SECTOR SPDR,ETF US,US EQUITY,0,1,0,0,0,0,0,0,1,0,0,0,1,USD,1,0,0,0,0,0,0,0,0,1,,,,,,,,,,,,,,,
LU1934328755,INVESCO CHINA FOCS USD ACC,FM China,EM ASIAN EQUITY,0,0,0,0,0,1,0,0,1,0,0,0,1,USD,0.05718835920083212,0,0,0,0,0,0,0.9428116407991678,0,0.9999999999999999,,,,,,,,,,,,,,,
GB0006063233,BAILLIE GIFFORD PACIFIC B ACC,FM EM Asia,EM ASIAN EQUITY,0,0,0,0,0,1,0,0,1,0,0,0,1,USD,0.15195359613559956,0,0,0,0.01166661206804547,0.13079686166415042,0,0.7055829301322045,0,1,,,,,,,,,,,,,,,
US4642884302,ISHARES S&P ASIA 50 INDEX FD-AIA US,ETF EM Asia,EM ASIAN EQUITY,0,0,0,0,0,1,0,0,1,0,0,0,1,USD,0.0005090550129971428,0,0,0,0,0,0,0.9994909449870026,0,0.9999999999999998,,,,,,,,,,,,,,,
GB00BD5Z0Z54,Baillie Gifford L/T Glb Gr Invm B Acc,FM Global,GLOBAL EQUITY,1,0,0,0,0,0,0,0,1,0,0,0,1,USD,0.7187318533471486,0.09666419910375337,0,0.02000606041481268,0.012398997692723325,0.01497165725404031,0,0.13722723218752148,0,0.9999999999999998,,,,,,,,,,,,,,,
US81369Y5069,ENERGY SELECT SECTOR SPDR,ETF US,US EQUITY,0,1,0,0,0,0,0,0,1,0,0,0,1,USD,1,0,0,0,0,0,0,0,0,1,,,,,,,,,,,,,,,
IE00BYX2JD69,ISHARES MSCI WORLD SRI ETF,ETF Global,GLOBAL EQUITY,1,0,0,0,0,0,0,0,1,0,0,0,1,USD,0.6604414231878419,0.17248757840843773,0.07450379692700226,0.0485993416620284,0.020790501170909925,0,0,0.02317735864377948,0,0.9999999999999998,,,,,,,,,,,,,,,
IE00BYVJRP78,ISHARES MSCI EM SRI ETF,ETF EM Global,EM EQUITY,0,0,0,0,1,0,0,0,1,0,0,0,1,USD,0.03381254704593115,0.01588585889430968,0.018993719154541254,0.0055928026438502535,0,0.16288458529079353,0.03384315747545205,0.7289873294951215,0,0.9999999999999993,,,,,,,,,,,,,,,
LU0823426647,BNP PARIBAS FUNDS CHINA EQUITY I CAPITALISATION,FM China,EM ASIAN EQUITY,0,0,0,0,0,1,0,0,1,0,0,0,1,USD,0,0,0,0,0,0,0,1,0,1,,,,,,,,,,,,,,,
IE00BHWQNP08,COMGEST GROWTH EUROPE SMALLER COMPANIES FUND,FM Europe,EUROPEAN EQUITY,0,0,1,0,0,0,0,0,1,0,0,0,1,USD,0.026669013202989617,0.7305844207478768,0,0,0.2323584981835045,0,0,0.010388067865629324,0,1.0000000000000002,,,,,,,,,,,,,,,
GB0006058258,BAILLIE GIFFORD EUROPEAN FUND,FM Europe,EUROPEAN EQUITY,0,0,1,0,0,0,0,0,1,0,0,0,1,USD,0.03542460636461624,0.8910787278527402,0,0.06746514038522987,0.0060315253974136925,0,0,0,0,1,,,,,,,,,,,,,,,
LU1387591727,MORGAN STANLEY EUROPEAN OPPORTUNITY FUND,FM Europe,EUROPEAN EQUITY,0,0,1,0,0,0,0,0,1,0,0,0,1,USD,0.17252239265730518,0.7020181546529328,0,0,0.12545945268976194,0,0,0,0,1,,,,,,,,,,,,,,,
US5771258598,Matthews Asia Innovators Institutional,FM EM Asia,EM ASIAN EQUITY,0,0,0,0,0,1,0,0,1,0,0,0,1,USD,0.2277152026611206,0,0,0,0,0.13143921624771726,0,0.640845581091162,0,0.9999999999999998,,,,,,,,,,,,,,,
US46090E1038,INVESCO QQQ TRUST SERIES 1,ETF US,US EQUITY,0,1,0,0,0,0,0,0,1,0,0,0,1,USD,0.9859457004238779,0,0,0.014054299576122208,0,0,0,0,0,1,,,,,,,,,,,,,,,
LU0823422067,BNP DISRUPTIVE TECHI,FM Global,US EQUITY,0,1,0,0,0,0,0,0,1,0,0,0,1,USD,0.9237388662824161,0.04136983318390452,0.008326427198187688,0.02179098170901609,0,0,0,0.004773891626476042,0,1.0000000000000004,,,,,,,,,,,,,,,
GB00B06HZN29,BAILLIE GIFFORD EMERGING MARKETS LEADING CO FUND,FM EM Global,EM EQUITY,0,0,0,0,1,0,0,0,1,0,0,0,1,USD,0.27151526772579543,0.01964400164549619,0,0.029861529504781433,0.004884613345069569,0.12282795533678187,0.04258453600271077,0.5086820964393647,0,1,,,,,,,,,,,,,,,
LU1130125799,AS SICAV I CHINA A SHARE EQUITY FUND,FM China,EM ASIAN EQUITY,0,0,0,0,0,1,0,0,1,0,0,0,1,USD,0.025807325360072103,0,0,0,0,0,0,0.9741926746399279,0,1,,,,,,,,,,,,,,,
LU0888974473,BLACKROCK GLOBAL FUNDS CONTINENTAL EUROPEAN FLEX,FM Europe,EUROPEAN EQUITY,0,0,1,0,0,0,0,0,1,0,0,0,1,USD,0.05628225522068201,0.8994888523912694,0,0,0.04422889238804837,0,0,0,0,0.9999999999999998,,,,,,,,,,,,,,,
LU1713307699,SCHRODER INTERNATIONAL SELECTION FUND CHINA A C AC,FM China,EM ASIAN EQUITY,0,0,0,0,0,1,0,0,1,0,0,0,1,USD,0.021798885092699033,0,0,0,0,0,0,0.9782011149073013,0,1.0000000000000004,,,,,,,,,,,,,,,
LU1575869638,Fidelity Greater China I-Acc-USD,FM China,EM ASIAN EQUITY,0,0,0,0,0,1,0,0,1,0,0,0,1,USD,0.053907400559046345,0,0,0,0,0,0,0.9460925994409535,0,0.9999999999999998,,,,,,,,,,,,,,,
LU1770940218,JPM JAPAN EQTYI2 USD ACC,FM Japan,ASIAN EQUITY,0,0,0,1,0,0,0,0,1,0,0,0,1,USD,0,0,1,0,0,0,0,0,0,1,,,,,,,,,,,,,,,
IE00BYX8XC17,ISHARES MSCI JAPAN SRI UCITS ETF,ETF Japan,ASIAN EQUITY,0,0,0,1,0,0,0,0,1,0,0,0,1,USD,0.004191436425978875,0,0.995808563574021,0,0,0,0,0,0,0.9999999999999999,,,,,,,,,,,,,,,
IE00BYVJRR92,ISHARES MSCI USA SRI UCITS ETF USD ACC,ETF US,US EQUITY,0,1,0,0,0,0,0,0,1,0,0,0,1,USD,0.9999999999999999,0,0,0,0,0,0,0,0,0.9999999999999999,,,,,,,,,,,,,,,
IE00B4JNQZ49,ISHARES SP 500 FINANCIALS,ETF US,US EQUITY,0,1,0,0,0,0,0,0,1,0,0,0,1,USD,0.9999999999999999,0,0,0,0,0,0,0,0,0.9999999999999999,,,,,,,,,,,,,,,
LU2055182070,JPM CHINA ASHARE OPPORT I ACC,FM China,EM ASIAN EQUITY,0,0,0,0,0,1,0,0,1,0,0,0,1,USD,0,0,0,0,0,0,0,0.9999999999999997,0,0.9999999999999997,,,,,,,,,,,,,,,
FR0013406998,Echiquier Agenor SRI Mid Cap Eurp IXL,ETF Europe,EUROPEAN EQUITY,0,0,1,0,0,0,0,0,1,0,0,0,1,EUR,0,0.999999999999999,0,0,0,0,0,0,0,0.999999999999999,,,,,,,,,,,,,,,
US46641Q2176,JPMORGAN BETABUILDERS JAPAN,ETF Japan,ASIAN EQUITY,0,0,0,1,0,0,0,0,1,0,0,0,1,USD,0.00028426583093296866,0,0.9997157341690666,0,0,0,0,0,0,0.9999999999999996,,,,,,,,,,,,,,,
LU1378878604,MORGAN STANLEY ASIA OPPORTUNITY FUND,FM EM Asia,EM ASIAN EQUITY,0,0,0,0,0,1,0,0,1,0,0,0,1,USD,0.4351061644624026,0,0,0,0,0.1826401844542811,0,0.3822536510833163,0,1,,,,,,,,,,,,,,,
US09290C5094,BLACKROCK US CARBON TRANSITION REA,ETF US,US EQUITY,0,1,0,0,0,0,0,0,1,0,0,0,1,USD,0.9998905685071878,0,0,0.00010943149281140855,0,0,0,0,0,0.9999999999999992,,,,,,,,,,,,,,,
US78463X5095,SPDR® Portfolio Emerging Markets ETF,ETF EM Global,EM EQUITY,0,0,0,0,1,0,0,0,1,0,0,0,1,USD,0.10947032831611778,0.025754109468097107,0.016895442039245163,0.03273996015783295,0.00893386146954221,0.1710087007816226,0.03512959055373044,0.6000680072138111,0,0.9999999999999994,,,,,,,,,,,,,,,
IE00BQN1K901,ISHARES EDGE MSCI EUROPE VALUE FACTOR UCITS ETF,ETF Europe,EUROPEAN EQUITY,0,0,1,0,0,0,0,0,1,0,0,0,1,USD,0.023973695045690604,0.7214390145457674,0,0,0.25458729040854206,0,0,0,0,1,,,,,,,,,,,,,,,
LU0248059486,JPMORGAN FUS SM CP GRI USD,FM US,US EQUITY,0,1,0,0,0,0,0,0,1,0,0,0,1,USD,1,0,0,0,0,0,0,0,0,1,,,,,,,,,,,,,,,
US4642876142,ISHARES RUSSELL 1000 GROWTH ETF,ETF US,US EQUITY,0,1,0,0,0,0,0,0,1,0,0,0,1,USD,0.9993598056208216,0,0,0.0006401943791774259,0,0,0,0,0,0.999999999999999,,,,,,,,,,,,,,,
LU2059874102,UBS (Lux) EF China Oppo(USD) I-A2-acc,FM China,EM ASIAN EQUITY,0,0,0,0,0,1,0,0,1,0,0,0,1,USD,0.236882039041272,0,0,0,0,0,0,0.7631179609587279,0,0.9999999999999999,,,,,,,,,,,,,,,
LU0794920784,UBS (Lux) KSS Asian Eqs $ USD I-A1 Acc,FM EM Asia,EM ASIAN EQUITY,0,0,0,0,0,1,0,0,1,0,0,0,1,USD,0.10837056204763847,0,0,0,0,0.19548002536165382,0,0.6961494125907077,0,1,,,,,,,,,,,,,,,
LU1823088627,T ROWE PRICE JAPON EQUITY,FM Asia,ASIAN EQUITY,0,0,0,1,0,0,0,0,1,0,0,0,1,USD,0,0.015100156246087652,0.984899843753912,0,0,0,0,0,0,0.9999999999999997,,,,,,,,,,,,,,,
LU1616698814,MIROVA GLOBAL SUTAINABLE EQUITY FUND,FM Global,GLOBAL EQUITY,1,0,0,0,0,0,0,0,1,0,0,0,1,USD,0.6987109286344853,0.19660935168180105,0.025991709254513978,0.03924542320129115,0.039442587227907944,0,0,0,0,0.9999999999999994,,,,,,,,,,,,,,,
LU1866970491,BLACKROCK GLOBAL FUNDS EMERGING MARKETS FUND I5,FM Global,GLOBAL EQUITY,0,0,0,0,1,0,0,0,1,0,0,0,1,USD,0.24746305221355336,0.058589676388481046,0.01923475723125721,0.033477307808659984,0,0.18261440763684167,0.0455641269871917,0.41305667173401506,0,1,,,,,,,,,,,,,,,
LU0557290854,SCHRODER ISF GLOBAL SUSTAINABLE GROWTH,FM Global,GLOBAL EQUITY,1,0,0,0,0,0,0,0,1,0,0,0,1,USD,0.4988217134592692,0.20469437175131305,0.10554437477762503,0,0.1111435051220317,0.012598892126489937,0.0003252979409155599,0.06687184482235564,0,1,,,,,,,,,,,,,,,
IE00BF47M052,GAM Star Disruptive Gr Instl USD Acc,FM Global,US EQUITY,1,0,0,0,0,0,0,0,1,0,0,0,1,USD,0.7640232875221863,0.08611866246908764,0.1009777450895618,0,0,0,0,0.0488803049191644,0,1,,,,,,,,,,,,,,,
LU2376026337,DWS Invest Latin American Eqs USD IC,FM Latam,LATIN AMERICAN EQUITY,0,0,0,0,0,0,1,0,1,0,0,0,1,USD,0.30598711589844535,0,0,0,0,0.17618628570916783,0.49144023557399863,0.026386362818388305,0,1,,,,,,,,,,,,,,,
LU0908500753,Lyxor Core STOXX Europe 600(DR) ETF Acc,ETF Europe,EUROPEAN EQUITY,0,0,1,0,0,0,0,0,1,0,0,0,1,EUR,0.0066585300899217326,0.7596355388696234,0,0,0.233705931040455,0,0,0,0,1.0000000000000002,,ETF Europe,,,,,,,,,,,,,
LU0248042839,JPMORGAN FUNDS CHINA FUND I ACC USD,FM China,EM ASIAN EQUITY,0,0,0,0,0,1,0,0,1,0,0,0,1,USD,0.10597789575361251,0,0,0,0,0,0,0.894022104246387,0,0.9999999999999994,,FM China,,,,,,,,,,,,,
US46432F8427,ISHARES CORE MSCI EAFE ETF,ETF Global,GLOBAL EQUITY,1,0,0,0,0,0,0,0,1,0,0,0,1,USD,0.02165244244315242,0.46827019697819716,0.2452965539322422,0.00030194669010890257,0.14498163086591317,0,0,0.11949722909038697,0,1.0000000000000009,,ETF Global,,,,,,,,,,,,,
LU0111012836,PICTETASIAN EQUITIES EX JAPAN I USD,FM EM Asia,EM ASIAN EQUITY,0,0,0,0,0,1,0,0,1,0,0,0,1,USD,0.07036629203265819,0,0,0,0,0.1921811009024144,0,0.7374526070649273,0,0.9999999999999999,,,,,,,,,,,,,,,
LU1560650134,FIDELITY CHINA FOCUS FUND,FM China,EM ASIAN EQUITY,0,0,0,0,0,1,0,0,1,0,0,0,1,USD,0.0888012446166126,0.05087432248854258,0,0,0,0,0,0.8603244328948446,0,0.9999999999999998,,,,,,,,,,,,,,,
GB00B39RMM81,Baillie Gifford China Fund B (Acc),FM China,EM ASIAN EQUITY,0,0,0,0,0,1,0,0,1,0,0,0,1,GBP,0.052690156821042534,0,0,0,-0.005795004098601736,0,0,0.9531048472775591,0,0.9999999999999999,,,,,,,,,,,,,,,
US78468R5312,SPDR SP 500 ESG ETF,ETF US,US EQUITY,0,1,0,0,0,0,0,0,1,0,0,0,1,USD,1,0,0,0,0,0,0,0,0,1,,,,,,,,,,,,,,,
US81369Y8865,Utilities Select Sector SPDR® ETF,ETF US,US EQUITY,0,1,0,0,0,0,0,0,1,0,0,0,1,USD,1,0,0,0,0,0,0,0,0,1,,,,,,,,,,,,,,,
LU1777188316,FIDELITY JAPAN ADVANTAGE I,FM Japan,ASIAN EQUITY,0,0,0,1,0,0,0,0,1,0,0,0,1,JPY,0,0,1,0,0,0,0,0,0,1,,,,,,,,,,,,,,,
LU0858455784,ROBECO QI EMERGING MKT SUST ACT EQ,FM EM Global,EM GLOBAL EQUITY,0,0,0,0,1,0,0,0,1,0,0,0,1,USD,0.07662644343779229,0.05348418051576216,0.01148000753297674,0.0372443297504552,0.008069147292088515,0.1505484591045451,0.05451092799584288,0.6080365043705372,0,1,,,,,,,,,,,,,,,
LU1529950328,ROBECO CHINESE A SHARE EQUITIES,FM China,EM ASIAN EQUITY,0,0,0,0,0,1,0,0,1,0,0,0,1,USD,0,0,0,0,0,0,0,1,0,1,,,,,,,,,,,,,,,
GB00BNBS8650,FTF Martin Currie Japan Equity Fund,FM Japan,ASIAN EQUITY,0,0,0,1,0,0,0,0,1,0,0,0,1,GBP,0,0,0.9408944244309381,0,0.05910557556906191,0,0,0,0,1,,,,,,,,,,,,,,,
US81369Y8600,Real Estate Select Sector SPDR®,ETF US,US EQUITY,0,1,0,0,0,0,0,0,1,0,0,0,1,USD,1,0,0,0,0,0,0,0,0,1,,,,,,,,,,,,,,,
IE00BQT3WG13,ISHARES MSCI CHINA A UCITS ETF,ETF China,EM ASIAN EQUITY,0,0,0,0,0,1,0,0,1,0,0,0,1,USD,0.0023754323499505796,0,0,0,0,0,0,0.9976245676500501,0,1.0000000000000007,,,,,,,,,,,,,,,
IE00B86MWN23,iShares Edge MSCI Europe Minimum Volatility UCITS ETF,ETF Europe,EUROPEAN EQUITY,0,0,1,0,0,0,0,0,1,0,0,0,1,EUR,0.01594081321294517,0.8075189003105918,0,0,0.17654028647646314,0,0,0,0,1,,,,,,,,,,,,,,,
IE00B8FHGS14,iShares Edge MSCI World Minimum Volatility UCITS ETF,ETF Global,GLOBAL EQUITY,1,0,0,0,0,0,0,0,1,0,0,0,1,USD,0.6728222290476702,0.1330810010938968,0.10506362061396259,0.04634014751752072,0.007552644586897037,0,0,0.03514035714005237,0,0.9999999999999997,,,,,,,,,,,,,,,
LU0129437173,JPM Global Sustainable Equity C,FM Global,GLOBAL EQUITY,1,0,0,0,0,0,0,0,1,0,0,0,1,USD,0.7307945050809792,0.13131816699708498,0.05743107438648968,0,0.044154253589871954,0.014534818338730432,0,0.021767181606844023,0,1.0000000000000002,,,,,,,,,,,,,,,
LU2045877524,"FIDELITY ASIA PACIFIC OPPORTUNITIES ""I"" (USD) ACC",FM EM Asia,EM ASIAN EQUITY,0,0,0,0,0,1,0,0,1,0,0,0,1,USD,0.23335980414029653,0,0,0.08470401577411726,0,0.09013500021491151,0,0.5918011798706745,0,0.9999999999999998,,,,,,,,,,,,,,,
LU1079841513,OSSIAM SHILLER BRLYCAPE US ETF,ETF US,US EQUITY,0,1,0,0,0,0,0,0,1,0,0,0,1,USD,1.0000000000000009,0,0,0,0,0,0,0,0,1.0000000000000009,,,,,,,,,,,,,,,
LU0823435044,BNP PARIBAS US GROWTH,FM US,US EQUITY,0,1,0,0,0,0,0,0,1,0,0,0,1,USD,1,0,0,0,0,0,0,0,0,1,,,,,,,,,,,,,,,
LU0106261539,SCHRODER ISF US LARGE CAP C AC,FM US,US EQUITY,0,1,0,0,0,0,0,0,1,0,0,0,1,USD,0.9871982367135669,0.012801763286432868,0,0,0,0,0,0,0,0.9999999999999998,,,,,,,,,,,,,,,
GB00BZ2YND85,JUPITER ASIAN INCOME I GBP ACC,FM Asia,EM ASIAN EQUITY,0,0,0,0,0,1,0,0,1,0,0,0,1,GBP,0.0791,0,0,0,0,0,0,0.9209,0,1,,,,,,,,,,,,,,,
IE00B1YZSC51,ISHARES CORE MSCI EUROPA,FM Europe,EUROPEAN EQUITY,0,0,1,0,0,0,0,0,1,0,0,0,1,GBP,0.019115687739525652,0.7557163173034642,0,0,0.2251679949570099,0,0,0,0,0.9999999999999998,,,,,,,,,,,,,,,
US46641Q7613,JPMORGAN US QUALITY FACTOR,ETF US,US EQUITY,0,1,0,0,0,0,0,0,1,0,0,0,1,USD,1,0,0,0,0,0,0,0,0,1,,,,,,,,,,,,,,,
IE00BSJCNS13,GUARDCAP GLOBAL EQUITY - I USD,FM Global,GLOBAL EQUITY,1,0,0,0,0,0,0,0,1,0,0,0,1,USD,0.5821000000000001,0.3357,0.020499999999999997,0,0,0,0,0.0617,0,1,,,,,,,,,,,,,,,
DE000A0Q4R85,iShares MSCI Brazil UCITS,ETF Latam,LATIN AMERICAN EQUITY,0,0,0,0,0,0,1,0,1,0,0,0,1,USD,0.17140771827222182,0,0,0,0,0,0.8285922817277782,0,0,1,,,,,,,,,,,,,,,
LU1796233820,DWS Invest Latin American Equities FC50,FM Latam,LATIN AMERICAN EQUITY,0,0,0,0,0,0,1,0,1,0,0,0,1,EUR,0.30598711589844535,0,0,0,0,0.17618628570916783,0.49144023557399863,0.026386362818388305,0,1,,,,,,,,,,,,,,,
US46137V3574,INVESCO S&P 500 EQUAL WEIGHT,ETF US,US EQUITY,0,1,0,0,0,0,0,0,1,0,0,0,1,USD,1.0000000000000002,0,0,0,0,0,0,0,0,1.0000000000000002,,,,,,,,,,,,,,,
US46434G7723,iShares MSCI Taiwan ETF,ETF EM Asia,EM ASIAN EQUITY,0,0,0,0,0,1,0,0,1,0,0,0,1,USD,0.0006442998031545511,0,0,0,0,0,0,0.9993557001968454,0,0.9999999999999999,,,,,,,,,,,,,,,
US78464A8541,SPDR® Portfolio S&P 500 ETF,ETF US,US EQUITY,0,1,0,0,0,0,0,0,1,0,0,0,1,USD,1.000000000000001,0,0,0,0,0,0,0,0,1.000000000000001,,,,,,,,,,,,,,,
GB00BJSFMQ91,Invesco Asian Fund (UK) D (Acc),FM EM Asia,EM ASIAN EQUITY,0,0,0,0,0,1,0,0,1,0,0,0,1,GBP,0.12565888040369944,0,0,0,0.0627185899255578,0.06127377667505723,0,0.7503487529956856,0,1,,,,,,,,,,,,,,,
IE00B3YCGJ38,Invesco S&P 500 UCIT Acc,,,0,1,0,0,0,0,0,0,1,0,0,0,1,USD,0.99,0.004,0,0,0.006,0,0,0,0,1,,,,,,,,,,,,,,,
US46641Q1913,JPMorgan BetaBuilders Europe ETF,,,0,0,1,0,0,0,0,0,1,0,0,0,1,USD,0.009319779552425701,0.7518258391657002,0,0,0.23885438128187414,0,0,0,0,1,,,,,,,,,,,,,,,
IE00B6TYHG95,Wellington Strategic European Equity Fund EUR S Ac,FM Europe,EUROPEAN EQUITY,0,0,1,0,0,0,0,0,1,0,0,0,1,EUR,0.07231794938706157,0.6516059444614645,0,0,0.276076106151474,0,0,0,0,1,,,,,,,,,,,,,,,
IE00B53QG562,iShares Core MSCI EMU UCITS ETF,ETF Europe,EUROPEAN EQUITY,0,0,1,0,0,0,0,0,1,0,0,0,1,EUR,0.0016917857401755475,0.9973584739395223,0,0,0.0009497403203018986,0,0,0,0,0.9999999999999998,,,,,,,,,,,,,,,
LU1495982941,Blackrock - Japan Flexible Equity JPY,FM Japan,ASIAN EQUITY,0,0,0,1,0,0,0,0,1,0,0,0,1,JPY,0,0,1.000004647710343,0,0,0,0,0,0,1.000004647710343,,,,,,,,,,,,,,,
LU2134542260,Blackrock - World technology Fund,FM US,US EQUITY,0,1,0,0,0,0,0,0,1,0,0,0,1,USD,0.8268123840903995,0.05944322400762078,0.028671868961438533,0.03740867663036756,0.014581578215064625,0,0,0.033082268095109106,0,1.0000000000000002,,,,,,,,,,,,,,,
LU1217871059,GS Japan Equity Partners,FM Japan,ASIAN EQUITY,0,0,0,1,0,0,0,0,1,0,0,0,1,JPY,0,0,1,0,0,0,0,0,0,1,,,,,,,,,,,,,,,
IE00BF4G7076,JPM US Research Enhanced Index Equity,ETF US,US EQUITY,0,1,0,0,0,0,0,0,1,0,0,0,1,USD,1,0,0,0,0,0,0,0,0,1,,,,,,,,,,,,,,,
US46137V4317,Invesco S&P 500 GARP ETF,ETF US,US EQUITY,0,1,0,0,0,0,0,0,1,0,0,0,1,USD,1,0,0,0,0,0,0,0,0,1,,,,,,,,,,,,,,,
IE00BF4G6Y48,,,GLOBAL EQUITY,1,0,0,0,0,0,0,0,1,0,0,0,1,USD,0.7346216369554373,0.11947983458931051,0.0533119313663833,0.032219037349062514,0.039019905896627655,0,0,0.02134765384317841,0,0.9999999999999997,,,,,,,,,,,,,,,
GB0001448678,COLUMBIA THREADNEEDLE JAPAN FUND,FM Japan,ASIAN EQUITY,0,0,0,1,0,0,0,0,1,0,0,0,1,GBP,0,0,1.0198581382851903,0,-0.019858138285189897,0,0,0,0,1.0000000000000004,,,,,,,,,,,,,,,
LU0080998981,PICTET JAPANESE EQUITY SELECTION,FM Japan,ASIAN EQUITY,0,0,0,1,0,0,0,0,1,0,0,0,1,JPY,0,0,1,0,0,0,0,0,0,1,,,,,,,,,,,,,,,
IE00B3YZ8K73,NOMURA JAPAN STRATEGIC VALUE FUND,FM Japan,ASIAN EQUITY,0,0,0,1,0,0,0,0,1,0,0,0,1,USD,2.028200668089395e-06,4.160483092330071e-05,0.9994927132667213,0,0.00046365370168709305,0,0,0,0,0.9999999999999998,,,,,,,,,,,,,,,
US46434G7640,ISHARES MSCI EMR MRK EX CHINA,ETF EM Global,EM GLOBAL EQUITY,0,0,0,0,1,0,0,0,1,0,0,0,1,USD,0.02172549212694415,0.03281111996511403,0.02179253086221934,0.044934392503561786,0.010961258907778194,0.26043606659369195,0.06851293273341837,0.5388262063072717,0,0.9999999999999996,,,,,,,,,,,,,,,
US46429B5984,ISHARES MSCI INDIA ETF,ETF Asia,ASIAN EQUITY,0,0,0,0,0,1,0,0,1,0,0,0,1,USD,-0.0004951571926845223,0,0,0,0,1.0004951571926857,0,0,0,1.000000000000001,,,,,,,,,,,,,,,
LU2093717580,JPM EM MT DV- IUSDACC,FM EM Global,EM GLOBAL EQUITY,0,0,0,0,1,0,0,0,1,0,0,0,1,USD,0.05372246418253249,0.027402263830658333,0,0.03356700306286668,0,0.1428215040839762,0.06560366297605331,0.6768831018639132,0,1.0000000000000002,,,,,,,,,,,,,,,
GB0033030304,INVESCO GLB EM MKT UCIT,FM EM Global,EM GLOBAL EQUITY,0,0,0,0,1,0,0,0,1,0,0,0,1,GBP,0.15522269834884622,0.00678677447249843,0,0,0.019649540071765826,0.09525915510355301,0.0892888720185388,0.6337929599847971,0,0.9999999999999993,,,,,,,,,,,,,,,
IE00BTC1NF90,MAN Numeric EM EQ,FM EM Global,EM GLOBAL EQUITY,0,0,0,0,1,0,0,0,1,0,0,0,1,USD,0,0.0213,0.0218,0.054299999999999994,0,0.1487,0.0676,0.6863,0,1,,,,,,,,,,,,,,,
US4642875235,ISHARES SEMICONDUCTOR ETF,ETF US,US EQUITY,0,1,0,0,0,0,0,0,1,0,0,0,1,USD,1,0,0,0,0,0,0,0,0,1,,,,,,,,,,,,,,,
US46432F3394,ISHARES EDGE MSCI USA QUALITY,ETF US,US EQUITY,0,1,0,0,0,0,0,0,1,0,0,0,1,USD,1.0000000000000002,0,0,0,0,0,0,0,0,1.0000000000000002,,,,,,,,,,,,,,,
GB00BR4R5551,Dimensional Emerging Markets Core Equity,FM EM Global,EM GLOBAL EQUITY,0,0,0,0,1,0,0,0,1,0,0,0,1,EUR,0.05011545345578514,0.022137677948597306,0.016406098219738107,0.03906206107699243,0.007731620397745937,0.19804468723309235,0.05324923880616712,0.6132531628618826,0,1.0000000000000009,,,,,,,,,,,,,,,
US46641Q3083,JPMorgan Diversified Return Emerging Markets ETF,ETF EM Global,EM GLOBAL EQUITY,0,0,0,0,1,0,0,0,1,0,0,0,1,USD,0.01484007883633341,0.04020367547542209,0.04802984417664523,0.04206701320122411,0.007157695990142856,0.16431839410540644,0.18663242345164618,0.4967508747631785,0,0.9999999999999988,,,,,,,,,,,,,,,
LU1580142898,BGF CHINA SYS A SHR,FM China,EM ASIAN EQUITY,0,0,0,0,0,1,0,0,1,0,0,0,1,USD,0.01187764188660649,0,0,0,0,0,0,0.9881223581133932,0,0.9999999999999997,,,,,,,,,,,,,,,
IE00B42NKQ00,Ishares S&P 500 ENERGY,ETF US,US EQUITY,0,1,0,0,0,0,0,0,1,0,0,0,1,USD,1.0000000000000002,0,0,0,0,0,0,0,0,1.0000000000000002,,,,,,,,,,,,,,,
IE00BDDRF478,Ishares S&P 500 COMMUNICATION,ETF US,US EQUITY,0,1,0,0,0,0,0,0,1,0,0,0,1,USD,1.0000000000000002,0,0,0,0,0,0,0,0,1.0000000000000002,,,,,,,,,,,,,,,
IE00B3WJKG14,Ishares S&P 500 UTILITIES,ETF US,US EQUITY,0,1,0,0,0,0,0,0,1,0,0,0,1,USD,1.0000000000000002,0,0,0,0,0,0,0,0,1.0000000000000002,,,,,,,,,,,,,,,
IE00B4KBBD01,Ishares S&P 500 CONSUMER DSCRTN,ETF US,US EQUITY,0,1,0,0,0,0,0,0,1,0,0,0,1,USD,1.0000000000000002,0,0,0,0,0,0,0,0,1.0000000000000002,,,,,,,,,,,,,,,
IE00B4MCHD36,Ishares S&P 500 CONSUMER STAPLES,ETF US,US EQUITY,0,1,0,0,0,0,0,0,1,0,0,0,1,USD,1.0000000000000002,0,0,0,0,0,0,0,0,1.0000000000000002,,,,,,,,,,,,,,,
IE00B40B8R38,Ishares S&P 500 CONSUMER STAPLES,ETF US,US EQUITY,0,1,0,0,0,0,0,0,1,0,0,0,1,USD,1,0,0,0,0,0,0,0,0,1,,,,,,,,,,,,,,,
US33741X1028,First Trust SMID CAP Rising,ETF US,US EQUITY,0,1,0,0,0,0,0,0,1,0,0,0,1,USD,1,0,0,0,0,0,0,0,0,1,,,,,,,,,,,,,,,
LU0815264279,MORGAN ST EMERG LEAD EQ-Z,FM EM Global,EM GLOBAL EQUITY,0,0,0,0,1,0,0,0,1,0,0,0,1,USD,0.21542397025145987,0.0030548483033347477,0.003950854410943368,0,0,0.5152908180946348,0.13519222808159165,0.12708728085803553,0,1,,,,,,,,,,,,,,,
GB0033028225,INVESCO ASIAN -UK ACC,FM EM Asia,EM ASIAN EQUITY,0,0,0,0,0,1,0,0,1,0,0,0,1,GBP,0.12565888040369944,0,0,0,0.0627185899255578,0.06127377667505723,0,0.7503487529956856,0,1,,,,,,,,,,,,,,,
IE0004896431,PineBridge Global Focus Equity Fund,FM Global,GLOBAL EQUITY,1,0,0,0,0,0,0,0,1,0,0,0,1,USD,0.7537837933076749,0.12691364685054882,0.06788882212987182,0,0.05141373771190435,0,0,0,0,0.9999999999999999,,,,,,,,,,,,,,,
US4642872919,ISHARES GLOBAL TECH ETF,ETF US,US EQUITY,0,1,0,0,0,0,0,0,1,0,0,0,1,USD,0.820867236388127,0.04351278167829251,0.028438439632856412,0.015004018227069786,0.0016971897848306876,0,0,0.09048033428882335,0,0.9999999999999998,,,,,,,,,,,,,,,
US4642875151,ISHARES EXPANDED TECH-SOFTWARE,,US EQUITY,0,1,0,0,0,0,0,0,1,0,0,0,1,USD,0.9991656745976417,0,0,0.0008343254023583178,0,0,0,0,0,1,,,,,,,,,,,,,,,
US4642875078,ISHARES CORE S&P MID CAP ETF,,US EQUITY,0,1,0,0,0,0,0,0,1,0,0,0,1,USD,0.9930140058100067,0,0,0.006985994189994448,0,0,0,0,0,1.000000000000001,,,,,,,,,,,,,,,
US46138G6492,INVESCO NASDAQ 100 ETF,,US EQUITY,0,1,0,0,0,0,0,0,1,0,0,0,1,USD,0.9859697079599099,0,0,0.014030292040089947,0,0,0,0,0,0.9999999999999999,,,,,,,,,,,,,,,
LU1457522305,FIDELITY GLOBAL TECHNOLOGY,,GLOBAL EQUITY,0,1,0,0,0,0,0,0,1,0,0,0,1,USD,0.6423986754232998,0.12621540446798207,0.025100574960354765,0,0.01689720835060691,0,0,0.1893881367977566,0,1.0000000000000002,,,,,,,,,,,,,,,
US92206C6646,,,US EQUITY,0,1,0,0,0,0,0,0,1,0,0,0,1,USD,0.9923476209813639,0.0003745084670037471,0,0.00595116254653191,0.0013267080051018332,0,0,0,0,1.0000000000000013,,,,,,,,,,,,,,,
FR0011550193,BNP EUR Paribas Easy Stoxx 600 UCITS ETF,ETF Europe,EUROPEAN EQUITY,0,0,1,0,0,0,0,0,1,0,0,0,1,EUR,0.0037,0.7556,0,0,0.2407,0,0,0,0,1,,,,,,,,,,,,,,,
US2330518794,Xtrackers Harvest CSI 300,ETF China,EM ASIAN EQUITY,0,0,0,0,0,1,0,0,1,0,0,0,1,USD,0.00015499670703317682,0,0,0,0,0,0,0.9998450032929665,0,0.9999999999999998,,,,,,,,,,,,,,,
US46654Q7328,JPMorgan US Tech Leaders,ETF US,US EQUITY,0,1,0,0,0,0,0,0,1,0,0,0,1,USD,0.9713635192258159,0,0,0.028636480774183914,0,0,0,0,0,0.9999999999999998,,,,,,,,,,,,,,,
IE00B5L8K969,Ishares MSCI EM ASIA Acc,ETF EM Asia,EM ASIAN EQUITY,0,0,0,0,0,1,0,0,1,0,0,0,1,USD,0.0814419675776325,0,0,0,0,0.19524364743416697,0,0.7233143849882003,0,0.9999999999999998,,,,,,,,,,,,,,,
IE00BJ5JPG56,Ishares MSCI China USD Acc,ETF China,EM ASIAN EQUITY,0,0,0,0,0,1,0,0,1,0,0,0,1,USD,0.056702444471922527,0,0,0,0,0,0,0.9432975555280768,0,0.9999999999999993,,,,,,,,,,,,,,,
DE000A0D8QZ7,ISHARES STOXX EUROPE 200 UCITS ETF,FM Europe,EUROPEAN EQUITY,0,0,1,0,0,0,0,0,1,0,0,0,1,EUR,0.004794792582729534,0.7977379629368376,0,0,0.19746724448043323,0,0,0,0,1.0000000000000004,,,,,,,,,,,,,,,
LU0333811072,GS India EQ IUSDA,FM EM Asia,EM ASIAN EQUITY,0,0,0,0,0,1,0,0,1,0,0,0,1,USD,0.030144306935052847,0,0,0,0,0.9698556930649483,0,0,0,1.000000000000001,,,,,,,,,,,,,,,
IE00BFNM3G45,Ishares MSCI USA SCR UCITS,FM US,US EQUITY,0,1,0,0,0,0,0,0,1,0,0,0,1,USD,0.9991037666854818,0,0,0.0008962333145186054,0,0,0,0,0,1.0000000000000004,,,,,,,,,,,,,,,
GB00BKPQVT86,Liontrust Europe Dynamic,FM Europe,EUROPEAN EQUITY,0,0,1,0,0,0,0,0,1,0,0,0,1,GBP,0.05465190524421551,0.9430360819538844,0,0,0.0023120128019000928,0,0,0,0,1,,,,,,,,,,,,,,,
LU0191250090,GS Eurozone EQ Income,FM Europe,EUROPEAN EQUITY,0,0,1,0,0,0,0,0,1,0,0,0,1,EUR,0.010104044310991803,0.9813249818449554,0,0,0.008551987154173178,0,0,1.8986689879264132e-05,0,0.9999999999999997,,,,,,,,,,,,,,,
US46138E8003,Invesco China Technology,ETF China,EM ASIAN EQUITY,0,0,0,0,0,1,0,0,1,0,0,0,1,USD,0.10395904683618092,0,0,0,0,0,0,0.8960409531638192,0,1,,,,,,,,,,,,,,,
IE00BJQRDN15,Invesco Global Active ESG Equity UCITS ETF USD Acc,FM Global,GLOBAL EQUITY,1,0,0,0,0,0,0,0,1,0,0,0,1,USD,0.7074772911897748,0.14644318924360572,0.08774711191112487,0.03841454369483419,0.01036737380433745,0,0,0.00955049015632441,0,1.0000000000000013,,,,,,,,,,,,,,,
IE00B44Z5B48,SPDR MSCI All Country World UCITS ETF,FM Global,GLOBAL EQUITY,1,0,0,0,0,0,0,0,1,0,0,0,1,USD,0.6538445562105225,0.10937673601291623,0.05112162164655706,0.033515862980015416,0.03531416486422499,0.019365999249202525,0.004580597327232171,0.09288046170932979,0,1.0000000000000007,,,,,,,,,,,,,,,
US09290C1036,BlackRock US Equity Factor Rotation,ETF US,US EQUITY,0,1,0,0,0,0,0,0,1,0,0,0,1,USD,1,0,0,0,0,0,0,0,0,1,,,,,,,,,,,,,,,
LU0136240974,UBS ETF MSCI JAPAN,ETF Japan,ASIAN EQUITY,0,0,0,1,0,0,0,0,1,0,0,0,1,USD,7.347001109582933e-05,3.0227411255841735e-06,0.9999235072477781,0,0,0,0,0,0,0.9999999999999996,,,,,,,,,,,,,,,
LU0106259392,Schroders Intl Latin America,FM Latam,LATIN AMERICAN EQUITY,0,0,0,0,0,0,1,0,1,0,0,0,1,USD,0.4771315244298411,0,0,0,0,0.20975805772425107,0.28587886769779963,0.027231550148108453,0,1.0000000000000002,,,,,,,,,,,,,,,
LU2920409039,Allianz Best Styles Global Equity,FM Global,GLOBAL EQUITY,1,0,0,0,0,0,0,0,1,0,0,0,1,USD,0.7205649946869422,0.15213159990309227,0.050690726084815,0.02183867524089852,0.03702184751120564,0,0,0.017752156573046334,0,0.9999999999999999,,,,,,,,,,,,,,,
LU0096363154,CT Global Focus,FM Global,GLOBAL EQUITY,1,0,0,0,0,0,0,0,1,0,0,0,1,USD,0.6933271534518383,0.07931975141286235,0.06109775388300337,0,0.08842183876273772,0.019500428919023968,0,0.05833307357053412,0,0.9999999999999997,,,,,,,,,,,,,,,
GB0030810351,CT JAPAN FUND - I ACC JPY,FM Japan,ASIAN EQUITY,0,0,0,1,0,0,0,0,1,0,0,0,1,JPY,0,0,1.0198581382851903,0,-0.019858138285189897,0,0,0,0,1.0000000000000004,,,,,,,,,,,,,,,
IE00B5SSQT16,HSBC MSCI EMERGING MARKETS U,ETF EM Global,EM GLOBAL EQUITY,0,0,0,0,1,0,0,0,1,0,0,0,1,USD,0.05812673,0.02154565,0.0144719,0.03247288,0.00700108,0.17067145,0.02540255,0.6703077399999998,0,0.9999999799999999,,,,,,,,,,,,,,,
GB00BNGGYW21,INVES GBL EMER MK UK-MA,FM EM Global,EM GLOBAL EQUITY,0,0,0,0,1,0,0,0,1,0,0,0,1,USD,0.13523468,0.00690049,0,0,0.044492495,0.08892789999999999,0.09112244,0.6333219800000001,0,0.9999999850000001,,,,,,,,,,,,,,,
LU0234682044,GS EUROP COR E IA,FM Europe,EUROPEAN EQUITY,0,0,1,0,0,0,0,0,1,0,0,0,1,USD,0.05737373,0.8045713585,0,0.00249899,0.135555937,0,0,0,0,1.0000000155,,,,,,,,,,,,,,,
US4642852044,ISHARES GOLD TRUST ETF,ETF US,US EQUITY,0,1,0,0,0,0,0,0,1,0,0,0,1,USD,1,0,0,0,0,0,0,0,0,1,,,,,,,,,,,,,,,
US78464A6982,SPDR S&P REGIONAL BANK,ETF US,US EQUITY,0,1,0,0,0,0,0,0,1,0,0,0,1,USD,1,0,0,0,0,0,0,0,0,1,,,,,,,,,,,,,,,
IE00B27YCK28,iShares MSCI EM LATAM UCITS,ETF Latam,LATIN AMERICAN EQUITY,0,0,0,0,0,0,1,0,1,0,0,0,1,USD,0.30598711589844535,0,0,0,0,0.17618628570916783,0.49144023557399863,0.026386362818388305,0,1,,,,,,,,,,,,,,,
IE00BFNM3J75,iShares MSCI WORLD SCREENED,ETF Global,GLOBAL EQUITY,1,0,0,0,0,0,0,0,1,0,0,0,1,USD,0.7346216369554373,0.11947983458931051,0.0533119313663833,0.032219037349062514,0.039019905896627655,0,0,0.02134765384317841,0,0.9999999999999997,,,,,,,,,,,,,,,
US46654Q7815,JPMORGAN Equity Focus,ETF US,US EQUITY,0,1,0,0,0,0,0,0,1,0,0,0,1,USD,1,0,0,0,0,0,0,0,0,1,,,,,,,,,,,,,,,
IE00B02KXM00,iShares Euro Stoxx Small Caps UCITS,ETF Europe,EUROPEAN EQUITY,0,0,1,0,0,0,0,0,1,0,0,0,1,GBP,0.0037,0.7556,0,0,0.2407,0,0,0,0,1,,,,,,,,,,,,,,,
LU0248059726,JPMORGAN Funds US Growth,FM US,US EQUITY,0,1,0,0,0,0,0,0,1,0,0,0,1,USD,0.8268123840903995,0.05944322400762078,0.028671868961438533,0.03740867663036756,0.014581578215064625,0,0,0.033082268095109106,0,1.0000000000000002,,,,,,,,,,,,,,,
IE000NFR7C63,iShares MSCI China Tech,ETF China,EM ASIAN EQUITY,0,0,0,0,0,1,0,0,1,0,0,0,1,USD,0.0307956,0,0,0,0.019485461,0.13293813,0,0.81678081,0,1.000000001,,,,,,,,,,,,,,,
LU2339002227,JPM Asia EQY-I2USDA,FM EM Global,EM ASIAN EQUITY,0,0,0,0,0,1,0,0,1,0,0,0,1,USD,0.11464989,0,0,0,0,0,0,0.88533434,0,0.99998423,,,,,,,,,,,,,,,
US46434G8556,ISHARES MSCI GLOBAL GOLD MIN,ETF Global,GLOBAL EQUITY,1,0,0,0,0,0,0,0,1,0,0,0,1,USD,0.23180035,2.4919e-09,0,0.57670539,0.009523914,0,0.00437104,0.17759930000000002,0,0.9999999964919,,,,,,,,,,,,,,,
IE00BFNM3P36,ISHARES MSCI EM IMI ESG SCREENED UCITS ETF,ETF EM Global,EM GLOBAL EQUITY,0,0,0,0,1,0,0,0,1,0,0,0,1,USD,0.03090966,0.02398614437,0.01531092,0.029777246,0.0071151,0.16415046,0.04753445,0.68119207,0,0.99997605037,,,,,,,,,,,,,,,
LU2648078835,T ROWE PRICE US STRUCTURED RESEARCH EQUITY,FM US,US EQUITY,0,1,0,0,0,0,0,0,1,0,0,0,1,USD,0.9941077675788054,5.92322901454997e-05,0,0.005833000131047903,0,0,0,0,0,0.9999999999999988,,,,,,,,,,,,,,,
LU1751457539,Wellington Asian Technology Fund,FM EM Asia,EM ASIAN EQUITY,0,0,0,0,0,1,0,0,1,0,0,0,1,USD,0.10052753,0.01436068,0.32912527,0,0,0.00055557,0,0.5554423100000001,0,1.0000113600000002,,,,,,,,,,,,,,,
US37960A5294,GLOBAL X DEFENSE TECH,ETF Global,GLOBAL EQUITY,1,0,0,0,0,0,0,0,1,0,0,0,1,USD,0.58591908,0.20619716999999999,0.00037449,0.00286271,0.069782816,2.4919e-09,0.00620174,0.12866199,2.4919e-09,1.0000000009838002,,,,,,,,,,,,,,,
LU1829219390,Euro Stoxx Banks,ETF Europe,EUROPEAN EQUITY,0,0,1,0,0,0,0,0,1,0,0,0,1,USD,0,1,0,0,0,0,0,0,0,1,,,,,,,,,,,,,,,
US4642865178,ISHARES EM LOCAL CURRENCY BOND ETF,ETF EM,SOBERANOS,0,0,0,0,0,0,0,0,0,0,0,0,1,USD,0.09152338301565421,0.20582912857924074,0,0,0,0.15168097880020973,0.16009976633179807,0.39086674327309745,0,1.0000000000000002,,,,,,,,,,,,,,,
IE00B5M4WH52,ISHARES EM LOCAL CURRENCY BOND ETF UCITS,ETF EM,SOBERANOS,0,0,0,0,0,0,0,0,0,0,0,0,1,USD,0.05731335477488566,0.17870518751607517,0,0,0,0.20002117653789625,0.08143652840083643,0.48251199107448406,0,0.9999882383041775,,,,,,,,,,,,,,,
IE00B29K0P99,PIMCO GIS EMERG LCL BD,FM EM,SOBERANOS,0,0,0,0,0,0,0,0,0,0,0,0,1,USD,0.28705315515886487,0.20644057966459295,0,0,0.002456008757187049,0.15848695162948753,0.06469064065186382,0.2808726641380039,0,1,,,,,,,,,,,,,,,
LU1629326833,ABERDEEN EM LOCAL DEBT,FM EM,SOBERANOS,0,0,0,0,0,0,0,0,0,0,0,0,1,USD,0.1601628242268051,0.10218254158202193,0,0,0,0.13079932067220518,0.1879314009125356,0.41892391260643214,0,1,,,,,,,,,,,,,,,
IE00BKZGKM40,BARINGS EM LOCAL DEBT,FM EM,SOBERANOS,0,0,0,0,0,0,0,0,0,0,0,0,1,USD,0.250464100284422,0.22729601827257784,0,0,0,0.10403573244192364,0.026128348731836788,0.39207580026923966,0,1,,,,,,,,,,,,,,,
COR4LPT00019,FCP CPVAL TERMO,FCP CPVAL TERMO,FCP,0,0,0,0,0,0,0,0,0,0,0,0,1,USD,1,0,0,0,0,0,0,,0,1,,,,,,,,,,,,,,,
COR23PT00048,FEP5 FCP ALTRA FCP 1,FEP5 FCP ALTRA FCP 1,FCP,0,0,0,0,0,0,0,0,0,0,0,0,1,USD/EUR,0.0528,0.9472,0,0,0,0,0,,0,1,,,,,,,,,,,,,,,
COR23PT00055,FEP5 FCP ALTRA FCP 1,FEP5 FCP ALTRA FCP 1,FCP,0,0,0,0,0,0,0,0,0,0,0,0,1,USD/EUR,0.0528,0.9472,0,0,0,0,0,,0,1,,,,,,,,,,,,,,,
COR23PT00030,FEP5 FCP ALTRA FCP 1,FEP5 FCP ALTRA FCP 1,FCP,0,0,0,0,0,0,0,0,0,0,0,0,1,USD/EUR,0.0528,0.9472,0,0,0,0,0,,0,1,,,,,,,,,,,,,,,
COR23PT00063,FEP5 FCP ALTRA FCP 1,FEP5 FCP ALTRA FCP 1,FCP,0,0,0,0,0,0,0,0,0,0,0,0,1,USD/EUR,0.0528,0.9472,0,0,0,0,0,,0,1,,,,,,,,,,,,,,,
COR23PT00071,FEP5 FCP ALTRA FCP 1,FEP5 FCP ALTRA FCP 1,FCP,0,0,0,0,0,0,0,0,0,0,0,0,1,USD/EUR,0.0528,0.9472,0,0,0,0,0,,0,1,,,,,,,,,,,,,,,
COR23PT00089,FEP5 FCP ALTRA FCP 1,FEP5 FCP ALTRA FCP 1,FCP,0,0,0,0,0,0,0,0,0,0,0,0,1,USD/EUR,0.0528,0.9472,0,0,0,0,0,,0,1,,,,,,,,,,,,,,,
COR23PT00097,FEP5 FCP ALTRA FCP 1,FEP5 FCP ALTRA FCP 1,FCP,0,0,0,0,0,0,0,0,0,0,0,0,1,USD/EUR,0.0528,0.9472,0,0,0,0,0,,0,1,,,,,,,,,,,,,,,
COR23PT00105,FEP5 FCP ALTRA FCP 1,FEP5 FCP ALTRA FCP 1,FCP,0,0,0,0,0,0,0,0,0,0,0,0,1,USD/EUR,0.0528,0.9472,0,0,0,0,0,,0,1,,,,,,,,,,,,,,,
COR23PT00113,FEP5 FCP ALTRA FCP 1,FEP5 FCP ALTRA FCP 1,FCP,0,0,0,0,0,0,0,0,0,0,0,0,1,USD/EUR,0.0528,0.9472,0,0,0,0,0,,0,1,,,,,,,,,,,,,,,
COR23PT00121,FEP5 FCP ALTRA FCP 1,FEP5 FCP ALTRA FCP 1,FCP,0,0,0,0,0,0,0,0,0,0,0,0,1,USD/EUR,0.0528,0.9472,0,0,0,0,0,,0,1,,,,,,,,,,,,,,,
COR23PT00139,FEP5 FCP ALTRA FCP 1,FEP5 FCP ALTRA FCP 1,FCP,0,0,0,0,0,0,0,0,0,0,0,0,1,USD/EUR,0.0528,0.9472,0,0,0,0,0,,0,1,,,,,,,,,,,,,,,
COR23PT00147,FEP5 FCP ALTRA FCP 1,FEP5 FCP ALTRA FCP 1,FCP,0,0,0,0,0,0,0,0,0,0,0,0,1,USD/EUR,0.0528,0.9472,0,0,0,0,0,,0,1,,,,,,,,,,,,,,,
COR23PT00154,FEP5 FCP ALTRA FCP 1,FEP5 FCP ALTRA FCP 1,FCP,0,0,0,0,0,0,0,0,0,0,0,0,1,USD/EUR,0.0528,0.9472,0,0,0,0,0,,0,1,,,,,,,,,,,,,,,
COR23PT00162,FEP5 FCP ALTRA FCP 1,FEP5 FCP ALTRA FCP 1,FCP,0,0,0,0,0,0,0,0,0,0,0,0,1,USD/EUR,0.0528,0.9472,0,0,0,0,0,,0,1,,,,,,,,,,,,,,,
COR23PT00170,FEP5 FCP ALTRA FCP 1,FEP5 FCP ALTRA FCP 1,FCP,0,0,0,0,0,0,0,0,0,0,0,0,1,USD/EUR,0.0528,0.9472,0,0,0,0,0,,0,1,,,,,,,,,,,,,,,
COR23PT00188,FEP5 FCP ALTRA FCP 1,FEP5 FCP ALTRA FCP 1,FCP,0,0,0,0,0,0,0,0,0,0,0,0,1,USD/EUR,0.0528,0.9472,0,0,0,0,0,,0,1,,,,,,,,,,,,,,,
COR23PT00196,FEP5 FCP ALTRA FCP 1,FEP5 FCP ALTRA FCP 1,FCP,0,0,0,0,0,0,0,0,0,0,0,0,1,USD/EUR,0.0528,0.9472,0,0,0,0,0,,0,1,,,,,,,,,,,,,,,
COR23PT00022,FONDO DE CAPITAL PRIVADO ALTRA FCP I,FEP5 FCP ALTRA FCP 1,FCP,0,0,0,0,0,0,0,0,0,0,0,0,1,USD/EUR,0.0528,0.9472,0,0,0,0,0,,0,1,,,,,,,,,,,,,,,
COR23PT00014,FONDO DE CAPITAL PRIVADO ALTRA FCP I,FEP5 FCP ALTRA FCP 1,FCP,0,0,0,0,0,0,0,0,0,0,0,0,1,USD/EUR,0.0528,0.9472,0,0,0,0,0,,0,1,,,,,,,,,,,,,,,
CORH7PT00017,FEP5 FCP ALTRA FCP 2,FEP5 FCP ALTRA FCP 2,FCP,0,0,0,0,0,0,0,0,0,0,0,0,1,USD/EUR,0.1697,0.8303,0,0,0,0,0,,0,1,,,,,,,,,,,,,,,
CORH7PT00025,FEP5 FCP ALTRA FCP 2,FEP5 FCP ALTRA FCP 2,FCP,0,0,0,0,0,0,0,0,0,0,0,0,1,USD/EUR,0.1697,0.8303,0,0,0,0,0,,0,1,,,,,,,,,,,,,,,
CORH7PT00033,FEP5 FCP ALTRA FCP 2,FEP5 FCP ALTRA FCP 2,FCP,0,0,0,0,0,0,0,0,0,0,0,0,1,USD/EUR,0.1697,0.8303,0,0,0,0,0,,0,1,,,,,,,,,,,,,,,
CORH7PT00041,FEP5 FCP ALTRA FCP 2,FEP5 FCP ALTRA FCP 2,FCP,0,0,0,0,0,0,0,0,0,0,0,0,1,USD/EUR,0.1697,0.8303,0,0,0,0,0,,0,1,,,,,,,,,,,,,,,
CORH7PT00058,FEP5 FCP ALTRA FCP 2,FEP5 FCP ALTRA FCP 2,FCP,0,0,0,0,0,0,0,0,0,0,0,0,1,USD/EUR,0.1697,0.8303,0,0,0,0,0,,0,1,,,,,,,,,,,,,,,
CORH7PT00066,FEP5 FCP ALTRA FCP 2,FEP5 FCP ALTRA FCP 2,FCP,0,0,0,0,0,0,0,0,0,0,0,0,1,USD/EUR,0.1697,0.8303,0,0,0,0,0,,0,1,,,,,,,,,,,,,,,
CORH7PT00074,FEP5 FCP ALTRA FCP 2,FEP5 FCP ALTRA FCP 2,FCP,0,0,0,0,0,0,0,0,0,0,0,0,1,USD/EUR,0.1697,0.8303,0,0,0,0,0,,0,1,,,,,,,,,,,,,,,
CORH7PT00082,FEP5 FCP ALTRA FCP 2,FEP5 FCP ALTRA FCP 2,FCP,0,0,0,0,0,0,0,0,0,0,0,0,1,USD/EUR,0.1697,0.8303,0,0,0,0,0,,0,1,,,,,,,,,,,,,,,
CORH7PT00090,FEP5 FCP ALTRA FCP 2,FEP5 FCP ALTRA FCP 2,FCP,0,0,0,0,0,0,0,0,0,0,0,0,1,USD/EUR,0.1697,0.8303,0,0,0,0,0,,0,1,,,,,,,,,,,,,,,
CORH7PT00108,FEP5 FCP ALTRA FCP 2,FEP5 FCP ALTRA FCP 2,FCP,0,0,0,0,0,0,0,0,0,0,0,0,1,USD/EUR,0.1697,0.8303,0,0,0,0,0,,0,1,,,,,,,,,,,,,,,
CORH7PT00280,FEP5 FCP ALTRA FCP 2,FEP5 FCP ALTRA FCP 2,FCP,0,0,0,0,0,0,0,0,0,0,0,0,1,USD/EUR,0.1697,0.8303,0,0,0,0,0,,0,1,,,,,,,,,,,,,,,
CORH7PT00116,FEP5 FCP ALTRA FCP 2,FEP5 FCP ALTRA FCP 2,FCP,0,0,0,0,0,0,0,0,0,0,0,0,1,USD/EUR,0.1697,0.8303,0,0,0,0,0,,0,1,,,,,,,,,,,,,,,
CORH7PT00124,FEP5 FCP ALTRA FCP 2,FEP5 FCP ALTRA FCP 2,FCP,0,0,0,0,0,0,0,0,0,0,0,0,1,USD/EUR,0.1697,0.8303,0,0,0,0,0,,0,1,,,,,,,,,,,,,,,
CORH7PT00132,FEP5 FCP ALTRA FCP 2,FEP5 FCP ALTRA FCP 2,FCP,0,0,0,0,0,0,0,0,0,0,0,0,1,USD/EUR,0.1697,0.8303,0,0,0,0,0,,0,1,,,,,,,,,,,,,,,
CORH7PT00140,FEP5 FCP ALTRA FCP 2,FEP5 FCP ALTRA FCP 2,FCP,0,0,0,0,0,0,0,0,0,0,0,0,1,USD/EUR,0.1697,0.8303,0,0,0,0,0,,0,1,,,,,,,,,,,,,,,
CORH7PT00157,FEP5 FCP ALTRA FCP 2,FEP5 FCP ALTRA FCP 2,FCP,0,0,0,0,0,0,0,0,0,0,0,0,1,USD/EUR,0.1697,0.8303,0,0,0,0,0,,0,1,,,,,,,,,,,,,,,
CORH7PT00165,FEP5 FCP ALTRA FCP 2,FEP5 FCP ALTRA FCP 2,FCP,0,0,0,0,0,0,0,0,0,0,0,0,1,USD/EUR,0.1697,0.8303,0,0,0,0,0,,0,1,,,,,,,,,,,,,,,
CORH7PT00173,FEP5 FCP ALTRA FCP 2,FEP5 FCP ALTRA FCP 2,FCP,0,0,0,0,0,0,0,0,0,0,0,0,1,USD/EUR,0.1697,0.8303,0,0,0,0,0,,0,1,,,,,,,,,,,,,,,
CORH7PT00181,FEP5 FCP ALTRA FCP 2,FEP5 FCP ALTRA FCP 2,FCP,0,0,0,0,0,0,0,0,0,0,0,0,1,USD/EUR,0.1697,0.8303,0,0,0,0,0,,0,1,,,,,,,,,,,,,,,
CORH7PT00199,FEP5 FCP ALTRA FCP 2,FEP5 FCP ALTRA FCP 2,FCP,0,0,0,0,0,0,0,0,0,0,0,0,1,USD/EUR,0.1697,0.8303,0,0,0,0,0,,0,1,,,,,,,,,,,,,,,
CORH7PT00207,FEP5 FCP ALTRA FCP 2,FEP5 FCP ALTRA FCP 2,FCP,0,0,0,0,0,0,0,0,0,0,0,0,1,USD/EUR,0.1697,0.8303,0,0,0,0,0,,0,1,,,,,,,,,,,,,,,
CORH7PT00215,FEP5 FCP ALTRA FCP 2,FEP5 FCP ALTRA FCP 2,FCP,0,0,0,0,0,0,0,0,0,0,0,0,1,USD/EUR,0.1697,0.8303,0,0,0,0,0,,0,1,,,,,,,,,,,,,,,
CORH7PT00256,FEP5 FCP ALTRA FCP 2,FEP5 FCP ALTRA FCP 2,FCP,0,0,0,0,0,0,0,0,0,0,0,0,1,USD/EUR,0.1697,0.8303,0,0,0,0,0,,0,1,,,,,,,,,,,,,,,
CORH7PT00264,FEP5 FCP ALTRA FCP 2,FEP5 FCP ALTRA FCP 2,FCP,0,0,0,0,0,0,0,0,0,0,0,0,1,USD/EUR,0.1697,0.8303,0,0,0,0,0,,0,1,,,,,,,,,,,,,,,
CORH7PT00272,FEP5 FCP ALTRA FCP 2,FEP5 FCP ALTRA FCP 2,FCP,0,0,0,0,0,0,0,0,0,0,0,0,1,USD/EUR,0.1697,0.8303,0,0,0,0,0,,0,1,,,,,,,,,,,,,,,
CORH7PT00223,FEP5 FCP ALTRA FCP 2,FEP5 FCP ALTRA FCP 2,FCP,0,0,0,0,0,0,0,0,0,0,0,0,1,USD/EUR,0.1697,0.8303,0,0,0,0,0,,0,1,,,,,,,,,,,,,,,
CORH7PT00231,FEP5 FCP ALTRA FCP 2,FEP5 FCP ALTRA FCP 2,FCP,0,0,0,0,0,0,0,0,0,0,0,0,1,USD/EUR,0.1697,0.8303,0,0,0,0,0,,0,1,,,,,,,,,,,,,,,
CORH7PT00249,FEP5 FCP ALTRA FCP 2,FEP5 FCP ALTRA FCP 2,FCP,0,0,0,0,0,0,0,0,0,0,0,0,1,USD/EUR,0.1697,0.8303,0,0,0,0,0,,0,1,,,,,,,,,,,,,,,
COR9BPT00068,FEP5 FCP ENERGETICO ANDINO A,FEP5 FCP ENERGETICO ANDINO A,FCP,0,0,0,0,0,0,0,0,0,0,0,0,1,USD,1,0,0,0,0,0,0,,0,1,,,,,,,,,,,,,,,
COR9BPT00076,FEP5 FCP ENERGETICO ANDINO A,FEP5 FCP ENERGETICO ANDINO A,FCP,0,0,0,0,0,0,0,0,0,0,0,0,1,USD,1,0,0,0,0,0,0,,0,1,,,,,,,,,,,,,,,
COR9BPT00084,FEP5 FCP ENERGETICO ANDINO A,FEP5 FCP ENERGETICO ANDINO A,FCP,0,0,0,0,0,0,0,0,0,0,0,0,1,USD,1,0,0,0,0,0,0,,0,1,,,,,,,,,,,,,,,
COR9BPT00092,FEP5 FCP ENERGETICO ANDINO A,FEP5 FCP ENERGETICO ANDINO A,FCP,0,0,0,0,0,0,0,0,0,0,0,0,1,USD,1,0,0,0,0,0,0,,0,1,,,,,,,,,,,,,,,
COR9BPT00100,FEP5 FCP ENERGETICO ANDINO A,FEP5 FCP ENERGETICO ANDINO A,FCP,0,0,0,0,0,0,0,0,0,0,0,0,1,USD,1,0,0,0,0,0,0,,0,1,,,,,,,,,,,,,,,
COR9BPT00126,FEP5 FCP ENERGETICO ANDINO A,FEP5 FCP ENERGETICO ANDINO A,FCP,0,0,0,0,0,0,0,0,0,0,0,0,1,USD,1,0,0,0,0,0,0,,0,1,,,,,,,,,,,,,,,
COR9BPT00134,FEP5 FCP ENERGETICO ANDINO A,FEP5 FCP ENERGETICO ANDINO A,FCP,0,0,0,0,0,0,0,0,0,0,0,0,1,USD,1,0,0,0,0,0,0,,0,1,,,,,,,,,,,,,,,
COR9BPT00142,FEP5 FCP ENERGETICO ANDINO A,FEP5 FCP ENERGETICO ANDINO A,FCP,0,0,0,0,0,0,0,0,0,0,0,0,1,USD,1,0,0,0,0,0,0,,0,1,,,,,,,,,,,,,,,
COR9BPT00167,FEP5 FCP ENERGETICO ANDINO A,FEP5 FCP ENERGETICO ANDINO A,FCP,0,0,0,0,0,0,0,0,0,0,0,0,1,USD,1,0,0,0,0,0,0,,0,1,,,,,,,,,,,,,,,
COR9BPT00175,FEP5 FCP ENERGETICO ANDINO A,FEP5 FCP ENERGETICO ANDINO A,FCP,0,0,0,0,0,0,0,0,0,0,0,0,1,USD,1,0,0,0,0,0,0,,0,1,,,,,,,,,,,,,,,
COR9BPT00183,FEP5 FCP ENERGETICO ANDINO A,FEP5 FCP ENERGETICO ANDINO A,FCP,0,0,0,0,0,0,0,0,0,0,0,0,1,USD,1,0,0,0,0,0,0,,0,1,,,,,,,,,,,,,,,
COR9BPT00191,FEP5 FCP ENERGETICO ANDINO A,FEP5 FCP ENERGETICO ANDINO A,FCP,0,0,0,0,0,0,0,0,0,0,0,0,1,USD,1,0,0,0,0,0,0,,0,1,,,,,,,,,,,,,,,
COR9BPT00209,FEP5 FCP ENERGETICO ANDINO A,FEP5 FCP ENERGETICO ANDINO A,FCP,0,0,0,0,0,0,0,0,0,0,0,0,1,USD,1,0,0,0,0,0,0,,0,1,,,,,,,,,,,,,,,
COR9BPT00217,FEP5 FCP ENERGETICO ANDINO A,FEP5 FCP ENERGETICO ANDINO A,FCP,0,0,0,0,0,0,0,0,0,0,0,0,1,USD,1,0,0,0,0,0,0,,0,1,,,,,,,,,,,,,,,
COR9BPT00225,FEP5 FCP ENERGETICO ANDINO A,FEP5 FCP ENERGETICO ANDINO A,FCP,0,0,0,0,0,0,0,0,0,0,0,0,1,USD,1,0,0,0,0,0,0,,0,1,,,,,,,,,,,,,,,
COR9BPT00233,FEP5 FCP ENERGETICO ANDINO A,FEP5 FCP ENERGETICO ANDINO A,FCP,0,0,0,0,0,0,0,0,0,0,0,0,1,USD,1,0,0,0,0,0,0,,0,1,,,,,,,,,,,,,,,
COR9BPT00241,FEP5 FCP ENERGETICO ANDINO A,FEP5 FCP ENERGETICO ANDINO A,FCP,0,0,0,0,0,0,0,0,0,0,0,0,1,USD,1,0,0,0,0,0,0,,0,1,,,,,,,,,,,,,,,
COR9BPT00258,FEP5 FCP ENERGETICO ANDINO A,FEP5 FCP ENERGETICO ANDINO A,FCP,0,0,0,0,0,0,0,0,0,0,0,0,1,USD,1,0,0,0,0,0,0,,0,1,,,,,,,,,,,,,,,
COR9BPT00266,FEP5 FCP ENERGETICO ANDINO A,FEP5 FCP ENERGETICO ANDINO A,FCP,0,0,0,0,0,0,0,0,0,0,0,0,1,USD,1,0,0,0,0,0,0,,0,1,,,,,,,,,,,,,,,
COR9BPT00274,FEP5 FCP ENERGETICO ANDINO A,FEP5 FCP ENERGETICO ANDINO A,FCP,0,0,0,0,0,0,0,0,0,0,0,0,1,USD,1,0,0,0,0,0,0,,0,1,,,,,,,,,,,,,,,
COR9BPT00282,FEP5 FCP ENERGETICO ANDINO A,FEP5 FCP ENERGETICO ANDINO A,FCP,0,0,0,0,0,0,0,0,0,0,0,0,1,USD,1,0,0,0,0,0,0,,0,1,,,,,,,,,,,,,,,
COR9BPT00290,FEP5 FCP ENERGETICO ANDINO A,FEP5 FCP ENERGETICO ANDINO A,FCP,0,0,0,0,0,0,0,0,0,0,0,0,1,USD,1,0,0,0,0,0,0,,0,1,,,,,,,,,,,,,,,
COR9BPT00308,FEP5 FCP ENERGETICO ANDINO A,FEP5 FCP ENERGETICO ANDINO A,FCP,0,0,0,0,0,0,0,0,0,0,0,0,1,USD,1,0,0,0,0,0,0,,0,1,,,,,,,,,,,,,,,
COR9BPT00316,FEP5 FCP ENERGETICO ANDINO A,FEP5 FCP ENERGETICO ANDINO A,FCP,0,0,0,0,0,0,0,0,0,0,0,0,1,USD,1,0,0,0,0,0,0,,0,1,,,,,,,,,,,,,,,
COR9BPT00324,FEP5 FCP ENERGETICO ANDINO A,FEP5 FCP ENERGETICO ANDINO A,FCP,0,0,0,0,0,0,0,0,0,0,0,0,1,USD,1,0,0,0,0,0,0,,0,1,,,,,,,,,,,,,,,
COR9BPT00332,FEP5 FCP ENERGETICO ANDINO A,FEP5 FCP ENERGETICO ANDINO A,FCP,0,0,0,0,0,0,0,0,0,0,0,0,1,USD,1,0,0,0,0,0,0,,0,1,,,,,,,,,,,,,,,
COR9BPT00340,FEP5 FCP ENERGETICO ANDINO A,FEP5 FCP ENERGETICO ANDINO A,FCP,0,0,0,0,0,0,0,0,0,0,0,0,1,USD,1,0,0,0,0,0,0,,0,1,,,,,,,,,,,,,,,
COR9BPT00357,FEP5 FCP ENERGETICO ANDINO A,FEP5 FCP ENERGETICO ANDINO A,FCP,0,0,0,0,0,0,0,0,0,0,0,0,1,USD,1,0,0,0,0,0,0,,0,1,,,,,,,,,,,,,,,
COR9BPT00365,FEP5 FCP ENERGETICO ANDINO A,FEP5 FCP ENERGETICO ANDINO A,FCP,0,0,0,0,0,0,0,0,0,0,0,0,1,USD,1,0,0,0,0,0,0,,0,1,,,,,,,,,,,,,,,
COR9BPT00373,FEP5 FCP ENERGETICO ANDINO A,FEP5 FCP ENERGETICO ANDINO A,FCP,0,0,0,0,0,0,0,0,0,0,0,0,1,USD,1,0,0,0,0,0,0,,0,1,,,,,,,,,,,,,,,
COR9BPT00381,FEP5 FCP ENERGETICO ANDINO A,FEP5 FCP ENERGETICO ANDINO A,FCP,0,0,0,0,0,0,0,0,0,0,0,0,1,USD,1,0,0,0,0,0,0,,0,1,,,,,,,,,,,,,,,
COR9BPT00399,FEP5 FCP ENERGETICO ANDINO A,FEP5 FCP ENERGETICO ANDINO A,FCP,0,0,0,0,0,0,0,0,0,0,0,0,1,USD,1,0,0,0,0,0,0,,0,1,,,,,,,,,,,,,,,
COR9BPT00407,FEP5 FCP ENERGETICO ANDINO A,FEP5 FCP ENERGETICO ANDINO A,FCP,0,0,0,0,0,0,0,0,0,0,0,0,1,USD,1,0,0,0,0,0,0,,0,1,,,,,,,,,,,,,,,
COR9BPT00050,FEP5 FCP ENERGETICO ANDINO A,FEP5 FCP ENERGETICO ANDINO A,FCP,0,0,0,0,0,0,0,0,0,0,0,0,1,USD,1,0,0,0,0,0,0,,0,1,,,,,,,,,,,,,,,
COR9BPT00415,FEP5 FCP ENERGETICO ANDINO A,FEP5 FCP ENERGETICO ANDINO A,FCP,0,0,0,0,0,0,0,0,0,0,0,0,1,USD,1,0,0,0,0,0,0,,0,1,,,,,,,,,,,,,,,
COR9BPT00423,FEP5 FCP ENERGETICO ANDINO A,FEP5 FCP ENERGETICO ANDINO A,FCP,0,0,0,0,0,0,0,0,0,0,0,0,1,USD,1,0,0,0,0,0,0,,0,1,,,,,,,,,,,,,,,
COR9BPT00456,FEP5 FCP ENERGETICO ANDINO A,FEP5 FCP ENERGETICO ANDINO A,FCP,0,0,0,0,0,0,0,0,0,0,0,0,1,USD,1,0,0,0,0,0,0,,0,1,,,,,,,,,,,,,,,
COR9BPT00431,FEP5 FCP ENERGETICO ANDINO A,FEP5 FCP ENERGETICO ANDINO A,FCP,0,0,0,0,0,0,0,0,0,0,0,0,1,USD,1,0,0,0,0,0,0,,0,1,,,,,,,,,,,,,,,
COR9BPT00449,FEP5 FCP ENERGETICO ANDINO A,FEP5 FCP ENERGETICO ANDINO A,FCP,0,0,0,0,0,0,0,0,0,0,0,0,1,USD,1,0,0,0,0,0,0,,0,1,,,,,,,,,,,,,,,
CORM3PT00027,FEP5 FCP ENERGETICO ANDINO C,FEP5 FCP ENERGETICO ANDINO C,FCP,0,0,0,0,0,0,0,0,0,0,0,0,1,USD,1,0,0,0,0,0,0,,0,1,,,,,,,,,,,,,,,
CORM3PT00035,FEP5 FCP ENERGETICO ANDINO C,FEP5 FCP ENERGETICO ANDINO C,FCP,0,0,0,0,0,0,0,0,0,0,0,0,1,USD,1,0,0,0,0,0,0,,0,1,,,,,,,,,,,,,,,
CORM3PT00043,FEP5 FCP ENERGETICO ANDINO C,FEP5 FCP ENERGETICO ANDINO C,FCP,0,0,0,0,0,0,0,0,0,0,0,0,1,USD,1,0,0,0,0,0,0,,0,1,,,,,,,,,,,,,,,
CORM3PT00050,FEP5 FCP ENERGETICO ANDINO C,FEP5 FCP ENERGETICO ANDINO C,FCP,0,0,0,0,0,0,0,0,0,0,0,0,1,USD,1,0,0,0,0,0,0,,0,1,,,,,,,,,,,,,,,
CORM3PT00068,FEP5 FCP ENERGETICO ANDINO C,FEP5 FCP ENERGETICO ANDINO C,FCP,0,0,0,0,0,0,0,0,0,0,0,0,1,USD,1,0,0,0,0,0,0,,0,1,,,,,,,,,,,,,,,
CORM3PT00076,FEP5 FCP ENERGETICO ANDINO C,FEP5 FCP ENERGETICO ANDINO C,FCP,0,0,0,0,0,0,0,0,0,0,0,0,1,USD,1,0,0,0,0,0,0,,0,1,,,,,,,,,,,,,,,
CORM3PT00084,FEP5 FCP ENERGETICO ANDINO C,FEP5 FCP ENERGETICO ANDINO C,FCP,0,0,0,0,0,0,0,0,0,0,0,0,1,USD,1,0,0,0,0,0,0,,0,1,,,,,,,,,,,,,,,
CORM3PT00092,FEP5 FCP ENERGETICO ANDINO C,FEP5 FCP ENERGETICO ANDINO C,FCP,0,0,0,0,0,0,0,0,0,0,0,0,1,USD,1,0,0,0,0,0,0,,0,1,,,,,,,,,,,,,,,
CORM3PT00100,FEP5 FCP ENERGETICO ANDINO C,FEP5 FCP ENERGETICO ANDINO C,FCP,0,0,0,0,0,0,0,0,0,0,0,0,1,USD,1,0,0,0,0,0,0,,0,1,,,,,,,,,,,,,,,
CORM3PT00118,FEP5 FCP ENERGETICO ANDINO C,FEP5 FCP ENERGETICO ANDINO C,FCP,0,0,0,0,0,0,0,0,0,0,0,0,1,USD,1,0,0,0,0,0,0,,0,1,,,,,,,,,,,,,,,
CORM3PT00126,FEP5 FCP ENERGETICO ANDINO C,FEP5 FCP ENERGETICO ANDINO C,FCP,0,0,0,0,0,0,0,0,0,0,0,0,1,USD,1,0,0,0,0,0,0,,0,1,,,,,,,,,,,,,,,
CORM3PT00142,FEP5 FCP ENERGETICO ANDINO C,FEP5 FCP ENERGETICO ANDINO C,FCP,0,0,0,0,0,0,0,0,0,0,0,0,1,USD,1,0,0,0,0,0,0,,0,1,,,,,,,,,,,,,,,
CORM3PT00134,FEP5 FCP ENERGETICO ANDINO C,FEP5 FCP ENERGETICO ANDINO C,FCP,0,0,0,0,0,0,0,0,0,0,0,0,1,USD,1,0,0,0,0,0,0,,0,1,,,,,,,,,,,,,,,
CORM3PT00159,FEP5 FCP ENERGETICO ANDINO C,FEP5 FCP ENERGETICO ANDINO C,FCP,0,0,0,0,0,0,0,0,0,0,0,0,1,USD,1,0,0,0,0,0,0,,0,1,,,,,,,,,,,,,,,
CORM3PT00167,FEP5 FCP ENERGETICO ANDINO C,FEP5 FCP ENERGETICO ANDINO C,FCP,0,0,0,0,0,0,0,0,0,0,0,0,1,USD,1,0,0,0,0,0,0,,0,1,,,,,,,,,,,,,,,
CORM3PT00217,FEP5 FCP ENERGETICO ANDINO C,FEP5 FCP ENERGETICO ANDINO C,FCP,0,0,0,0,0,0,0,0,0,0,0,0,1,USD,1,0,0,0,0,0,0,,0,1,,,,,,,,,,,,,,,
CORM3PT00225,FEP5 FCP ENERGETICO ANDINO C,FEP5 FCP ENERGETICO ANDINO C,FCP,0,0,0,0,0,0,0,0,0,0,0,0,1,USD,1,0,0,0,0,0,0,,0,1,,,,,,,,,,,,,,,
CORM3PT00233,FEP5 FCP ENERGETICO ANDINO C,FEP5 FCP ENERGETICO ANDINO C,FCP,0,0,0,0,0,0,0,0,0,0,0,0,1,USD,1,0,0,0,0,0,0,,0,1,,,,,,,,,,,,,,,
CORM3PT00241,FEP5 FCP ENERGETICO ANDINO C,FEP5 FCP ENERGETICO ANDINO C,FCP,0,0,0,0,0,0,0,0,0,0,0,0,1,USD,1,0,0,0,0,0,0,,0,1,,,,,,,,,,,,,,,
CORM3PT00258,FEP5 FCP ENERGETICO ANDINO C,FEP5 FCP ENERGETICO ANDINO C,FCP,0,0,0,0,0,0,0,0,0,0,0,0,1,USD,1,0,0,0,0,0,0,,0,1,,,,,,,,,,,,,,,
COR9BPT00118,FONDO DE CAPITAL PRIVADO - FONDO ENERGÉTICO ANDINO,FEP5 FCP ENERGETICO ANDINO C,FCP,0,0,0,0,0,0,0,0,0,0,0,0,1,USD,1,0,0,0,0,0,0,,0,1,,,,,,,,,,,,,,,
CORM3PT00175,FEP5 FCP ENERGETICO ANDINO C,FEP5 FCP ENERGETICO ANDINO C,FCP,0,0,0,0,0,0,0,0,0,0,0,0,1,USD,1,0,0,0,0,0,0,,0,1,,,,,,,,,,,,,,,
CORM3PT00183,FEP5 FCP ENERGETICO ANDINO C,FEP5 FCP ENERGETICO ANDINO C,FCP,0,0,0,0,0,0,0,0,0,0,0,0,1,USD,1,0,0,0,0,0,0,,0,1,,,,,,,,,,,,,,,
CORM3PT00209,FEP5 FCP ENERGETICO ANDINO C,FEP5 FCP ENERGETICO ANDINO C,FCP,0,0,0,0,0,0,0,0,0,0,0,0,1,USD,1,0,0,0,0,0,0,,0,1,,,,,,,,,,,,,,,
CORM3PT00191,FEP5 FCP ENERGETICO ANDINO C,FEP5 FCP ENERGETICO ANDINO C,FCP,0,0,0,0,0,0,0,0,0,0,0,0,1,USD,1,0,0,0,0,0,0,,0,1,,,,,,,,,,,,,,,
CORH5PT00029,FEP5 FCP TC LATAM COMP - B,FEP5 FCP TERRANUM COMP - B,FCP,0,0,0,0,0,0,0,0,0,0,0,0,1,USD,0.4965,0,0,0,0,0,0,,0.5035,1,,,,,,,,,,,,,,,
CORH5PT00037,FEP5 FCP TC LATAM COMP - B,FEP5 FCP TERRANUM COMP - B,FCP,0,0,0,0,0,0,0,0,0,0,0,0,1,USD,0.4965,0,0,0,0,0,0,,0.5035,1,,,,,,,,,,,,,,,
CORH5PT00045,FEP5 FCP TC LATAM COMP - B,FEP5 FCP TERRANUM COMP - B,FCP,0,0,0,0,0,0,0,0,0,0,0,0,1,USD,0.4965,0,0,0,0,0,0,,0.5035,1,,,,,,,,,,,,,,,
CORH5PT00052,FEP5 FCP TC LATAM COMP - B,FEP5 FCP TERRANUM COMP - B,FCP,0,0,0,0,0,0,0,0,0,0,0,0,1,USD,0.4965,0,0,0,0,0,0,,0.5035,1,,,,,,,,,,,,,,,
CORH5PT00060,FEP5 FCP TC LATAM COMP - B,FEP5 FCP TERRANUM COMP - B,FCP,0,0,0,0,0,0,0,0,0,0,0,0,1,USD,0.4965,0,0,0,0,0,0,,0.5035,1,,,,,,,,,,,,,,,
CORH5PT00011,FEP5 FCP TC LATAM COMP - B,FEP5 FCP TERRANUM COMP - B,FCP,0,0,0,0,0,0,0,0,0,0,0,0,1,USD,0.4965,0,0,0,0,0,0,,0.5035,1,,,,,,,,,,,,,,,
CORH5PT00078,FEP5 FCP TC LATAM COMP - B,FEP5 FCP TERRANUM COMP - B,FCP,0,0,0,0,0,0,0,0,0,0,0,0,1,USD,0.4965,0,0,0,0,0,0,,0.5035,1,,,,,,,,,,,,,,,
CORH5PT00086,FEP5 FCP TC LATAM COMP - B,FEP5 FCP TERRANUM COMP - B,FCP,0,0,0,0,0,0,0,0,0,0,0,0,1,USD,0.4965,0,0,0,0,0,0,,0.5035,1,,,,,,,,,,,,,,,
CORH5PT00094,FEP5 FCP TC LATAM COMP - B,FEP5 FCP TERRANUM COMP - B,FCP,0,0,0,0,0,0,0,0,0,0,0,0,1,USD,0.4965,0,0,0,0,0,0,,0.5035,1,,,,,,,,,,,,,,,
CORH5PT00102,FEP5 FCP TC LATAM COMP - B,FEP5 FCP TERRANUM COMP - B,FCP,0,0,0,0,0,0,0,0,0,0,0,0,1,USD,0.4965,0,0,0,0,0,0,,0.5035,1,,,,,,,,,,,,,,,
CORH5PT00110,FEP5 FCP TC LATAM COMP - B,FEP5 FCP TERRANUM COMP - B,FCP,0,0,0,0,0,0,0,0,0,0,0,0,1,USD,0.4965,0,0,0,0,0,0,,0.5035,1,,,,,,,,,,,,,,,
CORH5PT00128,FEP5 FCP TC LATAM COMP - B,FEP5 FCP TC LATAM COMP - B,FCP,0,0,0,0,0,0,0,0,0,0,0,0,1,USD,0.4965,0,0,0,0,0,0,,0.5035,1,,,,,,,,,,,,,,,
CORH4PT00048,COMPARTIMENTO A TERRANUM CAPIT,COMPARTIMENTO A TERRANUM CAPIT,FCP,0,0,0,0,0,0,0,0,0,0,0,0,1,USD,0.4965,0,0,0,0,0,0,,0.5035,1,,,,,,,,,,,,,,,
CORH4PT00113,COMPARTIMENTO A TERRANUM CAPIT,COMPARTIMENTO A TERRANUM CAPIT,FCP,0,0,0,0,0,0,0,0,0,0,0,0,1,USD,0.4965,0,0,0,0,0,0,,0.5035,1,,,,,,,,,,,,,,,
CORH4PT00105,COMPARTIMENTO A TERRANUM CAPIT,COMPARTIMENTO A TERRANUM CAPIT,FCP,0,0,0,0,0,0,0,0,0,0,0,0,1,USD,0.4965,0,0,0,0,0,0,,0.5035,1,,,,,,,,,,,,,,,
CORH4PT00097,COMPARTIMENTO A TERRANUM CAPIT,COMPARTIMENTO A TERRANUM CAPIT,FCP,0,0,0,0,0,0,0,0,0,0,0,0,1,USD,0.4965,0,0,0,0,0,0,,0.5035,1,,,,,,,,,,,,,,,
CORH4PT00055,COMPARTIMENTO A TERRANUM CAPIT,COMPARTIMENTO A TERRANUM CAPIT,FCP,0,0,0,0,0,0,0,0,0,0,0,0,1,USD,0.4965,0,0,0,0,0,0,,0.5035,1,,,,,,,,,,,,,,,
CORH4PT00063,COMPARTIMENTO A TERRANUM CAPIT,COMPARTIMENTO A TERRANUM CAPIT,FCP,0,0,0,0,0,0,0,0,0,0,0,0,1,USD,0.4965,0,0,0,0,0,0,,0.5035,1,,,,,,,,,,,,,,,
CORH4PT00014,COMPARTIMENTO A TERRANUM CAPIT,COMPARTIMENTO A TERRANUM CAPIT,FCP,0,0,0,0,0,0,0,0,0,0,0,0,1,USD,0.4965,0,0,0,0,0,0,,0.5035,1,,,,,,,,,,,,,,,
CORH4PT00071,COMPARTIMENTO A TERRANUM CAPIT,COMPARTIMENTO A TERRANUM CAPIT,FCP,0,0,0,0,0,0,0,0,0,0,0,0,1,USD,0.4965,0,0,0,0,0,0,,0.5035,1,,,,,,,,,,,,,,,
CORH4PT00030,COMPARTIMENTO A TERRANUM CAPIT,COMPARTIMENTO A TERRANUM CAPIT,FCP,0,0,0,0,0,0,0,0,0,0,0,0,1,USD,0.4965,0,0,0,0,0,0,,0.5035,1,,,,,,,,,,,,,,,
CORH4PT00089,COMPARTIMENTO A TERRANUM CAPIT,COMPARTIMENTO A TERRANUM CAPIT,FCP,0,0,0,0,0,0,0,0,0,0,0,0,1,USD,0.4965,0,0,0,0,0,0,,0.5035,1,,,,,,,,,,,,,,,
CORH4PT00121,COMPARTIMENTO A TERRANUM CAPIT,COMPARTIMENTO A TERRANUM CAPIT,FCP,0,0,0,0,0,0,0,0,0,0,0,0,1,USD,0.4965,0,0,0,0,0,0,,0.5035,1,,,,,,,,,,,,,,,
COR23PT00246,FEP5 FCP ALTRA FCP 1,FEP5 FCP ALTRA FCP 1,FCP,0,0,0,0,0,0,0,0,0,0,0,0,1,USD/EUR,0.0528,0.9472,0,0,0,0,0,,0,1,,,,,,,,,,,,,,,
COR23PT00253,FEP5 FCP ALTRA FCP 1,FEP5 FCP ALTRA FCP 1,FCP,0,0,0,0,0,0,0,0,0,0,0,0,1,USD/EUR,0.0528,0.9472,0,0,0,0,0,,0,1,,,,,,,,,,,,,,,
COR23PT00261,FEP5 FCP ALTRA FCP 1,FEP5 FCP ALTRA FCP 1,FCP,0,0,0,0,0,0,0,0,0,0,0,0,1,USD/EUR,0.0528,0.9472,0,0,0,0,0,,0,1,,,,,,,,,,,,,,,
COR23PT00279,FEP5 FCP ALTRA FCP 1,FEP5 FCP ALTRA FCP 1,FCP,0,0,0,0,0,0,0,0,0,0,0,0,1,USD/EUR,0.0528,0.9472,0,0,0,0,0,,0,1,,,,,,,,,,,,,,,
COR23PT00287,FEP5 FCP ALTRA FCP 1,FEP5 FCP ALTRA FCP 1,FCP,0,0,0,0,0,0,0,0,0,0,0,0,1,USD/EUR,0.0528,0.9472,0,0,0,0,0,,0,1,,,,,,,,,,,,,,,
COR23PT00295,FEP5 FCP ALTRA FCP 1,FEP5 FCP ALTRA FCP 1,FCP,0,0,0,0,0,0,0,0,0,0,0,0,1,USD/EUR,0.0528,0.9472,0,0,0,0,0,,0,1,,,,,,,,,,,,,,,
COR23PT00303,FEP5 FCP ALTRA FCP 1,FEP5 FCP ALTRA FCP 1,FCP,0,0,0,0,0,0,0,0,0,0,0,0,1,USD/EUR,0.0528,0.9472,0,0,0,0,0,,0,1,,,,,,,,,,,,,,,
COR23PT00311,FEP5 FCP ALTRA FCP 1,FEP5 FCP ALTRA FCP 1,FCP,0,0,0,0,0,0,0,0,0,0,0,0,1,USD/EUR,0.0528,0.9472,0,0,0,0,0,,0,1,,,,,,,,,,,,,,,
COR23PT00329,FEP5 FCP ALTRA FCP 1,FEP5 FCP ALTRA FCP 1,FCP,0,0,0,0,0,0,0,0,0,0,0,0,1,USD/EUR,0.0528,0.9472,0,0,0,0,0,,0,1,,,,,,,,,,,,,,,
COR23PT00337,FEP5 FCP ALTRA FCP 1,FEP5 FCP ALTRA FCP 1,FCP,0,0,0,0,0,0,0,0,0,0,0,0,1,USD/EUR,0.0528,0.9472,0,0,0,0,0,,0,1,,,,,,,,,,,,,,,
COR23PT00345,FEP5 FCP ALTRA FCP 1,FEP5 FCP ALTRA FCP 1,FCP,0,0,0,0,0,0,0,0,0,0,0,0,1,USD/EUR,0.0528,0.9472,0,0,0,0,0,,0,1,,,,,,,,,,,,,,,
COR23PT00352,FEP5 FCP ALTRA FCP 1,FEP5 FCP ALTRA FCP 1,FCP,0,0,0,0,0,0,0,0,0,0,0,0,1,USD/EUR,0.0528,0.9472,0,0,0,0,0,,0,1,,,,,,,,,,,,,,,
COR23PT00360,FEP5 FCP ALTRA FCP 1,FEP5 FCP ALTRA FCP 1,FCP,0,0,0,0,0,0,0,0,0,0,0,0,1,USD/EUR,0.0528,0.9472,0,0,0,0,0,,0,1,,,,,,,,,,,,,,,
COR23PT00238,FEP5 FCP ALTRA FCP 1,FEP5 FCP ALTRA FCP 1,FCP,0,0,0,0,0,0,0,0,0,0,0,0,1,USD/EUR,0.0528,0.9472,0,0,0,0,0,,0,1,,,,,,,,,,,,,,,
COR4LPT00035,FCP CPVAL TERMO,FCP CPVAL TERMO,FCP,0,0,0,0,0,0,0,0,0,0,0,0,1,USD,1,0,0,0,0,0,0,,0,1,,,,,,,,,,,,,,,
Ñ909X,FEP5 FICA RF MERC EMER ALIANZA,FEP5 FICA RF MERC EMER ALIANZA,CCA,0,0,0,0,0,0,0,0,0,0,0,0,1,USD,1,0,0,0,0,0,0,,0,1,,,,,,,,,,,,,,,
COR4LPT00043,FCP CPVAL TERMO,FCP CPVAL TERMO,FCP,0,0,0,0,0,0,0,0,0,0,0,0,1,USD,1,0,0,0,0,0,0,,0,1,,,,,,,,,,,,,,,
STARWOOD DISTRESSED OPPORTUNITY FUND XII LP,STARWOOD DISTRESSED OPPORTUNITY FUND XII LP,STARWOOD DISTRESSED OPPORTUNITY FUND XII LP,FCP,0,0,0,0,0,0,0,0,0,0,0,0,1,USD,1,0,0,0,0,0,0,0,0,1,,,,,,,,,,,,,,,
ISIN,NOM,NAM,SECTOR,GLOBAL,US EQUITY,EUROPEAN EQUITY +  UK,JAPON EQUITY,EM GLOBAL,EM ASIAN EQUITY,LATIN AMERICAN EQUITY,ALTERNATIVE,TOTAL,ORO,PLATA,REAL ESTATE,CONTROL,RIESGO,USD,EUR,JPY,CAD,GBP,MXN,BRL,AUD,COP,TOTAL,,,,,,,,,,,,,,,
XS1836386703,,,NOTA,,,1,,,,,,1,,,,1,,,,,,,,,,,,,,,,,,,,,,,,,,
XS1922176281,,,NOTA,,,1,,,,,,1,,,,1,,,,,,,,,,,,,,,,,,,,,,,,,,
XS1874527085,,,NOTA,,1,,,,,,,1,,,,1,,,,,,,,,,,,,,,,,,,,,,,,,,
XS1931310004,,,NOTA,,1,,,,,,,1,,,,1,,,,,,,,,,,,,,,,,,,,,,,,,,
XS1836379591,,,NOTA,,1,,,,,,,1,,,,1,,,,,,,,,,,,,,,,,,,,,,,,,,
XS1874574756,,,NOTA,,1,,,,,,,1,,,,1,,,,,,,,,,,,,,,,,,,,,,,,,,
XS1836380177,,,NOTA,,1,,,,,,,1,,,,1,,,,,,,,,,,,,,,,,,,,,,,,,,
XS1836384674,,,NOTA,,1,,,,,,,1,,,,1,,,,,,,,,,,,,,,,,,,,,,,,,,
XS1882568568,,,NOTA,,1,,,,,,,1,,,,1,,,,,,,,,,,,,,,,,,,,,,,,,,
XS1931315060,,,NOTA,,1,,,,,,,1,,,,1,,,,,,,,,,,,,,,,,,,,,,,,,,
XS1882592519,,,NOTA,,1,,,,,,,1,,,,1,,,,,,,,,,,,,,,,,,,,,,,,,,
XS1920375570,,,NOTA,,1,,,,,,,1,,,,1,,,,,,,,,,,,,,,,,,,,,,,,,,
XS2275754336,,,NOTA,,1,,,,,,,1,,,,1,,,,,,,,,,,,,,,,,,,,,,,,,,
XS2403272011,,,NOTA,,1,,,,,,,1,,,,1,,,,,,,,,,,,,,,,,,,,,,,,,,
XS2355516324,,,NOTA,,,1,,,,,,1,,,,1,,,,,,,,,,,,,,,,,,,,,,,,,,
XS2474922593,,,NOTA,,1,,,,,,,1,,,,1,,,,,,,,,,,,,,,,,,,,,,,,,,
XS2709359231,,,NOTA,,1,,,,,,,1,,,,1,,,,,,,,,,,,,,,,,,,,,,,,,,
XS2479693496,,,NOTA,,0,,,1,,,,1,,,,1,,,,,,,,,,,,,,,,,,,,,,,,,,
XS2204190537,,,NOTA,,0,1,,,,,,1,,,,1,,,,,,,,,,,,,,,,,,,,,,,,,,
XS2251495425,,,NOTA,,1,,,,,,,1,,,,1,,,,,,,,,,,,,,,,,,,,,,,,,,
XS2410439249,,,NOTA,,0,,,1,,,,1,,,,1,,,,,,,,,,,,,,,,,,,,,,,,,,
XS2392248733,,,NOTA,,0,,,1,,,,1,,,,1,,,,,,,,,,,,,,,,,,,,,,,,,,
XS2403126977,,,NOTA,,1,,,,,,,1,,,,1,,,,,,,,,,,,,,,,,,,,,,,,,,
XS2440290356,,,NOTA,,1,,,,,,,1,,,,1,,,,,,,,,,,,,,,,,,,,,,,,,,
XS2343802141,,,NOTA,,0,1,,,,,,1,,,,1,,,,,,,,,,,,,,,,,,,,,,,,,,
XS2307351820,,,NOTA,,0,,,1,,,,1,,,,1,,,,,,,,,,,,,,,,,,,,,,,,,,
XS2251381252,,,NOTA,,1,,,,,,,1,,,,1,,,,,,,,,,,,,,,,,,,,,,,,,,
XS2251475070,,,NOTA,,1,,,,,,,1,,,,1,,,,,,,,,,,,,,,,,,,,,,,,,,
XS2410449396,,,NOTA,,0,,,1,,,,1,,,,1,,,,,,,,,,,,,,,,,,,,,,,,,,
XS2410448406,,,NOTA,,0,,,1,,,,1,,,,1,,,,,,,,,,,,,,,,,,,,,,,,,,
XS2403847796,,,NOTA,,0,1,,,,,,1,,,,1,,,,,,,,,,,,,,,,,,,,,,,,,,
XS2307369012,,,NOTA,,0,1,,,,,,1,,,,1,,,,,,,,,,,,,,,,,,,,,,,,,,
XS2353013852,,,NOTA,,0,1,,,,,,1,,,,1,,,,,,,,,,,,,,,,,,,,,,,,,,
XS2216798491,,,NOTA,,1,,,,,,,1,,,,1,,,,,,,,,,,,,,,,,,,,,,,,,,
XS2662209019,,,NOTA,,1,,,,,,,1,,,,1,,,,,,,,,,,,,,,,,,,,,,,,,,
XS2691894872,,,NOTA,,1,,,,,,,1,,,,1,,,,,,,,,,,,,,,,,,,,,,,,,,
XS2737774583,,,NOTA,,1,,,,,,,1,,,,1,,,,,,,,,,,,,,,,,,,,,,,,,,
XS2696275739,,TPX,NOTA,,,,1,,,,,1,,,,1,,,,,,,,,,,,,,,,,,,,,,,,,,
XS2761352959,,TPX,NOTA,,,,1,,,,,1,,,,1,,,,,,,,,,,,,,,,,,,,,,,,,,
XS2729812722,,SPX,NOTA,,1,,,,,,,1,,,,1,,,,,,,,,,,,,,,,,,,,,,,,,,
XS2729812482,,SPX,NOTA,,1,,,,,,,1,,,,1,,,,,,,,,,,,,,,,,,,,,,,,,,
XS2755894628,,SPX,NOTA,,1,,,,,,,1,,,,1,,,,,,,,,,,,,,,,,,,,,,,,,,
XS2700627842,,SPX,NOTA,,1,,,,,,,1,,,,1,,,,,,,,,,,,,,,,,,,,,,,,,,
XS2761353254,,SPXFP,NOTA,,1,,,,,,,1,,,,1,,,,,,,,,,,,,,,,,,,,,,,,,,
XS2759816569,,SPXFP,NOTA,,1,,,,,,,1,,,,1,,,,,,,,,,,,,,,,,,,,,,,,,,
XS2800705480,,SPX,NOTA,,1,,,,,,,1,,,,1,,,,,,,,,,,,,,,,,,,,,,,,,,
XS2751850608,,SPX,NOTA,,1,,,,,,,1,,,,1,,,,,,,,,,,,,,,,,,,,,,,,,,
XS2809139442,,SPX,NOTA,,1,,,,,,,1,,,,1,,,,,,,,,,,,,,,,,,,,,,,,,,
XS2782906544,,SPX,NOTA,,1,,,,,,,1,,,,1,,,,,,,,,,,,,,,,,,,,,,,,,,
XS2742960201,,SPX,NOTA,,1,,,,,,,1,,,,1,,,,,,,,,,,,,,,,,,,,,,,,,,
XS2759816486,,SPXFP,NOTA,,1,,,,,,,1,,,,1,,,,,,,,,,,,,,,,,,,,,,,,,,
XS2848898271,,SPXFP,NOTA,,1,,,,,,,1,,,,1,,,,,,,,,,,,,,,,,,,,,,,,,,
XS2863660317,,SPXFP,NOTA,,1,,,,,,,1,,,,1,,,,,,,,,,,,,,,,,,,,,,,,,,
XS2996085069,,SPX,NOTA,,1,,,,,,,1,,,,1,,,,,,,,,,1,,,,,,,,,,,,,,,,
XS2982285483,,SPX,NOTA,,1,,,,,,,1,,,,1,,,,,,,,,,1,,,,,,,,,,,,,,,,
XS2985214829,,SPX,NOTA,,1,,,,,,,1,,,,1,,,,,,,,,,1,,,,,,,,,,,,,,,,
XS2967806931,,SPX,NOTA,,1,,,,,,,1,,,,1,,,,,,,,,,1,,,,,,,,,,,,,,,,
XS2975776894,,SPX,NOTA,,1,,,,,,,1,,,,1,,,,,,,,,,,,,,,,,,,,,,,,,,
XS3050009904,,SPX,NOTA,,1,,,,,,,1,,,,1,,,,,,,,,,,,,,,,,,,,,,,,,,
XS3006600293,,SPXFP,NOTA,,1,,,,,,,1,,,,1,,,,,,,,,,,,,,,,,,,,,,,,,,
XS3072350567,,SPXFP,NOTA,,1,,,,,,,1,,,,1,,,,,,,,,,,,,,,,,,,,,,,,,,
XS3080030789,,SPX,NOTA,,1,,,,,,,1,,,,1,,,,,,,,,,,,,,,,,,,,,,,,,,
XS2908059616,,SPXFP,NOTA,,1,,,,,,,1,,,,1,,,,,,,,,,,,,,,,,,,,,,,,,,
XS2691771872,,SPXFP,NOTA,,1,,,,,,,1,,,,1,,,,,,,,,,,,,,,,,,,,,,,,,,
XS2491633504,NBPF0 NOTA BNP PARIBAS,NBPF0 NOTA BNP PARIBAS,NOTA,0,1,0,0,0,0,0,0,1,0,0,0,1,,,,,,,,,,,,,,,,,,,,,,,,,,
XS2375836983,NBPF0 NOTA BNS,NBPF0 NOTA BNS,NOTA,0,0,1,0,0,0,0,0,1,0,0,0,1,,,,,,,,,,,,,,,,,,,,,,,,,,
XS3231243026,,SANTANDER INTERNATIONAL PRODUCTS PLC,NOTA,0,1,0,0,0,0,0,0,1,0,0,0,1,,,,,,,,,,,,,,,,,,,,,,,,,,
XS3238228830,,THE BANK OF NOVA SCOTIA,NOTA,0,0,0,0,1,0,0,0,1,0,0,0,1,,,,,,,,,,,,,,,,,,,,,,,,,,
XS3261294378,,BNP PARIBAS FRANCIA,NOTA,0,1,0,0,0,0,0,0,1,0,0,0,1,,,,,,,,,,,,,,,,,,,,,,,,,,
XS3266647315,,BNP PARIBAS FRANCIA,NOTA,0,1,0,0,0,0,0,0,1,0,0,0,1,,,,,,,,,,,,,,,,,,,,,,,,,,
XS3152516210,,JPMORGAN CHASE BANK NA,NOTA,0,0,0,1,0,0,0,0,1,0,0,0,1,,,,,,,,,,,,,,,,,,,,,,,,,,
XS3242369703,,SANTANDER INTERNATIONAL PRODUCTS PLC,NOTA,0,1,0,0,0,0,0,0,1,0,0,0,1,,,,,,,,,,,,,,,,,,,,,,,,,,
XS3044879768,,,NOTA,0,0,0,0,1,0,0,0,1,0,0,0,1,,,,,,,,,,1,,,,,,,,,,,,,,,,
XS3303876968,,SPXFP,NOTA,0,1,0,0,0,0,0,0,1,0,0,0,1,,,,,,,,,,,,,,,,,,,,,,,,,,
XS3307978604,,SPX,NOTA,0,1,0,0,0,0,0,0,1,0,0,0,1,,,,,,,,,,,,,,,,,,,,,,,,,,
XS3292014571,,EEM UP,NOTA,0,0,0,0,1,0,0,0,1,0,0,0,1,,,,,,,,,,,,,,,,,,,,,,,,,,
XS3334595587,,BNP PARIBAS ISSUANCE BV,NOTA,0,1,0,0,0,0,0,0,1,0,0,0,1,,,,,,,,,,,,,,,,,,,,,,,,,,
XS3317190992,,BBVA GLOBAL MARKETS BV,NOTA,0,1,0,0,0,0,0,0,1,0,0,0,1,,,,,,,,,,,,,,,,,,,,,,,,,,
XS3351763670,,BANCO BILBAO VIZCAYA ARGENTARIA SA,NOTA,0,1,0,0,0,0,0,0,1,0,0,0,1,,,,,,,,,,,,,,,,,,,,,,,,,,
XS3364998529,,BNP PARIBAS FRANCIA,NOTA,0,1,0,0,0,0,0,0,1,0,0,0,1,,,,,,,,,,,,,,,,,,,,,,,,,,
XS3368624931,,BNP PARIBAS PARIS,NOTA,0,1,0,0,0,0,0,0,1,0,0,0,1,,,,,,,,,,,,,,,,,,,,,,,,,,
XS3291975905,,SANTANDER INTERNATIONAL PRODUCTS PLC,NOTA,0,1,0,0,0,0,0,0,1,0,0,0,1,,,,,,,,,,,,,,,,,,,,,,,,,,
