isin,nemo,frecuencia,moneda
LU0523222270,LU0523222270,NAp,USD
LU0231479717,LU0231479717,NAp,USD
COB07PA00078,BCOLOMBIA,NAp,COP
COB01PA00030,BOGOTA,NAp,COP
COR01PA00010,BVC,NAp,COP
COT60PA00038,CELSIA,NAp,COP
COD38PA00046,CEMARGOS,NAp,COP
EST01PA00013,CLH,NAp,COP
COJ12PA00048,CORFICOLCF,NAp,COP
COF02PA00039,CONCONCRET,NAp,COP
COF20PA00015,ELCONDOR,NAp,COP
CA1348082035,CNEC,NAp,COP
COC04PA00016,ECOPETROL,NAp,COP
COE01PA00026,EEB,NAp,COP
COG31PA00010,EXITO,NAp,COP
COE05PA00027,GASNATURAL,NAp,COP
US38500T1016,US38500T1016,NAp,USD
COT09PA00035,GRUPOARGOS,NAp,COP
COT29PA00025,GRUPOAVAL,NAp,COP
COT13PA00086,GRUPOSURA,NAp,COP
COT04PA00028,NUTRESA,NAp,COP
PAL1801171A1,PAL1801171A1,NAp,USD
COE15PA00026,ISA,NAp,COP
COE16PA00016,ISAGEN,NAp,COP
COC07PA00027,MINEROS,NAp,COP
COF11PA00014,ODINSA,NAp,COP
CA14068G1046,CA14068G1046,NAp,CAD
US1921085049,US1921085049,NAp,USD
CA3809564097,CA3809564097,NAp,CAD
CA4969024047,CA4969024047,NAp,CAD
CA6979001089,CA6979001089,NAp,CAD
CA69946Q1046,CA69946Q1046,NAp,CAD
CA8283361076,CA8283361076,NAp,CAD
COG20PA00021,TERPEL,NAp,COP
PAI69PA00017,PFAVH,NAp,COP
COB07PA00086,PFBCOLOM,NAp,COP
COB51PA00076,PFDAVVNDA,NAp,COP
COD9HPA00012,PFCARPAK,NAp,COP
COD38PA00053,PFCEMARGOS,NAp,COP
COJ12PA00097,PFCORFICOL,NAp,COP
COT09PA00043,PFGRUPOARG,NAp,COP
COT13PA00060,PFGRUPSURA,NAp,COP
COT29PA00058,PFAVAL,NAp,COP
US05968L1026,US05968L1026,NAp,USD
US3444191064,US3444191064,NAp,USD
US91912E1055,US91912E1055,NAp,USD
US05367G1004,US05367G1004,NAp,USD
US40053W1018,US40053W1018,NAp,USD
AOPF5 AH 3547 COLPATRIA,AOPF5 AH 3547 COLPATRIA,DV,COP
AOPF5 AH B BANCOLOMBIA,AOPF5 AH B BANCOLOMBIA,DV,COP
AOPF5 AH B BOGOTA,AOPF5 AH B BOGOTA,DV,COP
AOPF5 AH B CITIBANK,AOPF5 AH B CITIBANK,DV,COP
AOPF5 AH B CORPBANCA,AOPF5 AH B CORPBANCA,DV,COP
AOPF5 AH B DAVIVIENDA,AOPF5 AH B DAVIVIENDA,DV,COP
AOPF5 AH B OCCIDENTE,AOPF5 AH B OCCIDENTE,DV,COP
AOPF5 AH B SUDAMERIS,AOPF5 AH B SUDAMERIS,DV,COP
AOPF5 AH BCO BBVA,AOPF5 AH BCO BBVA,DV,COP
AOPF5 AH COLPATRIA,AOPF5 AH COLPATRIA,DV,COP
MX0MGO0000R8,MX0MGO0000R8,SV,MXN
MX0SGO000098,MX0SGO000098,SV,MXN
US05968LAG77,US05968LAG77,SV,USD
USP09252AC47,USP09252AC47,SV,USD
USP16259AH99,USP16259AH99,SV,USD
USG0732RAG32,USG0732RAG32,SV,USD
USG0732RAF58,USG0732RAF58,SV,USD
US195325CU73,US195325CU73,SV,USD
US279158AC30,US279158AC30,SV,USD
US279158AL39,US279158AL39,SV,USD
USG42045AA58,USG42045AA58,SV,USD
USG42045AB32,USG42045AB32,SV,USD
USP1342SAC00,USP1342SAC00,SV,USD
US46556MAH51,US46556MAH51,SV,USD
USP3083SAC90,USP3083SAC90,SV,USD
COB51CB00486,BDVI05138B24,MV,COP
COB23CB00659,BBOC06138D2,MV,COP
COB23CB00709,BBOC07148D03,MV,COP
COB02CB00356,BBPO09148D3,MV,COP
COB02CB00349,BBPO09148D2,MV,COP
COB63CB00226,BFAN04148D24,MV,COP
COB63CB00234,BFAN04148D36,MV,COP
COT13CB00041,BSIS01148E02,MV,COP
COJ49CB00442,BLGC05148E3,MV,COP
COJ10CB00014,BSFN01138B3,MV,COP
COB63CB00259,BFAN0414SA30,TV,COP
COB51CB00569,BDVI0815SF36,TV,COP
COB23CB00717,BBOC0815SA02,TV,COP
COB02CB00364,BBPO1015SB02,TV,COP
COT09CB00015,BARG0112SA3,TV,COP
COD38CB00158,BCCB0314SA02,TV,COP
USP3703CAA82,USP3703CAA82,AV,COP
USP9379RAV98,USP9379RAV98,AV,COP
USP40420AA25,USP40420AA25,AV,COP
COJ49CB00277,BLGC0111SA10,TV,COP
COJ49CB00335,BLGC0311SA6,TV,COP
COJ49CB00228,BLGC210SA10,TV,COP
COG20CB00027,BTPL0113SVA7,TV,COP
COI03CB00029,BAVA01099B,TV,COP
COI03CB00037,BAVA01099C,TV,COP
COB07CB00157,BBCB1099B15,AV,COP
COB07CB00207,BBCB3079C10,AV,COP
COB07CB00371,BBCB01149D20,TV,COP
COB07CB00363,BBCB01149D15,TV,COP
COB07CB00231,BBCB01109D8,TV,COP
COB07CB00306,BBCB02109D15,TV,COP
COB07CB00330,BBCB03119D12,TV,COP
COB07CB00348,BBCB03119D15,TV,COP
COB06CB00068,BBSA110BAVA,AV,COP
COB06CB00076,BBSA1139AS10,TV,COP
COB06CB00332,BBCR3119B84,TV,COP
COB51CB00502,BDVI06149C60,TV,COP
COB51CB00148,BDVI1099G7,TV,COP
COB51CB00544,BDVI07149C60,TV,COP
COB51CB00395,BDVI29C180,TV,COP
COB51CB00270,BDVI02109C5,TV,COP
COB51CB00262,BDVI02109C7,TV,COP
COB51CB00379,BDVI0219C126,TV,COP
COB51CB00445,BDVI1139C12,TV,COP
COB51CB00452,BDVI1139C18,TV,COP
COB51CB00411,BDVI3129C180,TV,COP
COB23CB00691,BBOC07149B10,TV,COP
COB23CB00527,BBOC03119B10,SV,COP
COB23CB00519,BBOC03119B5,SV,COP
COB23CB00253,BLOC1099C4TV,TV,COP
COB23CB00683,BBOC07149B07,TV,COP
COB23CB00600,BBOC01129B10,TV,COP
COB23CB00592,BBOC01129B15,TV,COP
COB23CB00576,BBOC04129B10,TV,COP
COB23CB00568,BBOC04129BS7,TV,COP
COB23CB00618,BBOC6139BS12,TV,COP
COB02CB00380,BBPO10159C05,TV,COP
COB02CB00323,BBPO011309C2,TV,COP
COB02CB00331,BBPO011309C5,TV,COP
COB02CB00265,BBPO06129C5,TV,COP
COB02CB00299,BBPO07139C7,TV,COP
COB02CB00240,BBPO05129C5,TV,COP
COB13CB00239,BBGA3149G240,TV,COP
COB13CB00197,BBGA01119G18,TV,COP
COB13CB00221,BBGA2139180,TV,COP
COQ52CB00011,BBCI1069AVA,SV,COP
COT60CB00034,BCLI01139D12,TV,COP
COT60CB00018,BCLI01139D20,TV,COP
COD38CB00166,BCCB03149C15,TV,COP
COD38CB00034,BCCB1059AVC,SV,COP
COD38CB00141,BCCB01129C15,TV,COP
COE26CB00102,BCOS01109B6,TV,COP
COE26CB00037,BCOS1079A10A,TV,COP
COD48CB00033,BCOL1099A10,SV,COP
COD48CB00017,BCOL1079A10A,TV,COP
COE21CB00129,BCHB01139B6,TV,COP
COE21CB00087,BEMG1099B12,TV,COP
COV05CB00027,BFDI01109B,TV,COP
COV05CB00035,BFDI01109C,TV,COP
COT13CB00025,BSIS01099C20,TV,COP
COT13CB00033,BSIS1099C40,TV,COP
COE09CB00041,BGAO01129A10,TV,COP
COE09CB00058,BGAO01129A20,TV,COP
COE09CB00033,BGAO0199A7,TV,COP
COT29CB00088,BGAA1099A15,TV,COP
COJ49CB00376,BLGC03119D12,TV,COP
COJ49CB00236,BLGC01119D10,TV,COP
COJ49CB00301,BLGC0219D10,TV,COP
COJ49CB00384,BLGC04139C4,TV,COP
COJ49CB00400,BLGC04139C8,TV,COP
COJ49CB00467,BLGC06159C05,TV,COP
COJ49CB00426,BLGC05149D10,TV,COP
COF09CB00055,BPIN1099A10,TV,COP
COI04CB00118,BPMG01159A04,TV,COP
COI04CB00126,BPMG01159A15,TV,COP
COI04CB00092,BPMG01139A20,TV,COP
COI04CB00050,BPMG1099C15,TV,COP
COI04CB00076,BPMG01099C10,TV,COP
COJ10CB00022,BSFN01139C5,TV,COP
COT23CB00024,BSOB01149C20,TV,COP
COE13CB00027,BSOG1139A20,TV,COP
COG20CB00068,BTPL01159D15,TV,COP
COG20CB00035,BTPL01139C10,TV,COP
COG20CB00043,BTPL01139C18,TV,COP
COG20CB00019,BTPL01139C5,TV,COP
COB01CB00085,BBBO01107BS1,AV,UVR
COL17CB172C9,BPEMINHTA3,PV,COP
COL40CB0DZI9,BPEISSA4,PV,COP
COL40CB0E942,BPEISSA4,PV,COP
COL40CB0E629,BPEISSA3,PV,COP
COL40CB0EIH5,BPEISSA4,PV,COP
COL40CB0CIV0,BPEISSA4,PV,COP
COL40CB0E9O4,BPEISSA4,PV,COP
COL40CB0DGS8,BPEISSA4,PV,COP
COL17CB0Z7U8,BPEMINHTA4,PV,COP
COL17CB0ZJH7,BPEMINHTA4,PV,COP
COL40CB0EPN8,BPEISSA4,PV,COP
COL17CB0ZA61,BPEMINHTA4,PV,COP
COL40CB00PC1,BPEMINHTA4,PV,COP
COL17CB0S3E0,BPEMINHTA4,PV,COP
COL40CB0EZ02,BPEISSA4,PV,COP
COL40CB055H6,BPEMINHTA4,PV,COP
COL17CB0ZGI1,BPEMINHTA4,PV,COP
COL40CB0EZ69,BPEISSA4,PV,COP
COL40CB0C706,BPEISSA4,PV,COP
COL40CB0FLK0,BPEISSA3,PV,COP
COL40CB0ES68,BPEISSA4,PV,COP
COL40CB044M0,BPEMINHTA4,PV,COP
COL40CB0FJW9,BPEISSA4,PV,COP
COL40CB0EOV4,BPEISSA4,PV,COP
COL40CB053J7,BPEMINHTA4,PV,COP
COL40CB0F5D4,BPEISSA4,PV,COP
COL40CB0F1Y9,BPEISSA4,PV,COP
COL40CB05CZ9,BPEMINHTA4,PV,COP
COL17CB0ZRF4,BPEMINHTA4,PV,COP
COL40CB0EES1,BPEISSA4,PV,COP
COL40CB0FBX4,BPEISSA4,PV,COP
COL40CB0FLF0,BPEISSA4,PV,COP
COL40CB0DWQ9,BPEISSA4,PV,COP
COL40CB0DTV5,BPEISSA4,PV,COP
COL40CB0EVD7,BPEISSA4,PV,COP
COL40CB052A8,BPEMINHTA4,PV,COP
COL40CB0FNB5,BPEISSA4,PV,COP
COL40CB0C9T5,BPEISSA4,PV,COP
COL40CB05BP2,BPEMINHTA4,PV,COP
COL40CB0EUQ1,BPEISSA4,PV,COP
COL40CB0DV72,BPEISSA4,PV,COP
COL40CB065A0,BPEISSA4,PV,COP
COL17CB11AB0,BPEMINHTA4,PV,COP
COL40CB0C714,BPEISSA4,PV,COP
COL17CB1C4U1,BPEMINHTA4,PV,COP
COL40CB0A0U4,BPEISSA4,PV,COP
COL17CB189G4,BPEMINHTA4,PV,COP
COL40CB0BMO9,BPEISSA4,PV,COP
COL17CB1B4M9,BPEMINHTA4,PV,COP
COL40CB0ENR4,BPEISSA3,PV,COP
COL40CB0C5I6,BPEISSA4,PV,COP
COL40CB0BLB8,BPEISSA4,PV,COP
COL40CB0BP80,BPEISSA4,PV,COP
COL40CB0C3L5,BPEISSA4,PV,COP
COL17CB1A9H9,BPEMINHTA3,PV,COP
COL40CB0C5H8,BPEISSA4,PV,COP
COL40CB0BXX7,BPEISSA4,PV,COP
COL40CB0D7L5,BPEISSA3,PV,COP
COL40CB0CXK2,BPEISSA4,PV,COP
COL40CB0D589,BPEISSA4,PV,COP
COL17CB19FO5,BPEMINHTA4,PV,COP
COL40CB0AMM5,BPEISSA4,PV,COP
COL40CB0CXT3,BPEISSA3,PV,COP
COL17CB1BQ78,BPEMINHTA3,PV,COP
COL40CB0BY55,BPEISSA3,PV,COP
COL40CB0CDQ1,BPEISSA3,PV,COP
COL17CB1B5F0,BPEMINHTA4,PV,COP
COL40CB0BN58,BPEISSA4,PV,COP
COL40CB0CGO9,BPEISSA3,PV,COP
COL40CB0CQJ8,BPEISSA4,PV,COP
COL40CB0BVF8,BPEISSA4,PV,COP
COL40CB0CRJ6,BPEISSA4,PV,COP
COL40CB0CUE1,BPEISSA4,PV,COP
COL40CB0DDV9,BPEISSA3,PV,COP
COL40CB0CAY1,BPEISSA4,PV,COP
COL40CB0BTS5,BPEISSA4,PV,COP
COL40CB05S50,BPEISSA4,PV,COP
COL40CB0CLY8,BPEISSA4,PV,COP
COL40CB0BPD5,BPEISSA4,PV,COP
COL40CB0BUV7,BPEISSA4,PV,COP
COL40CB04K18,BPEMINHTA4,PV,COP
COL17CB0JGM7,BPEMINHTA4,PV,COP
COL17CB0IO66,BPEMINHTA4,PV,COP
COL17CB0JVS3,BPEMINHTA4,PV,COP
COL17CB0WYE0,BPEMINHTA3,PV,COP
COL17CB0V4E3,BPEMINHTA4,PV,COP
COL40CB02J88,BPEMINHTA4,PV,COP
COL40CB02JH9,BPEMINHTA4,PV,COP
COL17CB0V4W5,BPEMINHTA4,PV,COP
COL40CB92774,BPEMINHTA4,PV,COP
COL17CB0WZL2,BPEMINHTA4,PV,COP
COL40CB04IG9,BPEMINHTA4,PV,COP
COL17CB0IM84,BPEMINHTA4,PV,COP
COL17CB0YFS5,BPEMINHTA4,PV,COP
COL40CB01TX7,BPEMINHTA3,PV,COP
COL17CB0U2R0,BPEMINHTA4,PV,COP
COL40CB02JE6,BPEMINHTA3,PV,COP
COL17CB0V4Q7,BPEMINHTA3,PV,COP
COL40CB86636,BPEMINHTA3,PV,COP
COC06CB01379,BPEMINHTA3,PV,COP
COL17CB0UK49,BPEMINHTA3,PV,COP
COL40CB026X4,BPEMINHTA3,PV,COP
COL40CB04Y79,BPEMINHTA4,PV,COP
COL40CB88475,BPEMINHTA3,PV,COP
COL17CB0VMQ1,BPEMINHTA4,PV,COP
COL40CB039D9,BPEMINHTA4,PV,COP
COL17CB0BEW8,BPEMINHTA4,PV,COP
COL17CB0VNH8,BPEMINHTA4,PV,COP
COL17CB0WYO9,BPEMINHTA4,PV,COP
COL17CB0XSU6,BPEMINHTA4,PV,COP
COL40CB87139,BPEMINHTA3,PV,COP
COL17CB0XSC4,BPEMINHTA3,PV,COP
COL17CB0YOT5,BPEMINHTA4,PV,COP
COL16CB00207,BPEMINHTA4,PV,COP
COL40CB72495,BPEMINHTA4,PV,COP
COL17CB0RHN6,BPEMINHTA4,PV,COP
COL40CB00CY3,BPEMINHTA4,PV,COP
COL40CB044E7,BPEMINHTA4,PV,COP
COL17CB0XSD2,BPEMINHTA4,PV,COP
COL17CB0BDY6,BPEMINHTA4,PV,COP
COL40CB044F4,BPEMINHTA4,PV,COP
COL17CB0WYV4,BPEMINHTA3,PV,COP
COL40CB03N40,BPEMINHTA3,PV,COP
COL17CB0YFP1,BPEMINHTA4,PV,COP
COL17CB0NRW5,BPEMINHTA4,PV,COP
COL40CB94747,BPEMINHTA4,PV,COP
COL40CB04TO0,BPEMINHTA4,PV,COP
COL17CB0YVB8,BPEMINHTA4,PV,COP
COL40CB04II5,BPEMINHTA4,PV,COP
COL17CB0YG82,BPEMINHTA4,PV,COP
COL17CB0YFK2,BPEMINHTA4,PV,COP
COL17CB0YXT6,BPEMINHTA4,PV,COP
COL17CB0VM87,BPEMINHTA4,PV,COP
COL40CB02RK6,BPEMINHTA4,PV,COP
COL40CB99522,BPEMINHTA3,PV,COP
COL40CB49592,BPEMINHTA4,PV,COP
COL17CB0XUL1,BPEMINHTA4,PV,COP
COL40CB05AB4,BPEMINHTA4,PV,COP
COL17CB0BEH9,BPEMINHTA3,PV,COP
COL17CB0TZ86,BPEMINHTA4,PV,COP
COL17CB0XUR8,BPEMINHTA4,PV,COP
COL40CB046A0,BPEMINHTA4,PV,COP
COL17CB0MDS5,BPEMINHTA4,PV,COP
COL40CB67313,BPEMINHTA4,PV,COP
COL40CB04I12,BPEMINHTA3,PV,COP
COL17CB0YFI6,BPEMINHTA3,PV,COP
COL40CB49733,BPEMINHTA3,PV,COP
COL40CB00E10,BPEMINHTA4,PV,COP
COL17CB0R042,BPEMINHTA4,PV,COP
COL17CB0M0P8,BPEMINHTA4,PV,COP
COL40CB04XF0,BPEMINHTA4,PV,COP
COL17CB0Z6K1,BPEMINHTA4,PV,COP
COL40CB44163,BPEMINHTA3,PV,COP
COL17CB0I900,BPEMINHTA3,PV,COP
COL40CB44130,BPEMINHTA4,PV,COP
COL17CB0J6N5,BPEMINHTA4,PV,COP
COL40CB037C5,BPEMINHTA4,PV,COP
COL40CB04GM1,BPEMINHTA4,PV,COP
COL17CB0YD10,BPEMINHTA4,PV,COP
COL17CB0MOD4,BPEMINHTA3,PV,COP
COL17CB0INB8,BPEMINHTA4,PV,COP
COL40CB01G58,BPEMINHTA4,PV,COP
COL17CB0LER7,BPEMINHTA4,PV,COP
COL17CB0V4T1,BPEMINHTA4,PV,COP
COL40CB90042,BPEMINHTA4,PV,COP
COL40CB04HL1,BPEMINHTA4,PV,COP
COL17CB0YEU4,BPEMINHTA4,PV,COP
COL40CB50442,BPEMINHTA3,PV,COP
COL17CB0N9L7,BPEMINHTA4,PV,COP
COL40CB73600,BPEMINHTA4,PV,COP
COL40CB02SI8,BPEMINHTA4,PV,COP
COL17CB0LDN8,BPEMINHTA4,PV,COP
COL17CB0J6E4,BPEMINHTA4,PV,COP
COL40CB47968,BPEMINHTA4,PV,COP
COL40CB051Y0,BPEMINHTA3,PV,COP
COL17CB0ZCW1,BPEMINHTA3,PV,COP
COL40CB88921,BPEMINHTA3,PV,COP
COL17CB0T9S6,BPEMINHTA4,PV,COP
COL40CB01FI7,BPEMINHTA4,PV,COP
COL40CB93095,BPEMINHTA4,PV,COP
COL40CB31012,BPEMINHTA4,PV,COP
COL17CB0NB49,BPEMINHTA4,PV,COP
COL17CB0S628,BPEMINHTA4,PV,COP
COL40CB00QS5,BPEMINHTA4,PV,COP
COL40CB91990,BPEMINHTA4,PV,COP
COL40CB044J6,BPEMINHTA4,PV,COP
COL17CB0XSI1,BPEMINHTA4,PV,COP
COL40CB86651,BPEMINHTA4,PV,COP
COL17CB0HEQ7,BPEMINHTA4,PV,COP
COL17CB0LJC8,BPEMINHTA4,PV,COP
COL40CB044I8,BPEMINHTA4,PV,COP
COL40CB039M0,BPEMINHTA4,PV,COP
COL40CB79748,BPEMINHTA3,PV,COP
COL40CB47935,BPEMINHTA4,PV,COP
COL40CB0EPD9,BPEISSA3,PV,COP
COL17CB0R6W6,BPEMINHTA4,PV,COP
COL17CB0BFI4,BPEMINHTA4,PV,COP
COL40CB88384,BPEMINHTA4,PV,COP
COL40CB04Z37,BPEMINHTA4,PV,COP
COL40CB89275,BPEMINHTA3,PV,COP
COL17CB0XSK7,BPEMINHTA4,PV,COP
COL40CB92808,BPEMINHTA3,PV,COP
COL17CB0S6J2,BPEMINHTA4,PV,COP
COL40CB00R23,BPEMINHTA4,PV,COP
COL40CB99282,BPEMINHTA4,PV,COP
COL17CB0RH98,BPEMINHTA4,PV,COP
COL17CB0K229,BPEMINHTA3,PV,COP
COL17CB0KHO9,BPEMINHTA4,PV,COP
COL17CB0R6P0,BPEMINHTA4,PV,COP
COL17CB0LQG4,BPEMINHTA4,PV,COP
COL40CB62876,BPEMINHTA4,PV,COP
COL40CB99092,BPEMINHTA3,PV,COP
COL17CB0MZV2,BPEMINHTA4,PV,COP
COL17CB0V580,BPEMINHTA3,PV,COP
COL40CB02JN7,BPEMINHTA3,PV,COP
COL17CB0KAN6,BPEMINHTA4,PV,COP
COL17CB0R968,BPEMINHTA4,PV,COP
COL40CB04U32,BPEMINHTA3,PV,COP
COL17CB0RFV3,BPEMINHTA4,PV,COP
COL40CB029L3,BPEMINHTA4,PV,COP
COL17CB0UNT5,BPEMINHTA4,PV,COP
COL17CB0TZA1,BPEMINHTA3,PV,COP
COL40CB01T53,BPEMINHTA3,PV,COP
COL17CB0MIG9,BPEMINHTA4,PV,COP
COL17CB0MJ83,BPEMINHTA4,PV,COP
COL17CB0LN13,BPEMINHTA4,PV,COP
COL17CB0L0B9,BPEMINHTA4,PV,COP
COL17CB0QI07,BPEMINHTA4,PV,COP
COL40CB02A79,BPEMINHTA3,PV,COP
COL17CB0UP02,BPEMINHTA3,PV,COP
COL40CB05F14,BPEMINHTA4,PV,COP
COL17CB0ZU75,BPEMINHTA4,PV,COP
COL17CB0MIQ8,BPEMINHTA4,PV,COP
COL17CB0UM21,BPEMINHTA4,PV,COP
COL40CB94200,BPEMINHTA3,PV,COP
COL40CB88657,BPEMINHTA3,PV,COP
COL40CB93046,BPEMINHTA4,PV,COP
COL17CB0RJA9,BPEMINHTA3,PV,COP
COL40CB00DT1,BPEMINHTA3,PV,COP
COL40CB01FT4,BPEMINHTA4,PV,COP
COL17CB0TAA4,BPEMINHTA4,PV,COP
COL17CB0M6Z4,BPEMINHTA4,PV,COP
COL17CB0RCD8,BPEMINHTA4,PV,COP
COL17CB0Z284,BPEMINHTA4,PV,COP
COL17CB0KUV7,BPEMINHTA4,PV,COP
COL17CB0MIL9,BPEMINHTA4,PV,COP
COL17CB0YEV2,BPEMINHTA4,PV,COP
COL40CB04HM9,BPEMINHTA4,PV,COP
COL40CB92444,BPEMINHTA4,PV,COP
COL17CB0TBU0,BPEMINHTA3,PV,COP
COL17CB0MI68,BPEMINHTA4,PV,COP
COL17CB0U9J2,BPEMINHTA4,PV,COP
COL17CB0V390,BPEMINHTA4,PV,COP
COL40CB02IL3,BPEMINHTA4,PV,COP
COL40CB48107,BPEMINHTA4,PV,COP
COL40CB67297,BPEMINHTA4,PV,COP
COL17CB0MDO4,BPEMINHTA4,PV,COP
COL17CB0V1V3,BPEMINHTA4,PV,COP
COL40CB02HY8,BPEMINHTA4,PV,COP
COL17CB0MKH3,BPEMINHTA4,PV,COP
COL17CB0RD19,BPEMINHTA4,PV,COP
COL40CB44361,BPEMINHTA4,PV,COP
COL17CB0RCI7,BPEMINHTA4,PV,COP
COL17CB0R5W8,BPEMINHTA4,PV,COP
COL17CB0MNW6,BPEMINHTA4,PV,COP
COL17CB0KVR3,BPEMINHTA4,PV,COP
COL17CB0LS00,BPEMINHTA4,PV,COP
COL17CB0U947,BPEMINHTA4,PV,COP
COL40CB89648,BPEMINHTA4,PV,COP
COL17CB0I5A5,BPEMINHTA4,PV,COP
COL40CB86107,BPEMINHTA3,PV,COP
COL17CB0U038,BPEMINHTA4,PV,COP
COL40CB01TG2,BPEMINHTA4,PV,COP
COL17CB0WXJ1,BPEMINHTA4,PV,COP
COL17CB0CZ93,BPEMINHTA3,PV,COP
COL17CB0KIH1,BPEMINHTA3,PV,COP
COL17CB0QKW3,BPEMINHTA4,PV,COP
COL17CB0XUZ1,BPEMINHTA4,PV,COP
COL40CB046C6,BPEMINHTA4,PV,COP
COL40CB04HP2,BPEMINHTA4,PV,COP
COL17CB0YEY6,BPEMINHTA4,PV,COP
COL17CB0V5D2,BPEMINHTA3,PV,COP
COL40CB02JP2,BPEMINHTA3,PV,COP
COL17CB0KPD5,BPEMINHTA4,PV,COP
COL17CB0IET9,BPEMINHTA4,PV,COP
COL17CB0L5Y0,BPEMINHTA4,PV,COP
COL40CB63197,BPEMINHTA4,PV,COP
COL17CB0JVC7,BPEMINHTA4,PV,COP
COL40CB99548,BPEMINHTA4,PV,COP
COL17CB0LNY4,BPEMINHTA4,PV,COP
COL17CB0TYK3,BPEMINHTA4,PV,COP
COL40CB99563,BPEMINHTA4,PV,COP
COL17CB0WWL9,BPEMINHTA4,PV,COP
COL17CB0VLN0,BPEMINHTA4,PV,COP
COL17CB0J213,BPEMINHTA3,PV,COP
COL17CB0LNW8,BPEMINHTA4,PV,COP
COL40CB92113,BPEMINHTA3,PV,COP
COL17CB0M4H7,BPEMINHTA4,PV,COP
COL17CB0MN53,BPEMINHTA4,PV,COP
COL40CB93061,BPEMINHTA4,PV,COP
COL17CB0UM05,BPEMINHTA4,PV,COP
COL40CB028B6,BPEMINHTA4,PV,COP
COL17CB0LQP5,BPEMINHTA4,PV,COP
COL40CB44072,BPEMINHTA4,PV,COP
COL17CB0I9S9,BPEMINHTA4,PV,COP
COL17CB0N5Q4,BPEMINHTA4,PV,COP
COL17CB0M8W7,BPEMINHTA3,PV,COP
COL17CB0O5J8,BPEMINHTA3,PV,COP
COL17CB0LMK5,BPEMINHTA3,PV,COP
COL40CB04H54,BPEMINHTA4,PV,COP
COL17CB0YDY8,BPEMINHTA4,PV,COP
COL17CB0HZJ7,BPEMINHTA4,PV,COP
COL17CB0DV62,BPEMINHTA4,PV,COP
COL40CB25022,BPEMINHTA4,PV,COP
COL40CB01GH7,BPEMINHTA4,PV,COP
COL17CB0TBR6,BPEMINHTA4,PV,COP
COL17CB0O4A0,BPEMINHTA4,PV,COP
COL17CB0IVK2,BPEMINHTA4,PV,COP
COL40CB027P8,BPEMINHTA4,PV,COP
COL17CB0V5W2,BPEMINHTA4,PV,COP
COL40CB02K02,BPEMINHTA4,PV,COP
COL17CB0KC82,BPEMINHTA4,PV,COP
COL17CB0O5G4,BPEMINHTA4,PV,COP
COL17CB0LDC1,BPEMINHTA3,PV,COP
COL17CB0M7N8,BPEMINHTA4,PV,COP
COL40CB037U7,BPEMINHTA4,PV,COP
COL17CB0LQH2,BPEMINHTA4,PV,COP
COL17CB0N7H9,BPEMINHTA3,PV,COP
COL17CB0MAN2,BPEMINHTA4,PV,COP
COL40CB56969,BPEMINHTA4,PV,COP
COL40CB63205,BPEMINHTA3,PV,COP
COL17CB0LRZ2,BPEMINHTA3,PV,COP
COL17CB0W8C7,BPEMINHTA4,PV,COP
COL40CB037X1,BPEMINHTA4,PV,COP
COL17CB0Z9D0,BPEMINHTA4,PV,COP
COL40CB04YD3,BPEMINHTA4,PV,COP
COL17CB0Z805,BPEMINHTA4,PV,COP
COL17CB0M746,BPEMINHTA4,PV,COP
COL40CB03UG6,BPEMINHTA4,PV,COP
COL17CB0XRO1,BPEMINHTA4,PV,COP
COL40CB99530,BPEMINHTA4,PV,COP
COL17CB0U2B4,BPEMINHTA4,PV,COP
COL40CB01UM8,BPEMINHTA4,PV,COP
COL40CB93053,BPEMINHTA4,PV,COP
COL17CB0MKR2,BPEMINHTA4,PV,COP
COL40CB63247,BPEMINHTA4,PV,COP
COL17CB0LSC9,BPEMINHTA4,PV,COP
COL17CB0JOS8,BPEMINHTA4,PV,COP
COL40CB03UK8,BPEMINHTA4,PV,COP
COL17CB0U1Y8,BPEMINHTA4,PV,COP
COL17CB0U0T0,BPEMINHTA4,PV,COP
COL17CB0LZI1,BPEMINHTA3,PV,COP
COL40CB01S47,BPEMINHTA4,PV,COP
COL17CB0TWZ5,BPEMINHTA4,PV,COP
COL17CB0KVA9,BPEMINHTA4,PV,COP
COL17CB0LNZ1,BPEMINHTA4,PV,COP
COL40CB04Z78,BPEMINHTA4,PV,COP
COL40CB044H0,BPEMINHTA4,PV,COP
COL17CB0XSG5,BPEMINHTA4,PV,COP
COL40CB76652,BPEMINHTA4,PV,COP
COL17CB0NQ34,BPEMINHTA4,PV,COP
COL40CB94697,BPEMINHTA4,PV,COP
COL17CB0O4T0,BPEMINHTA4,PV,COP
COL17CB0UL71,BPEMINHTA4,PV,COP
COL40CB027N3,BPEMINHTA4,PV,COP
COL17CB0O6B3,BPEMINHTA4,PV,COP
COL17CB0TZ94,BPEMINHTA4,PV,COP
COL40CB80233,BPEMINHTA4,PV,COP
COL17CB0YRC4,BPEMINHTA4,PV,COP
COL40CB04RI6,BPEMINHTA4,PV,COP
COL40CB00D11,BPEMINHTA4,PV,COP
COL40CB93079,BPEMINHTA3,PV,COP
COL40CB0C4G3,BPEISSA3,PV,COP
COL40CB05EU6,BPEMINHTA4,PV,COP
COL17CB0Q9X9,BPEMINHTA4,PV,COP
COL17CB0TZG8,BPEMINHTA4,PV,COP
COL17CB0SJ20,BPEMINHTA3,PV,COP
COL17CB0NNE2,BPEMINHTA4,PV,COP
COL40CB01T61,BPEMINHTA4,PV,COP
COL17CB0TZC7,BPEMINHTA4,PV,COP
COL40CB83583,BPEMINHTA4,PV,COP
COL17CB0XSJ9,BPEMINHTA4,PV,COP
COL17CB0TXY6,BPEMINHTA4,PV,COP
COL17CB0QWG1,BPEMINHTA3,PV,COP
COL17CB0GL38,BPEMINHTA4,PV,COP
COL17CB0WVT4,BPEMINHTA4,PV,COP
COL40CB03FO1,BPEMINHTA4,PV,COP
COL40CB00CR7,BPEMINHTA4,PV,COP
COL17CB0YNG4,BPEMINHTA4,PV,COP
COL17CB0GHT6,BPEMINHTA3,PV,COP
COL17CB0ULY9,BPEMINHTA3,PV,COP
COL40CB027Z7,BPEMINHTA3,PV,COP
COL17CB0IMU0,BPEMINHTA4,PV,COP
COL40CB43991,BPEMINHTA4,PV,COP
COL17CB0KKX4,BPEMINHTA4,PV,COP
COL40CB91263,BPEMINHTA4,PV,COP
COL17CB0VMT5,BPEMINHTA4,PV,COP
COL40CB02S20,BPEMINHTA4,PV,COP
COL17CB0MNX4,BPEMINHTA4,PV,COP
COL17CB0NB56,BPEMINHTA4,PV,COP
COL40CB038H2,BPEMINHTA4,PV,COP
COL17CB0UWM1,BPEMINHTA3,PV,COP
COL40CB04I95,BPEMINHTA4,PV,COP
COL17CB0YFT3,BPEMINHTA4,PV,COP
COL17CB0MFV4,BPEMINHTA4,PV,COP
COL40CB99969,BPEMINHTA4,PV,COP
COL40CB04GK5,BPEMINHTA4,PV,COP
COL17CB0YCW4,BPEMINHTA4,PV,COP
COL40CB04UV3,BPEMINHTA4,PV,COP
COL17CB0PMH2,BPEMINHTA4,PV,COP
COL17CB0G4D4,BPEMINHTA4,PV,COP
COL17CB0LFH5,BPEMINHTA4,PV,COP
COL17CB0U1V4,BPEMINHTA3,PV,COP
COL17CB0WXL7,BPEMINHTA4,PV,COP
COL40CB03MT6,BPEMINHTA4,PV,COP
COL17CB0UL14,BPEMINHTA4,PV,COP
COL17CB0GMA6,BPEMINHTA4,PV,COP
COL17CB0NEU7,BPEMINHTA4,PV,COP
COL40CB99555,BPEMINHTA4,PV,COP
COL40CB03MS8,BPEMINHTA4,PV,COP
COL17CB0WXK9,BPEMINHTA4,PV,COP
COL17CB0FSI8,BPEMINHTA4,PV,COP
COL40CB00JL5,BPEMINHTA4,PV,COP
COL40CB04YF8,BPEMINHTA4,PV,COP
COL40CB03U58,BPEMINHTA4,PV,COP
COL17CB0V2I8,BPEMINHTA4,PV,COP
COL40CB02I71,BPEMINHTA4,PV,COP
COL17CB0MIV8,BPEMINHTA4,PV,COP
COL17CB0FIP4,BPEMINHTA4,PV,COP
COL17CB0UWT6,BPEMINHTA4,PV,COP
COL40CB05EA8,BPEMINHTA4,PV,COP
COL17CB0NNL7,BPEMINHTA4,PV,COP
COL40CB03NH9,BPEMINHTA4,PV,COP
COL17CB0WZQ1,BPEMINHTA4,PV,COP
COL17CB0GFB8,BPEMINHTA4,PV,COP
COL17CB0PJH8,BPEMINHTA4,PV,COP
COL17CB0YNM2,BPEMINHTA4,PV,COP
COL17CB0GEN6,BPEMINHTA4,PV,COP
COL40CB23837,BPEMINHTA4,PV,COP
COL17CB0G2L1,BPEMINHTA4,PV,COP
COL17CB0G2N7,BPEMINHTA4,PV,COP
COL17CB0VMR9,BPEMINHTA4,PV,COP
COL40CB02S12,BPEMINHTA4,PV,COP
COL40CB00CO4,BPEMINHTA4,PV,COP
COL17CB0YNI0,BPEMINHTA4,PV,COP
COL40CB04MB2,BPEMINHTA4,PV,COP
COC06CB00108,BPEMINHTA4,PV,COP
COL17CB0OAX7,BPEMINHTA4,PV,COP
COL40CB81744,BPEMINHTA4,PV,COP
COL17CB0XV84,BPEMINHTA4,PV,COP
COL40CB93129,BPEMINHTA4,PV,COP
COL17CB0GE94,BPEMINHTA4,PV,COP
COL40CB039J6,BPEMINHTA4,PV,COP
COL40CB92436,BPEMINHTA3,PV,COP
COL40CB04HN7,BPEMINHTA3,PV,COP
COL17CB0YEW0,BPEMINHTA3,PV,COP
COL17CB0YQW4,BPEMINHTA4,PV,COP
COL40CB04OI3,BPEMINHTA4,PV,COP
COL17CB0WW92,BPEMINHTA4,PV,COP
COL17CB0MLH1,BPEMINHTA4,PV,COP
COL40CB03NM9,BPEMINHTA4,PV,COP
COL17CB0WZY5,BPEMINHTA4,PV,COP
COL40CB80738,BPEMINHTA4,PV,COP
COL17CB0OA15,BPEMINHTA4,PV,COP
COL40CB039L2,BPEMINHTA4,PV,COP
COL17CB0MIX4,BPEMINHTA4,PV,COP
COL17CB0LRB3,BPEMINHTA4,PV,COP
COL40CB63031,BPEMINHTA4,PV,COP
COL40CB93103,BPEMINHTA4,PV,COP
COL40CB05D08,BPEMINHTA4,PV,COP
COL40CB00DW5,BPEMINHTA4,PV,COP
COL40CB93087,BPEMINHTA4,PV,COP
COL17CB0U2C2,BPEMINHTA4,PV,COP
COL40CB86552,BPEMINHTA4,PV,COP
COL17CB0UMV3,BPEMINHTA4,PV,COP
COL17CB0TZW5,BPEMINHTA4,PV,COP
COL17CB0KC33,BPEMINHTA4,PV,COP
COL40CB94754,BPEMINHTA4,PV,COP
COL17CB0TXT6,BPEMINHTA4,PV,COP
COL40CB93111,BPEMINHTA4,PV,COP
COL40CB81710,BPEMINHTA4,PV,COP
COL17CB0MH77,BPEMINHTA4,PV,COP
COL17CB0N7A4,BPEMINHTA4,PV,COP
COL17CB0JFS6,BPEMINHTA4,PV,COP
COL17CB0TB27,BPEMINHTA4,PV,COP
COL17CB0UK15,BPEMINHTA4,PV,COP
COL40CB026V8,BPEMINHTA4,PV,COP
COL17CB0MZH1,BPEMINHTA4,PV,COP
COL17CB0I8U7,BPEMINHTA4,PV,COP
COL17CB0KGT0,BPEMINHTA4,PV,COP
COL17CB0VMA5,BPEMINHTA4,PV,COP
COL17CB0GEP1,BPEMINHTA4,PV,COP
COL40CB91693,BPEMINHTA4,PV,COP
COL40CB058E7,BPEMINHTA4,PV,COP
COL17CB0U9L8,BPEMINHTA4,PV,COP
COL17CB0L615,BPEMINHTA4,PV,COP
COL17CB0MJ91,BPEMINHTA4,PV,COP
COL17CB0N5S0,BPEMINHTA4,PV,COP
COL40CB65044,BPEMINHTA3,PV,COP
COL17CB0XW26,BPEMINHTA4,PV,COP
COL40CB046Y0,BPEMINHTA4,PV,COP
COL17CB0UJC9,BPEMINHTA4,PV,COP
COL17CB0D505,BPEMINHTA4,PV,COP
COL40CB03TU9,BPEMINHTA4,PV,COP
COL17CB0UL63,BPEMINHTA4,PV,COP
COL40CB027M5,BPEMINHTA4,PV,COP
COL17CB0N5T8,BPEMINHTA4,PV,COP
COL40CB91271,BPEMINHTA4,PV,COP
COL40CB94614,BPEMINHTA4,PV,COP
COL17CB0S586,BPEMINHTA4,PV,COP
COL40CB00QC9,BPEMINHTA4,PV,COP
COL40CB04P96,BPEMINHTA4,PV,COP
COL17CB0YIZ4,BPEMINHTA4,PV,COP
COL17CB0PM51,BPEMINHTA4,PV,COP
COL17CB0YZ63,BPEMINHTA4,PV,COP
COL17CB0U2A6,BPEMINHTA4,PV,COP
COL17CB0QWO5,BPEMINHTA4,PV,COP
COL40CB039W9,BPEMINHTA4,PV,COP
COL17CB0XRI3,BPEMINHTA4,PV,COP
COL17CB0L334,BPEMINHTA3,PV,COP
COL40CB58460,BPEMINHTA3,PV,COP
COL40CB03AM6,BPEMINHTA4,PV,COP
COL40CB04ZV2,BPEMINHTA4,PV,COP
COL40CB01SQ3,BPEMINHTA4,PV,COP
COL17CB0TY79,BPEMINHTA4,PV,COP
COL40CB03MU4,BPEMINHTA4,PV,COP
COL17CB0WXM5,BPEMINHTA4,PV,COP
COL40CB00D45,BPEMINHTA4,PV,COP
COL40CB02A46,BPEMINHTA4,PV,COP
COL17CB0UOX5,BPEMINHTA4,PV,COP
COL40CB67032,BPEMINHTA4,PV,COP
COL17CB0MC15,BPEMINHTA4,PV,COP
COL17CB0TYF3,BPEMINHTA4,PV,COP
COL40CB01SU5,BPEMINHTA4,PV,COP
COL17CB0TZE3,BPEMINHTA4,PV,COP
COL40CB03A78,BPEMINHTA4,PV,COP
COL17CB0WBB4,BPEMINHTA4,PV,COP
COL17CB0TW06,BPEMINHTA3,PV,COP
COL17CB0D7D0,BPEMINHTA3,PV,COP
COL17CB0U251,BPEMINHTA3,PV,COP
COL17CB0TZF0,BPEMINHTA4,PV,COP
COL40CB00CC9,BPEMINHTA3,PV,COP
COL17CB0MZY6,BPEMINHTA4,PV,COP
COL17CB0UHG4,BPEMINHTA3,PV,COP
COL17CB0TB35,BPEMINHTA4,PV,COP
COL40CB00O67,BPEMINHTA4,PV,COP
COL40CB028C4,BPEMINHTA4,PV,COP
COL17CB0UM39,BPEMINHTA4,PV,COP
COL40CB92634,BPEMINHTA4,PV,COP
COL40CB039O6,BPEMINHTA4,PV,COP
COL17CB0WA15,BPEMINHTA4,PV,COP
COL40CB83906,BPEMINHTA4,PV,COP
COL17CB0TXZ3,BPEMINHTA4,PV,COP
COL17CB0YR22,BPEMINHTA4,PV,COP
COL40CB05ME3,BPEMINHTA4,PV,COP
COL40CB03TW5,BPEMINHTA4,PV,COP
COL17CB0XQS4,BPEMINHTA4,PV,COP
COL40CB93137,BPEMINHTA4,PV,COP
COL17CB0MZT6,BPEMINHTA4,PV,COP
COL40CB63486,BPEMINHTA4,PV,COP
COL40CB92642,BPEMINHTA4,PV,COP
COL17CB0TZH6,BPEMINHTA4,PV,COP
COL40CB33513,BPEMINHTA4,PV,COP
COL17CB0HRF2,BPEMINHTA4,PV,COP
COL17CB0TL66,BPEMINHTA4,PV,COP
COL40CB037W3,BPEMINHTA4,PV,COP
COL17CB0W8B9,BPEMINHTA4,PV,COP
COL17CB0VMW9,BPEMINHTA4,PV,COP
COL40CB02S46,BPEMINHTA4,PV,COP
COL17CB0NAX9,BPEMINHTA4,PV,COP
COL40CB00PG2,BPEMINHTA4,PV,COP
COL17CB0S3K7,BPEMINHTA4,PV,COP
COL17CB0MII5,BPEMINHTA4,PV,COP
COL17CB0S3L5,BPEMINHTA4,PV,COP
COL40CB00PH0,BPEMINHTA4,PV,COP
COL40CB89291,BPEMINHTA4,PV,COP
COL40CB92063,BPEMINHTA4,PV,COP
COL17CB0TD33,BPEMINHTA4,PV,COP
COL40CB01H16,BPEMINHTA4,PV,COP
COL40CB04H62,BPEMINHTA4,PV,COP
COL17CB0YE01,BPEMINHTA4,PV,COP
COL17CB0MHR8,BPEMINHTA4,PV,COP
COL17CB0TYO5,BPEMINHTA4,PV,COP
COL17CB0R0I8,BPEMINHTA4,PV,COP
COL40CB000L4,BPEMINHTA4,PV,COP
COL40CB000K6,BPEMINHTA4,PV,COP
COL17CB0UJ83,BPEMINHTA4,PV,COP
COL17CB0N7I7,BPEMINHTA4,PV,COP
COL17CB0N4D5,BPEMINHTA4,PV,COP
COL17CB0VLP5,BPEMINHTA4,PV,COP
COL40CB02RA7,BPEMINHTA4,PV,COP
COL17CB0MPM2,BPEMINHTA4,PV,COP
COL40CB011Z1,BPEMINHTA4,PV,COP
COL17CB0SP63,BPEISSA4,PV,COP
COL17CB0N7F3,BPEMINHTA4,PV,COP
COL17CB0TYP2,BPEMINHTA4,PV,COP
COL17CB0GFJ1,BPEMINHTA4,PV,COP
COL17CB0UG94,BPEMINHTA4,PV,COP
COL17CB0KV48,BPEMINHTA4,PV,COP
COL17CB0V2J6,BPEMINHTA4,PV,COP
COL17CB0U2E8,BPEMINHTA4,PV,COP
COL40CB04YU7,BPEMINHTA4,PV,COP
COL17CB0TBS4,BPEMINHTA4,PV,COP
COL17CB0N7K3,BPEMINHTA4,PV,COP
COL17CB0IPI8,BPEMINHTA4,PV,COP
COL17CB0SR20,BPEMINHTA4,PV,COP
COL17CB0UOZ0,BPEMINHTA4,PV,COP
COL40CB02A61,BPEMINHTA4,PV,COP
COL40CB0CX06,BPEISSA3,PV,COP
COL40CB0CWC1,BPEISSA4,PV,COP
COL17CB1BIG0,BPEMINHTA4,PV,COP
COL17CB1BCB4,BPEMINHTA4,PV,COP
COL40CB0BQJ0,BPEISSA4,PV,COP
COL40CB0CQH2,BPEISSA4,PV,COP
COL40CB0D1G8,BPEISSA4,PV,COP
COL40CB0DA51,BPEISSA3,PV,COP
COL40CB0BTE5,BPEISSA4,PV,COP
COL40CB0BU75,BPEISSA4,PV,COP
COL40CB0ANI1,BPEISSA4,PV,COP
COL17CB1BPS0,BPEMINHTA4,PV,COP
COL40CB0COF1,BPEISSA3,PV,COP
COL40CB0CHK5,BPEISSA4,PV,COP
COL40CB0CL26,BPEISSA4,PV,COP
COL40CB0BY48,BPEISSA4,PV,COP
COL40CB0DTU7,BPEISSA4,PV,COP
COL17CB1EUN5,BPEMINHTA3,PV,COP
COL40CB0DRX5,BPEISSA3,PV,COP
COL40CB0D8W0,BPEISSA4,PV,COP
COL40CB0FLH6,BPEISSA4,PV,COP
COL40CB0DVF4,BPEISSA3,PV,COP
COL40CB07GH4,BPEISSA4,PV,COP
COL17CB0ZHE8,BPEMINHTA4,PV,COP
COL40CB92956,BPEISSA4,PV,COP
COL40CB06UV8,BPEISSA4,PV,COP
COL17CB135K9,BPEMINHTA4,PV,COP
COL17CB13VO5,BPEMINHTA4,PV,COP
COL17CB12UF7,BPEMINHTA4,PV,COP
COL17CB12XE4,BPEMINHTA4,PV,COP
COL40CB07M96,BPEISSA4,PV,COP
COL17CB13T09,BPEMINHTA4,PV,COP
COL17CB13PD0,BPEMINHTA4,PV,COP
COL40CB077O6,BPEISSA4,PV,COP
COL17CB13JN2,BPEMINHTA4,PV,COP
COL40CB056B7,BPEISSA4,PV,COP
COL40CB07KP9,BPEISSA4,PV,COP
COL17CB13QK3,BPEMINHTA4,PV,COP
COL17CB13HC9,BPEMINHTA4,PV,COP
COL40CB07F04,BPEISSA4,PV,COP
COL17CB15PN4,BPEMINHTA4,PV,COP
COL40CB08O28,BPEISSA4,PV,COP
COL17CB0Q9G4,BPEMINHTA4,PV,COP
COL17CB12JH6,BPEMINHTA4,PV,COP
COL17CB13XJ1,BPEMINHTA4,PV,COP
COL40CB07PD4,BPEISSA4,PV,COP
COL40CB07F12,BPEISSA4,PV,COP
COL17CB13HE5,BPEMINHTA4,PV,COP
COL17CB10WJ9,BPEMINHTA4,PV,COP
COL40CB09GR9,BPEISSA3,PV,COP
COL40CB0BCX1,BPEISSA4,PV,COP
COL17CB14NC5,BPEMINHTA4,PV,COP
COL17CB0Z136,BPEMINHTA4,PV,COP
COL40CB07ZQ5,BPEISSA4,PV,COP
COL17CB14IC5,BPEMINHTA4,PV,COP
COL17CB165M2,BPEMINHTA4,PV,COP
COL40CB05D16,BPEISSA3,PV,COP
COL17CB0ZRI8,BPEMINHTA3,PV,COP
COL40CB09RK1,BPEISSA4,PV,COP
COL17CB17PM2,BPEMINHTA4,PV,COP
COL17CB158K1,BPEMINHTA4,PV,COP
COL40CB08F60,BPEISSA4,PV,COP
COL17CB12CG3,BPEMINHTA4,PV,COP
COL40CB07J75,BPEISSA4,PV,COP
COL17CB12ZD1,BPEMINHTA4,PV,COP
COL40CB07NJ6,BPEISSA4,PV,COP
COL17CB13UW0,BPEMINHTA4,PV,COP
COL40CB094W4,BPEISSA4,PV,COP
COL40CB083U1,BPEISSA4,PV,COP
COL40CB05LA3,BPEISSA3,PV,COP
COL17CB108R1,BPEMINHTA3,PV,COP
COL17CB13U14,BPEMINHTA4,PV,COP
COL17CB12BQ4,BPEMINHTA3,PV,COP
COL40CB09OG6,BPEISSA4,PV,COP
COL40CB07O29,BPEISSA4,PV,COP
COL40CB09ZV1,BPEISSA4,PV,COP
COL17CB14FO6,BPEMINHTA4,PV,COP
COL40CB0A1N7,BPEISSA4,PV,COP
COL17CB13SZ7,BPEMINHTA4,PV,COP
COL17CB140Z7,BPEMINHTA4,PV,COP
COL17CB135T0,BPEMINHTA4,PV,COP
COL40CB06QV6,BPEISSA4,PV,COP
COL40CB0AAL2,BPEISSA4,PV,COP
COL40CB08YA0,BPEISSA4,PV,COP
COL17CB154Q7,BPEMINHTA3,PV,COP
COL40CB09W50,BPEISSA4,PV,COP
COL40CB0BIR0,BPEISSA4,PV,COP
COL17CB1AYU0,BPEMINHTA4,PV,COP
COL40CB079V7,BPEISSA4,PV,COP
COL17CB1A1X3,BPEMINHTA4,PV,COP
COL17CB12JZ8,BPEMINHTA4,PV,COP
COL40CB06V54,BPEISSA4,PV,COP
COL17CB14EY8,BPEMINHTA4,PV,COP
COL17CB142S8,BPEMINHTA4,PV,COP
COL40CB0A346,BPEISSA4,PV,COP
COL40CB0A0Y6,BPEISSA4,PV,COP
COL40CB0AJA6,BPEISSA4,PV,COP
COL17CB1A1V7,BPEMINHTA4,PV,COP
COL40CB09Z40,BPEISSA4,PV,COP
COL17CB184R2,BPEMINHTA4,PV,COP
COL17CB11BD4,BPEMINHTA4,PV,COP
COL17CB0VPD2,BPEMINHTA4,PV,COP
COL40CB08ER6,BPEISSA4,PV,COP
COL17CB157D8,BPEMINHTA4,PV,COP
COL40CB07JZ0,BPEISSA4,PV,COP
COL17CB11S77,BPEMINHTA4,PV,COP
COL40CB06GS3,BPEISSA4,PV,COP
COL40CB08XN5,BPEISSA4,PV,COP
COL17CB16B55,BPEMINHTA4,PV,COP
COL40CB090L5,BPEISSA4,PV,COP
COL17CB14IU7,BEPMINHTA4,PV,COP
COL17CB13FT7,BPEMINHTA4,PV,COP
COL17CB14I01,BPEMINHTA4,PV,COP
COL40CB07ZH4,BPEISSA4,PV,COP
COL40CB084R5,BPEISSA4,PV,COP
COL17CB14PL1,BPEMINHTA4,PV,COP
COL17CB16FS2,BPEMINHTA4,PV,COP
COL17CB0ZN66,BPEMINHTA3,PV,COP
COL40CB06IH2,BPEISSA4,PV,COP
COL17CB11UG7,BPEMINHTA4,PV,COP
COL40CB05X46,BPEISSA4,PV,COP
COL17CB10UC8,BPEMINHTA4,PV,COP
COL17CB16ML3,BPEMINHTA3,PV,COP
COL40CB095V3,BPEISSA3,PV,COP
COL40CB08YW4,BPEISSA3,PV,COP
COL17CB16DH0,BPEMINHTA3,PV,COP
COL40CB06UB0,BPEISSA4,PV,COP
COL17CB12I94,BPEMINHTA4,PV,COP
COL17CB116Q6,BPEMINHTA4,PV,COP
COL40CB063D9,BPEISSA4,PV,COP
COL17CB10VV6,BPEMINHTA4,PV,COP
COL40CB05XX0,BPEISSA4,PV,COP
COL17CB0ZL50,BPEMINHTA4,PV,COP
COL40CB059C9,BPEISSA4,PV,COP
COL17CB11ET4,BPEMINHTA4,PV,COP
COL40CB069E4,BPEISSA4,PV,COP
COL40CB092W8,BPEISSA4,PV,COP
COL17CB16IL1,BPEMINHTA4,PV,COP
COL40CB090I1,BPEISSA4,PV,COP
COL17CB16FT0,BPEMINHTA4,PV,COP
COL17CB15XZ2,BPEMINHTA4,PV,COP
COL17CB142K5,BPEMINHTA4,PV,COP
COL40CB07RW0,BPEISSA4,PV,COP
COL40CB09MJ4,BPEISSA4,PV,COP
COL40CB0A3P8,BPEISSA4,PV,COP
COL40CB07NE7,BPEISSA4,PV,COP
COL17CB13UN9,BPEMINHTA4,PV,COP
COL17CB11H54,BPEMINHTA4,PV,COP
COL40CB06AY4,BPEISSA4,PV,COP
COL17CB13VD8,BPEMINHTA4,PV,COP
COL40CB07NT5,BPEISSA4,PV,COP
COL40CB06UU0,BPEISSA4,PV,COP
COL17CB12JG8,BPEMINHTA4,PV,COP
COL40CB05Y86,BPEISSA4,PV,COP
COL40CB09NC7,BPEISSA4,PV,COP
COL17CB16EX5,BPEMINHTA4,PV,COP
COL40CB08ZO8,BPEISSA4,PV,COP
COL17CB13UV2,BPEMINHTA4,PV,COP
COL40CB09R99,BPEISSA4,PV,COP
COL40CB07NI8,BPEISSA4,PV,COP
COL17CB150D3,BPEMINHTA4,PV,COP
COL40CB08C48,BPEISSA4,PV,COP
COL40CB06IZ4,BPEISSA4,PV,COP
COL17CB11W71,BPEMINHTA4,PV,COP
COL40CB05RX2,BPEISSA3,PV,COP
COL40CB082B3,BPEISSA3,PV,COP
COL17CB14M13,BPEMINHTA3,PV,COP
COL17CB10OW9,BPEMINHTA4,PV,COP
COL40CB05UD8,BPEISSA4,PV,COP
COL17CB10Q05,BPEMINHTA4,PV,COP
COL40CB05UT4,BPEISSA4,PV,COP
COL40CB06HW3,BPEISSA4,PV,COP
COL17CB11U57,BPEMINHTA4,PV,COP
COL40CB05TF5,BPEISSA4,PV,COP
COL40CB050W6,BPEISSA4,PV,COP
COL40CB0AK03,BPEISSA4,PV,COP
COL40CB08BH3,BPEISSA4,PV,COP
COL17CB1AMZ4,BPEMINHTA4,PV,COP
COL40CB0BBI4,BPEISSA4,PV,COP
COL17CB15V45,BPEMINHTA3,PV,COP
COL17CB14EX0,BPEMINHTA4,PV,COP
COL40CB07XV0,BPEISSA4,PV,COP
COL17CB12I37,BPEMINHTA4,PV,COP
COL40CB06U71,BPEISSA4,PV,COP
COL40CB06RH3,BPEISSA4,PV,COP
COL17CB1A9P2,BPEMINHTA4,PV,COP
COL40CB0B3R3,BPEISSA4,PV,COP
COL40CB09F02,BPEISSA4,PV,COP
COL17CB13TC4,BPEMINHTA4,PV,COP
COL40CB07MH2,BPEISSA4,PV,COP
COL40CB05IQ5,BPEISSA3,PV,COP
COL17CB100Y4,BPEMINHTA3,PV,COP
COL17CB13O87,BPEMINHTA4,PV,COP
COL17CB0XQE4,BPEMINHTA4,PV,COP
COL40CB03TP9,BPEISSA4,PV,COP
COL40CB074Z9,BPEISSA4,PV,COP
COL40CB0ANC4,BPEISSA4,PV,COP
COL17CB14W11,BPEMINHTA4,PV,COP
COL40CB05WR4,BPEISSA4,PV,COP
COL17CB14BH9,BPEMINHTA3,PV,COP
COL40CB07W03,BPEISSA3,PV,COP
COL40CB05FV1,BPEISSA4,PV,COP
COL17CB16L95,BPEMINHTA4,PV,COP
COL17CB14N87,BPEMINHTA4,PV,COP
COL40CB07N12,BPEISSA4,PV,COP
COL17CB113F6,BPEMINHTA4,PV,COP
COL40CB061K8,BPEISSA4,PV,COP
COL40CB07YO3,BPEISSA4,PV,COP
COL17CB14G86,BPEMINHTA4,PV,COP
COL17CB157C0,BPEMINHTA3,PV,COP
COL40CB08EQ8,BPEISSA3,PV,COP
COL40CB06QJ1,BPEISSA3,PV,COP
COL40CB09GK4,BPEISSA4,PV,COP
COL40CB0APL0,BPEISSA3,PV,COP
COL40CB04X13,BPEISSA3,PV,COP
COL40CB04YY9,BPEISSA4,PV,COP
COL17CB0Z987,BPEMINHTA4,PV,COP
COL17CB18NM5,BPEMINHTA3,PV,COP
COL40CB072R0,BPEISSA4,PV,COP
COL17CB12WB2,BPEMINHTA4,PV,COP
COL17CB14C98,BPEMINHTA4,PV,COP
COL40CB07WG3,BPEISSA4,PV,COP
COL40CB0A4D2,BPEISSA4,PV,COP
COL40CB08D13,BPEISSA4,PV,COP
COL40CB05WQ6,BPEISSA4,PV,COP
COL17CB10TP2,BPEMINHTA4,PV,COP
COL40CB061M4,BPEISSA4,PV,COP
COL40CB094T0,BPEISSA4,PV,COP
COL17CB16L46,BPEMINHTA4,PV,COP
COL40CB0ALN5,BPEISSA4,PV,COP
COL40CB0ANE0,BPEISSA4,PV,COP
COL17CB1ALX1,BPEMINHTA4,PV,COP
COL40CB08AJ1,BPEISSA4,PV,COP
COL40CB09RF1,BPEISSA4,PV,COP
COL40CB07U54,BPEISSA4,PV,COP
COL17CB156E8,BPEMINHTA3,PV,COP
COL40CB08EC8,BPEISSA3,PV,COP
COL17CB1A822,BPEMINHTA4,PV,COP
COL40CB0B2Y1,BPEISSA4,PV,COP
COL40CB07YB0,BPEISSA4,PV,COP
COL40CB05PA4,BPEMINHTA4,PV,COP
COL17CB10GA1,BPEMINHTA4,PV,COP
COL17CB10D83,BPEMINHTA3,PV,COP
COL40CB05IJ0,BPEMINHTA4,PV,COP
COL17CB100O5,BPEMINHTA4,PV,COP
COL40CB05Q29,BPEMINHTA4,PV,COP
COL17CB10HI2,BPEMINHTA4,PV,COP
COL40CB05MG8,BPEMINHTA4,PV,COP
COL17CB16FO1,BPEMINHTA4,PV,COP
COL40CB08XC8,BPEISSA4,PV,COP
COL17CB10E74,BPEMINHTA4,PV,COP
COL40CB090G5,BPEISSA4,PV,COP
COL40CB05JC3,BPEISSA4,PV,COP
COL17CB102S2,BPEMINHTA4,PV,COP
COL17CB16EE5,BPEMINHTA4,PV,COP
COL40CB09MK2,BPEISSA4,PV,COP
COL40CB09BV2,BPEISSA4,PV,COP
COL40CB0BCI2,BPEISSA4,PV,COP
COL17CB17I73,BPEMINHTA4,PV,COP
COL40CB062C3,BPEISSA4,PV,COP
COL17CB114J6,BPEMINHTA4,PV,COP
COL40CB07Y01,BPEISSA4,PV,COP
COL17CB0ZWA5,BPEMINHTA4,PV,COP
COL40CB05GA3,BPEISSA4,PV,COP
COL17CB0ZT52,BPEMINHTA4,PV,COP
COL17CB12A50,BPEMINHTA4,PV,COP
COL40CB08AT0,BPEISSA3,PV,COP
COL40CB083D7,BPEISSA3,PV,COP
COL17CB11W89,BPEMINHTA4,PV,COP
COL17CB15LE2,BPEMINHTA4,PV,COP
COL17CB124E6,BPEMINHTA3,PV,COP
COL40CB06N54,BPEISSA3,PV,COP
COL40CB098E3,BPEISSA4,PV,COP
COL17CB16RL2,BPEMINHTA4,PV,COP
COL40CB097Y3,BPEISSA4,PV,COP
COL17CB14T57,BPEMINHTA4,PV,COP
COL40CB07Y27,BPEISSA4,PV,COP
COL17CB16CC3,BPEMINHTA4,PV,COP
COL17CB18HP0,BPEMINHTA4,PV,COP
COL17CB16HJ7,BPEMINHTA4,PV,COP
COL17CB13HH8,BPEMINHTA4,PV,COP
COL40CB07F38,BPEISSA4,PV,COP
COL40CB09S80,BPEISSA4,PV,COP
COL40CB05Y78,BPEISSA3,PV,COP
COL17CB10WI1,BPEMINHTA3,PV,COP
COL40CB065K9,BPEISSA4,PV,COP
COL17CB0ZR21,BPEMINHTA4,PV,COP
COL17CB15JV0,BPEMINHTA4,PV,COP
COL40CB08KM4,BPEISSA4,PV,COP
COL40CB092V0,BPEISSA4,PV,COP
COL17CB16IK3,BPEMINHTA4,PV,COP
COL17CB16P67,BPEMINHTA4,PV,COP
COL17CB177A2,BPEMINHTA4,PV,COP
COL40CB0AQ23,BPEISSA4,PV,COP
COL40CB090E0,BPEISSA4,PV,COP
COL40CB0BAX5,BPEISSA4,PV,COP
COL17CB17RY3,BPEMINHTA4,PV,COP
COL40CB09SS2,BPEISSA4,PV,COP
COL17CB0ZVT7,BPEMINHTA4,PV,COP
COL17CB12A35,BPEMINHTA4,PV,COP
COL40CB06S26,BPEISSA3,PV,COP
COL17CB12CO7,BPEMINHTA3,PV,COP
COL17CB11OL0,BPEMINHTA4,PV,COP
COL40CB06EZ3,BPEISSA4,PV,COP
COL40CB0ALF1,BPEISSA3,PV,COP
COL40CB08Z41,BPEISSA4,PV,COP
COL17CB16DT5,BPEMINHTA4,PV,COP
COL17CB0ZC44,BPEMINHTA4,PV,COP
COL17CB0GFL7,BPEMINHTA4,PV,COP
COL40CB24009,BPEISSA4,PV,COP
COL17CB10QW4,BPEMINHTA4,PV,COP
COL40CB05VC8,BPEISSA4,PV,COP
COL40CB04QJ6,BPEISSA4,PV,COP
COL17CB0YTQ0,BPEMINHTA4,PV,COP
COL40CB09R81,BPEISSA4,PV,COP
COL40CB0AMN3,BPEISSA4,PV,COP
COL17CB17KQ4,BPEMINHTA4,PV,COP
COL40CB09O84,BPEISSA4,PV,COP
COL40CB0B435,BPEISSA4,PV,COP
COL40CB05EI1,BPEISSA4,PV,COP
COL17CB0YWI1,BPEMINHTA4,PV,COP
COL17CB123Q2,BPEMINHTA4,PV,COP
COL40CB06MT9,BPEISSA4,PV,COP
COL17CB13HL0,BPEMINHTA4,PV,COP
COL40CB07F53,BPEISSA4,PV,COP
COL40CB092K3,BPEISSA4,PV,COP
COL17CB16I41,BPEMINHTA4,PV,COP
COL17CB179M3,BPEMINHTA4,PV,COP
COL40CB05Y03,BPEISSA4,PV,COP
COL17CB10W56,BPEMINHTA4,PV,COP
COL40CB0A4C4,BPEISSA4,PV,COP
COL17CB16EY3,BPEMINHTA3,PV,COP
COL40CB0BFA2,BPEISSA4,PV,COP
COL40CB09UZ3,BPEISSA3,PV,COP
COL17CB17VQ1,BPEMINHTA3,PV,COP
COL17CB198Q4,BPEMINHTA4,PV,COP
COL40CB09OY9,BPEISSA4,PV,COP
COL40CB0AZ22,BPEISSA4,PV,COP
COL17CB19GF1,BPEMINHTA4,PV,COP
COL40CB0B5D8,BPEISSA4,PV,COP
COL40CB09MG0,BPEISSA4,PV,COP
COL17CB17I32,BPEMINHTA4,PV,COP
COL17CB11A10,BPEMINHTA3,PV,COP
COL34CB00036,BDCU10792A,SV,COP
COL16CB00116,BDVT10230915,TV,COP
COC04CB00087,BECO01109A10,SV,COP
COC04CB00053,BECO01109A30,SV,COP
COC04CB00079,BECO01109A7,SV,COP
COC04CB00137,BECO1139C15,SV,COP
COC04CB00145,BECO1139C30,SV,COP
COE25CB00120,BEPM05139A20,TV,COP
COE25CB00112,BEPM01109A20,TV,COP
COE25CB00187,BEPM07159A05,TV,COP
COE25CB00203,BEPM07159A12,TV,COP
COE25CB00013,BEPM1089A10,TV,COP
COE25CB00179,BEPM06149A20,TV,COP
COE15CB00097,BISA07049A,SV,COP
COE15CB00121,BISA01139VC1,TV,COP
COE15CB00105,BISA07049B,SV,COP
COE15CB00063,BISA4049VA,SV,COP
COL12CB00040,BMME01149A30,TV,COP
COE24CB00057,BTSE01119A15,TV,COP
COE24CB00040,BTSE104D9A,TV,COP
COV37CB00038,SPAT1097D67,AV,UVR
COV37CB00079,SPAT1097D74,AV,UVR
COV37CB00087,SPAT5097D56,AV,UVR
COB51CD70683,CDTDVI80,MV,COP
COB51CD86853,CDTDVI80,MV,COP
COB51CD72150,CDTDVI80,MV,COP
COB23CD25223,CDTBOC80P,MV,COP
COB23CD25231,CDTBOC80P,MV,COP
COB23CD27146,CDTBOC80P,MV,COP
COB12CD66352,CDTBSC80,MV,COP
COB13CD25943,CDTBGA80,MV,COP
COB13CD28418,CDTBGA80,MV,COP
COB13CD38433,CDTBGA80,MV,COP
COB13CD23211,CDTBGA80,MV,COP
COB13CD29002,CDTBGA80,MV,COP
COB13CD26313,CDTBGA80,MV,COP
COB13CD30646,CDTBGA80,MV,COP
COB13CD30786,CDTBGA80,MV,COP
COB01CD96048,CDTBBO80,MV,COP
COB01CD99844,CDTBBO80,MV,COP
COB01CD008O8,CDTBBO80,MV,COP
COB01CD009I8,CDTBBO80,MV,COP
COB01CD000E6,CDTBBO80,MV,COP
COB01CD98366,CDTBBO80,MV,COP
COB01CD001U0,CDTBBO80,MV,COP
COB56CD05N31,CDTFAL80,MV,COP
COJ12CD0OK30,CDTCFC80,MV,COP
COL06CD08371,CDTFDT80,MV,COP
COJ49CD83956,CDTLGC80,MV,COP
COJ49CD73932,CDTLGC80,MV,COP
COB63CD01XE8,CDTFANS0V,PV,COP
COB07CD03652,CDTBCBS0V,TV,COP
COB07CD98926,CDTBCBS0V,PV,COP
COB07CD90709,CDTBCBS0V,TV,COP
COB07CD90758,CDTBCBS0V,TV,COP
COB07CD28907,CDTBCBS0V,TV,COP
COB07CD03702,CDTBCBS0V,TV,COP
COB07CD95476,CDTBCBS0V,TV,COP
COB07CD76534,CDTBCBS0V,TV,COP
COB07CD42585,CDTBCBS0V,TV,COP
COB07CD46289,CDTBCBS0V,TV,COP
COB01CD01ZI4,CDTBBOS0V,PV,COP
COB06CD0D8L1,CDTBSAS0V,TV,COP
COB06CD07614,CDTBSAS0V,AV,COP
COB51CD03320,CDTDVIS0V,TV,COP
COB51CD82928,CDTDVIS0V,TV,COP
COB64CD015T6,CDTIVCS0V,PV,COP
COB64CD00Q90,CDTIVCS0V,PV,COP
COB64CD014O0,CDTIVCS0V,PV,COP
COB59CD08892,CDTMIAS0VD,PV,COP
COB59CD08736,CDTMIAS0VD,PV,COP
COB59CD07092,CDTMIAS0VD,PV,COP
COB59CD07118,CDTMIAS0VD,PV,COP
COB58CD58972,CDTBPCS0V,PV,COP
COB13CD29184,CDTBGAS0V,TV,COP
COB13CD30844,CDTBGAS0V,TV,COP
COJ49CD00BU4,CDTLGCS0V,PV,COP
COB12CD00385,CDTBSCS5V,TV,COP
COB12CD00351,CDTBSCS5V,TV,COP
COJ26CD32423,CDTGMAS5V,PV,COP
COJ0YCD00038,CDTITAS5V,PV,COP
COB07CD004F9,CDTBCB90DP,TV,COP
COB07CD44011,CDTBCB90DP,TV,COP
COB07CD004U8,CDTBCB90DP,TV,COP
COB07CD83639,CDTBCB90DP,TV,COP
COB07CD45984,CDTBCB90V,TV,COP
COB07CD75189,CDTBCB90DP,TV,COP
COB07CD78118,CDTBCB90DP,TV,COP
COB07CD42882,CDTBCB90DP,TV,COP
COB07CD009Q5,CDTBCB90DP,TV,COP
COB07CD00A15,CDTBCB90DP,TV,COP
COB09CD15496,CDTCBC90,TV,COP
COB23CD16073,CDTBOC90P,TV,COP
COB23CD15596,CDTBOC90P,TV,COP
COB23CD15778,CDTBOC90P,TV,COP
COB23CD15422,CDTBOC90P,TV,COP
COB23CD15463,CDTBOC90P,TV,COP
COB64CD63210,CDTIVC90,TV,COP
COB02CD08983,CDTBPO90,TV,COP
COB02CD10781,CDTBPO90,TV,COP
COB02CD10815,CDTBPO90,TV,COP
COB02CD09072,CDTBPO90,TV,COP
COB02CD09114,CDTBPO90,TV,COP
COB01CD54583,CDTBBO90,TV,COP
COB01CD55226,CDTBBO90,TV,COP
COB01CD00R12,CDTBBO90,TV,COP
COB56CD72266,CDTFAL90,TV,COP
COJ12CD0OWW0,CDTCFC90,TV,COP
COJ12CD0NLX3,CDTCFC90,TV,COP
COJ12CD0NRU6,CDTCFC90,TV,COP
COJ12CD0P571,CDTCFC90,TV,COP
COL06CD05492,CDTFDT90P,TV,COP
COL06CD04636,CDTFDT90P,TV,COP
COL06CD03570,CDTFDT90P,TV,COP
COJ49CD00MX5,CDTLGC90,TV,COP
COJ46CD08V58,CDTLSV90P,TV,COP
COJ46CD06PP7,CDTLSV90P,TV,COP
COB51CD75740,CDTDVI95,TV,COP
COB51CD77902,CDTDVI95,TV,COP
COB51CD78066,CDTDVI95,TV,COP
COB51CD78231,CDTDVI95V,TV,COP
COB51CD76599,CDTDVI95,TV,COP
COB51CD76581,CDTDVI95,TV,COP
COB51CD49984,CDTDVI95V,TV,COP
COB51CD77522,CDTDVI95,TV,COP
COB02CD07803,CDTBPO95,TV,COP
COB02CD07761,CDTBPO95,TV,COP
COB02CD07779,CDTBPO95,TV,COP
COB12CD72244,CDTBSC95V,TV,COP
COB12CD72392,CDTBSC95V,TV,COP
COB12CD49119,CDTBSC95V,TV,COP
COB12CD25986,CDTBSC95V,TV,COP
COB13CD16215,CDTBGA95V,TV,COP
COB13CD36585,CDTBGA95V,TV,COP
COB13CD38441,CDTBGA95V,TV,COP
COB13CD14483,CDTBGA95V,TV,COP
COB13CD14509,CDTBGA95V,TV,COP
COB13CD14517,CDTBGA95V,TV,COP
COB13CD38730,CDTBGA95V,TV,COP
COB13CD37260,CDTBGA95V,TV,COP
COB13CD33533,CDTBGA95V,TV,COP
COB13CD33632,CDTBGA95V,TV,COP
COB13CD33640,CDTBGA95V,TV,COP
COB13CD09137,CDTBGA95V,TV,COP
COB13CD38961,CDTBGA95V,TV,COP
COB13CD33723,CDTBGA95V,TV,COP
COB13CD33715,CDTBGA95V,TV,COP
COB13CD23468,CDTBGA95V,TV,COP
COB13CD34010,CDTBGA95V,TV,COP
COB13CD23534,CDTBGA95V,TV,COP
US2332036118,US2332036118,NAp,USD
US2332033719,US2332033719,NAp,USD
US2332038270,US2332038270,NAp,USD
US2332038197,US2332038197,NAp,USD
IE00B0HCGS80,IE00B0HCGS80,NAp,USD
FED5 FCP BLACKSTONECPTLPARTNER,FED5 FCP BLACKSTONECPTLPARTNER,NAp,USD
FED5 FCP CARLYLEASIAPARTNERIII,FED5 FCP CARLYLEASIAPARTNERIII,NAp,USD
FED5 FCP DOVER STREET VIII LLC,FED5 FCP DOVER STREET VIII LLC,NAp,USD
FED5 FCP HARBOURVEST GLOBAL,FED5 FCP HARBOURVEST GLOBAL,NAp,USD
FED5 FCP KKR INVESTORS,FED5 FCP KKR INVESTORS,NAp,USD
FED5 FCP LEXINGTON CAP P VIII,FED5 FCP LEXINGTON CAP P VIII,NAp,USD
FED5 FCP MORGANSTANLEYCREDIT,FED5 FCP MORGANSTANLEYCREDIT,NAp,USD
FED5 FCP MS INFRASTRUC,FED5 FCP MS INFRASTRUC,NAp,USD
FED5 FCP MS PMF V,FED5 FCP MS PMF V,NAp,USD
FED5 FCP NB CROSSROADS 2010 FU,FED5 FCP NB CROSSROADS 2010 FU,NAp,USD
FED5 FCP PARTNERS GROUPDIR INV,FED5 FCP PARTNERS GROUPDIR INV,NAp,USD
FED5 FCP PINEBRIDGE C OPP P-II,FED5 FCP PINEBRIDGE C OPP P-II,NAp,USD
FED5 FCP PINEBRIDGE SEC P- III,FED5 FCP PINEBRIDGE SEC P- III,NAp,USD
FED5 FCP POMONA,FED5 FCP POMONA,NAp,USD
FED5 FCP POMONA VIII CO INVEST,FED5 FCP POMONA VIII CO INVEST,NAp,USD
FED5 FCP POMONA VIII LP,FED5 FCP POMONA VIII LP,NAp,USD
FED5 FCP QUILVEST,FED5 FCP QUILVEST,NAp,USD
FED5 FCP RIVERSTONE,FED5 FCP RIVERSTONE,NAp,USD
FEE5 FCP CARLYLE EUROPE P. IV,FEE5 FCP CARLYLE EUROPE P. IV,NAp,EUR
FEP5 CCA ALIANZA FIDUCIARIA,FEP5 CCA ALIANZA FIDUCIARIA,NAp,COP
FEP5 CCA ALIANZA VALORES,FEP5 CCA ALIANZA VALORES,NAp,COP
FEP5 CCA ALTA LDEZ COLSEGUROS,FEP5 CCA ALTA LDEZ COLSEGUROS,NAp,COP
FEP5 CCA BBVA FAM,FEP5 CCA BBVA FAM,NAp,COP
FEP5 CCA EFECTIVO F PREVISORA,FEP5 CCA EFECTIVO F PREVISORA,NAp,COP
FEP5 CCA F CENTRAL,FEP5 CCA F CENTRAL,NAp,COP
FEP5 CCA FIDUCUENTA BANCOL,FEP5 CCA FIDUCUENTA BANCOL,NAp,COP
FEP5 CCA FONVAL CREDICORP,FEP5 CCA FONVAL CREDICORP,NAp,COP
FEP5 CCA INTERÉS CORREDORES,FEP5 CCA INTERÉS CORREDORES,NAp,COP
FEP5 CCA LIQUIDEZ CASA DE BOLS,FEP5 CCA LIQUIDEZ CASA DE BOLS,NAp,COP
FEP5 CCA MM LIQUIDEZ BYR,FEP5 CCA MM LIQUIDEZ BYR,NAp,COP
FEP5 CCA OCCIRENTA,FEP5 CCA OCCIRENTA,NAp,COP
FEP5 CCA RENDIR COLPATRIA,FEP5 CCA RENDIR COLPATRIA,NAp,COP
FEP5 CCA RENTA ACCIONES,FEP5 CCA RENTA ACCIONES,NAp,COP
FEP5 CCA SUMAR FBOGOTÁ,FEP5 CCA SUMAR FBOGOTÁ,NAp,COP
FEP5 CCA SUPERIOR DAVIVIENDA,FEP5 CCA SUPERIOR DAVIVIENDA,NAp,COP
FEP5 CCA ULTRAVALORES,FEP5 CCA ULTRAVALORES,NAp,COP
FEP5 CCA VALOR PLUS CORFICOL,FEP5 CCA VALOR PLUS CORFICOL,NAp,COP
FEP5 CCA VISTA ACCIVALORES,FEP5 CCA VISTA ACCIVALORES,NAp,COP
CORJ8PA00013,HCOLSEL,NAp,COP
CORB6PA00015,CORB6PA00015,NAp,COP
FEP5 CCC I OLD MUTUAL CII CPA1,FEP5 CCC I OLD MUTUAL CII CPA1,NAp,COP
FEP5 CCC INMB PREMIUM ALIANZA,FEP5 CCC INMB PREMIUM ALIANZA,NAp,COP
COR42PT00014,COR42PT00014,NAp,COP
CORL3PT00010,CORL3PT00010,NAp,COP
COR9OPT00012,COR9OPT00012,NAp,COP
COR23PT00030,COR23PT00030,NAp,COP
COR23PT00048,COR23PT00048,NAp,COP
COR23PT00055,COR23PT00055,NAp,COP
COR23PT00022,COR23PT00022,NAp,COP
COR23PT00063,COR23PT00063,NAp,COP
COR23PT00071,COR23PT00071,NAp,COP
COR23PT00089,COR23PT00089,NAp,COP
COR23PT00097,COR23PT00097,NAp,COP
COR23PT00105,COR23PT00105,NAp,COP
COR23PT00113,COR23PT00113,NAp,COP
COR23PT00121,COR23PT00121,NAp,COP
COR23PT00139,COR23PT00139,NAp,COP
COR23PT00147,COR23PT00147,NAp,COP
COR23PT00154,COR23PT00154,NAp,COP
COR23PT00162,COR23PT00162,NAp,COP
COR23PT00170,COR23PT00170,NAp,COP
COR23PT00188,COR23PT00188,NAp,COP
COR23PT00196,COR23PT00196,NAp,COP
CORH7PT00017,CORH7PT00017,NAp,COP
CORH7PT00025,CORH7PT00025,NAp,COP
CORH7PT00033,CORH7PT00033,NAp,COP
CORH7PT00041,CORH7PT00041,NAp,COP
CORH7PT00058,CORH7PT00058,NAp,COP
CORH7PT00066,CORH7PT00066,NAp,COP
CORH7PT00074,CORH7PT00074,NAp,COP
CORH7PT00082,CORH7PT00082,NAp,COP
CORH7PT00090,CORH7PT00090,NAp,COP
CORH7PT00108,CORH7PT00108,NAp,COP
CORH7PT00116,CORH7PT00116,NAp,COP
CORH7PT00124,CORH7PT00124,NAp,COP
CORH7PT00132,CORH7PT00132,NAp,COP
CORK9PT00026,CORK9PT00026,NAp,COP
CORK9PT00067,CORK9PT00067,NAp,COP
CORK9PT00042,CORK9PT00042,NAp,COP
CORK9PT00059,CORK9PT00059,NAp,COP
CORE4PT00017,CORE4PT00017,NAp,COP
CORE4PT00025,CORE4PT00025,NAp,COP
CORE4PT00033,CORE4PT00033,NAp,COP
CORE4PT00058,CORE4PT00058,NAp,COP
CORE4PT00074,CORE4PT00074,NAp,COP
CORE4PT00082,CORE4PT00082,NAp,COP
CORE4PT00090,CORE4PT00090,NAp,COP
CORE4PT00108,CORE4PT00108,NAp,COP
CORE4PT00116,CORE4PT00116,NAp,COP
CORE4PT00124,CORE4PT00124,NAp,COP
CORE4PT00132,CORE4PT00132,NAp,COP
CORE4PT00140,CORE4PT00140,NAp,COP
CORE4PT00157,CORE4PT00157,NAp,COP
CORE4PT00165,CORE4PT00165,NAp,COP
CORE4PT00173,CORE4PT00173,NAp,COP
CORL8PT00019,CORL8PT00019,NAp,COP
COPENDIENT,COPENDIENT,NAp,COP
CORG4PT00015,CORG4PT00015,NAp,COP
COR4IPT00049,COR4IPT00049,NAp,COP
COR4IPT00064,COR4IPT00064,NAp,COP
COR4IPT00072,COR4IPT00072,NAp,COP
COR4IPT00098,COR4IPT00098,NAp,COP
COR4IPT00106,COR4IPT00106,NAp,COP
COR4IPT00122,COR4IPT00122,NAp,COP
COR4IPT00031,COR4IPT00031,NAp,COP
COR4IPT00130,COR4IPT00130,Nap,COP
COR9NPT00014,COR9NPT00014,NAp,COP
COR97PT00026,COR97PT00026,NAp,COP
COR4LPT00019,COR4LPT00019,NAp,COP
COR9BPT00068,COR9BPT00068,NAp,COP
COR9BPT00076,COR9BPT00076,NAp,COP
COR9BPT00084,COR9BPT00084,NAp,COP
COR9BPT00092,COR9BPT00092,NAp,COP
COR9BPT00100,COR9BPT00100,NAp,COP
COR9BPT00126,COR9BPT00126,NAp,COP
COR9BPT00134,COR9BPT00134,NAp,COP
COR9BPT00142,COR9BPT00142,NAp,COP
COR9BPT00167,COR9BPT00167,NAp,COP
COR9BPT00175,COR9BPT00175,NAp,COP
COR9BPT00183,COR9BPT00183,NAp,COP
COR9BPT00191,COR9BPT00191,NAp,COP
COR9BPT00209,COR9BPT00209,NAp,COP
COR9BPT00217,COR9BPT00217,NAp,COP
COR9BPT00225,COR9BPT00225,NAp,COP
COR9BPT00233,COR9BPT00233,NAp,COP
COR9BPT00241,COR9BPT00241,NAp,COP
COR9BPT00258,COR9BPT00258,NAp,COP
COR9BPT00266,COR9BPT00266,NAp,COP
COR9BPT00274,COR9BPT00274,NAp,COP
COR9BPT00050,COR9BPT00050,NAp,COP
COR9BPT00282,COR9BPT00282,NAp,COP
COR9BPT00290,COR9BPT00290,NAp,COP
COR9BPT00308,COR9BPT00308,NAp,COP
COR9BPT00316,COR9BPT00316,NAp,COP
COR9BPT00324,COR9BPT00324,NAp,COP
COR9BPT00332,COR9BPT00332,NAp,COP
COR9BPT00340,COR9BPT00340,NAp,COP
COR9BPT00357,COR9BPT00357,NAp,COP
CORM3PT00027,CORM3PT00027,NAp,COP
CORM3PT00035,CORM3PT00035,NAp,COP
CORM3PT00043,CORM3PT00043,NAp,COP
COR28PT00021,COR28PT00021,NAp,COP
COR9FPT00010,COR9FPT00010,NAp,COP
FEP5 FCP INMOB ULTRABURSATILES,FEP5 FCP INMOB ULTRABURSATILES,NAp,COP
CORA5PT00018,CORA5PT00018,NAp,COP
CORA5PT00026,CORA5PT00026,NAp,COP
CORA5PT00042,CORA5PT00042,NAp,COP
CORA5PT00067,CORA5PT00067,NAp,COP
CORA5PT00075,CORA5PT00075,NAp,COP
CORA5PT00083,CORA5PT00083,NAp,COP
CORA5PT00133,CORA5PT00133,NAp,COP
CORA5PT00141,CORA5PT00141,NAp,COP
CORA5PT00182,CORA5PT00182,NAp,COP
CORA5PT00190,CORA5PT00190,NAp,COP
CORA5PT00208,CORA5PT00208,NAp,COP
CORA5PT00216,CORA5PT00216,NAp,COP
CORH6PT00019,CORH6PT00019,NAp,COP
CORH6PT00027,CORH6PT00027,NAp,COP
CORH6PT00035,CORH6PT00035,NAp,COP
CORH6PT00043,CORH6PT00043,NAp,COP
CORH6PT00050,CORH6PT00050,NAp,COP
CORH6PT00068,CORH6PT00068,NAp,COP
COR39PT00051,COR39PT00051,NAp,COP
COR39PT00069,COR39PT00069,NAp,COP
COR39PT00077,COR39PT00077,NAp,COP
COR39PT00085,COR39PT00085,NAp,COP
COR39PT00093,COR39PT00093,NAp,COP
COR39PT00101,COR39PT00101,NAp,COP
COR39PT00119,COR39PT00119,NAp,COP
COR39PT00127,COR39PT00127,NAp,COP
COR39PT00135,COR39PT00135,NAp,COP
COR39PT00143,COR39PT00143,NAp,COP
COR39PT00150,COR39PT00150,NAp,COP
COR39PT00168,COR39PT00168,NAp,COP
COR39PT00176,COR39PT00176,NAp,COP
COR39PT00184,COR39PT00184,NAp,COP
COR39PT00192,COR39PT00192,NAp,COP
COR39PT00200,COR39PT00200,NAp,COP
COR39PT00218,COR39PT00218,NAp,COP
COR39PT00226,COR39PT00226,NAp,COP
COR39PT00234,COR39PT00234,NAp,COP
COR39PT00242,COR39PT00242,NAp,COP
COR39PT00259,COR39PT00259,NAp,COP
COR39PT00267,COR39PT00267,NAp,COP
COR39PT00275,COR39PT00275,NAp,COP
COR39PT00283,COR39PT00283,NAp,COP
COR39PT00291,COR39PT00291,NAp,COP
COR39PT00309,COR39PT00309,NAp,COP
COR39PT00044,COR39PT00044,NAp,COP
CORG6PT00044,CORG6PT00044,NAp,COP
CORG6PT00051,CORG6PT00051,NAp,COP
CORG6PT00069,CORG6PT00069,NAp,COP
CORG6PT00077,CORG6PT00077,NAp,COP
CORG6PT00085,CORG6PT00085,NAp,COP
CORG6PT00093,CORG6PT00093,NAp,COP
CORG6PT00101,CORG6PT00101,NAp,COP
CORG6PT00119,CORG6PT00119,NAp,COP
CORG6PT00036,CORG6PT00036,NAp,COP
CORG6PT00127,CORG6PT00127,NAp,COP
CORG6PT00135,CORG6PT00135,NAp,COP
CORG6PT00143,CORG6PT00143,NAp,COP
CORG6PT00150,CORG6PT00150,NAp,COP
CORG6PT00168,CORG6PT00168,NAp,COP
CORG6PT00176,CORG6PT00176,NAp,COP
CORG6PT00184,CORG6PT00184,NAp,COP
CORG6PT00192,CORG6PT00192,NAp,COP
CORG6PT00200,CORG6PT00200,NAp,COP
CORG6PT00218,CORG6PT00218,NAp,COP
CORG6PT00226,CORG6PT00226,NAp,COP
CORG6PT00234,CORG6PT00234,NAp,COP
CORG6PT00242,CORG6PT00242,NAp,COP
CORG6PT00259,CORG6PT00259,NAp,COP
CORG6PT00267,CORG6PT00267,NAp,COP
CORG6PT00275,CORG6PT00275,NAp,COP
CORN0PT00022,CORN0PT00022,NAp,COP
CORM9PT00016,CORM9PT00016,NAp,COP
CORF3PT00018,CORF3PT00018,NAp,COP
CORF4PT00016,CORF4PT00016,NAp,COP
CORH5PT00029,CORH5PT00029,NAp,COP
CORH5PT00037,CORH5PT00037,NAp,COP
CORH5PT00045,CORH5PT00045,NAp,COP
CORH5PT00052,CORH5PT00052,NAp,COP
CORH5PT00060,CORH5PT00060,NAp,COP
CORH5PT00011,CORH5PT00011,NAp,COP
CORH5PT00078,CORH5PT00078,NAp,COP
CORH5PT00086,CORH5PT00086,NAp,COP
CORI5PT00010,CORI5PT00010,NAp,COP
CORI5PT00028,CORI5PT00028,NAp,COP
CORI5PT00036,CORI5PT00036,NAp,COP
CORI5PT00044,CORI5PT00044,NAp,COP
CORI5PT00051,CORI5PT00051,NAp,COP
CORI5PT00069,CORI5PT00069,NAp,COP
CORI5PT00077,CORI5PT00077,NAp,COP
CORI5PT00085,CORI5PT00085,NAp,COP
CORI5PT00093,CORI5PT00093,NAp,COP
COR90PT00542,COR90PT00542,NAp,COP
COR90PT00625,COR90PT00625,NAp,COP
COR90PT00633,COR90PT00633,NAp,COP
COR90PT00658,COR90PT00658,NAp,COP
COR90PT00666,COR90PT00666,NAp,COP
COR90PT00674,COR90PT00674,NAp,COP
COR90PT00641,COR90PT00641,NAp,COP
COR90PT00617,COR90PT00617,NAp,COP
COR90PT00690,COR90PT00690,NAp,COP
COR90PT00716,COR90PT00716,NAp,COP
COR90PT00724,COR90PT00724,NAp,COP
COR90PT00732,COR90PT00732,NAp,COP
COR90PT00740,COR90PT00740,NAp,COP
COR90PT00757,COR90PT00757,NAp,COP
COR90PT00765,COR90PT00765,NAp,COP
COR20PT00796,COR20PT00796,NAp,COP
COR20PT00812,COR20PT00812,NAp,COP
COR20PT00820,COR20PT00820,NAp,COP
COR20PT00838,COR20PT00838,NAp,COP
COR20PT00846,COR20PT00846,NAp,COP
COR20PT00853,COR20PT00853,NAp,COP
COR20PT00861,COR20PT00861,NAp,COP
COR20PT00895,COR20PT00895,NAp,COP
COR20PT00903,COR20PT00903,NAp,COP
COR20PT00911,COR20PT00911,NAp,COP
COR20PT00929,COR20PT00929,NAp,COP
COR20PT00937,COR20PT00937,NAp,COP
COR20PT00945,COR20PT00945,NAp,COP
COR20PT00879,COR20PT00879,NAp,COP
COR20PT00804,COR20PT00804,NAp,COP
COR20PT00887,COR20PT00887,NAp,COP
COR20PT00952,COR20PT00952,NAp,COP
COR20PT00960,COR20PT00960,NAp,COP
COR20PT00978,COR20PT00978,NAp,COP
COR20PT00986,COR20PT00986,NAp,COP
COR20PT00994,COR20PT00994,NAp,COP
COR20PT01000,COR20PT01000,NAp,COP
COR20PT01018,COR20PT01018,NAp,COP
COR20PT01026,COR20PT01026,NAp,COP
COR20PT01034,COR20PT01034,NAp,COP
COR20PT01133,COR20PT01133,NAp,COP
COR20PT01141,COR20PT01141,NAp,COP
COR20PT01158,COR20PT01158,NAp,COP
COR20PT01166,COR20PT01166,NAp,COP
FEP5 FCP VR FORESTAL COMP. 8,FEP5 FCP VR FORESTAL COMP. 8,NAp,COP
US81369Y6059,US81369Y6059,NAp,USD
LU0181996454,LU0181996454,NAp,USD
LU0345776172,LU0345776172,NAp,USD
US4642871846,US4642871846,NAp,USD
US4642885135,US4642885135,NAp,USD
US4642872422,US4642872422,NAp,USD
US4642882819,US4642882819,NAp,USD
US4642881829,US4642881829,NAp,USD
US4642864007,US4642864007,NAp,USD
US4642865095,US4642865095,NAp,USD
US46429B6719,US46429B6719,NAp,USD
US4642874659,US4642874659,NAp,USD
US4642865335,US4642865335,NAp,USD
US4642867075,US4642867075,NAp,USD
US4642868065,US4642868065,NAp,USD
US46429B6974,US46429B6974,NAp,USD
US4642866085,US4642866085,NAp,USD
US4642868487,US4642868487,NAp,USD
US4642866655,US4642866655,NAp,USD
US4642873909,US4642873909,NAp,USD
US05528C8322,US05528C8322,NAp,USD
XS0501715667,XS0501715667,SV,BRL
XS0291204989,XS0291204989,AV,COP
XS0384454483,XS0384454483,AV,COP
LU0255980244,LU0255980244,NAp,USD
LU0188802960,LU0188802960,NAp,JPY
LU0188800162,LU0188800162,NAp,EUR
LU0188804743,LU0188804743,NAp,USD
IE0034085260,IE0034085260,NAp,USD
LU0324479020,LU0324479020,NAp,EUR
LU0226954369,LU0226954369,NAp,USD
LU0244355391,LU0244355391,NAp,USD
US78462F1030,US78462F1030,NAp,USD
TDDF0 BANCOLOMBIA PANAMA SA,TDDF0 BANCOLOMBIA PANAMA SA,PV,USD
COL17CT02864,TFIT10040522,AV,COP
COL17CT02906,TFIT03111115,AV,COP
COL17CT03011,TFIT06110919,AV,COP
COL17CT02401,TFIT07150616,AV,COP
COL17CT03342,TFIT16180930,AV,COP
COL17CT02922,TFIT06211118,AV,COP
COL17CT02302,TFIT15240720,AV,COP
COL17CT02385,TFIT16240724,AV,COP
COL17CT02351,TFIT11241018,AV,COP
COL17CT02625,TFIT15260826,AV,COP
COL17CT02914,TFIT16280428,AV,COP
COL17CT02328,TFIT10281015,AV,COP
XS0213272122,XS0213272122,AV,COP
COL17CT03359,TUVT11070525,AV,UVR
COL17CT02104,TUVT08170517,AV,UVR
COL17CT02088,TUVT17230223,AV,UVR
COL17CT02872,TUVT10100321,AV,UVR
COL17CT03003,TUVT06170419,AV,UVR
COL17CT02963,TUVT20250333,AV,UVR
COV33CB00011,STCA1063A,TV,USD
COT80CH01680,INST10220621,MV,COP
COT80CH02035,INST10101224,MV,COP
COT80CH02068,INST10100625,MV,COP
COT80CH01722,INST10210921,MV,COP
COT80CH01888,INST10230822,MV,COP
COT80CH01920,INST10230523,MV,COP
COT80CH01995,INST10160924,MV,COP
COV0OCB00011,SHOM01109A,TV,COP
COV31CB00015,SEAA10692AA,TV,COP
COV31CB00023,SEAA10692BA,TV,COP
COV31CB00031,SEAA10692CA,TV,COP
COV34PT00013,SESTRATEIN,NAp,COP
COJ0WCB00028,BCMI0113MV,MV,UVR
COT08PT00011,TPCADENA75,NAp,COP
COT08PT00136,TPCADENA75,NAp,COP
US9220401007,US9220401007,NAp,USD
US9220428588,US9220428588,NAp,USD
IE0007987708,IE0007987708,NAp,EUR
US9229083632,US9229083632,NAp,USD
LU0278093082,LU0278093082,NAp,USD
COB52PA00017,VILLAS,NAp,COP
COB13PA00019,BBVACOL,NAp,COP
COB02PA00012,POPULAR,NAp,COP
COI04PA00021,PROMIGAS,NAp,COP
COB07CB00298,BBCB02109D7,TV,COP
COT29CB00070,BGAA1099A10,TV,COP
COB63CD03ZC3,CDTFAN80,MV,COP
COJ26CD33769,CDTGMA80,MV,COP
COB02CB00372,BBPO10159C03,TV,COP
US4642872349,US4642872349,NAp,USD
COL40CB0FZR5,BPEISSA3,PV,COP
COL40CB0GAW6,BPEISSA3,PV,COP
COL40CB0FX60,BPEISSA3,PV,COP
COL40CB0FCG7,BPEISSA3,PV,COP
COL40CB0G293,BPEISSA3,PV,COP
COL17CB1J849,BPEMINHTA3,PV,COP
COL40CB0GC72,BPEISSA3,PV,COP
COL40CB0FXN9,BPEISSA4,PV,COP
COL40CB0G3Z1,BPEISSA4,PV,COP
COL40CB07MR1,BPEISSA3,PV,COP
COL40CB0FYZ1,BPEISSA4,PV,COP
COL40CB0GF12,BPEISSA4,PV,COP
COL40CB15528,BPEISSA4,PV,COP
COL40CB0GCJ9,BPEISSA3,PV,COP
COL40CB0FWQ4,BPEISSA4,PV,COP
COL40CB0G715,BPEISSA4,PV,COP
COL17CB1J5U1,BPEMINHTA3,PV,COP
COL17CB1IHB8,BPEMINHTA3,PV,COP
COB01CD02CU6,CDTBBO80,MV,COP
COB07CD89586,CDTBCB90DP,TV,COP
COB07CD89891,CDTBCB90DP,TV,COP
COB23CD15646,CDTBOC90P,TV,COP
COB02CD11946,CDTBPO90,TV,COP
COB51CD88362,CDTDVI95,TV,COP
COB51CD88354,CDTDVI95,TV,COP
COB51CD88412,CDTDVI95,TV,COP
CORK9PT00075,CORK9PT00075,NAp,COP
COR4QPT00018,COR4QPT00018,NAp,COP
CORA5PT00224,CORA5PT00224,NAp,COP
FEP5 FICA ALIANZA FIDUCIARIA,FEP5 FICA ALIANZA FIDUCIARIA,NAp,COP
FEP5 FICA ALIANZA VALORES,FEP5 FICA ALIANZA VALORES,NAp,COP
FEP5 FICA ALTA LDEZ COLSEGUROS,FEP5 FICA ALTA LDEZ COLSEGUROS,NAp,COP
FEP5 FICA BBVA FAM,FEP5 FICA BBVA FAM,NAp,COP
FEP5 FICA EFECTIVO F PREVISORA,FEP5 FICA EFECTIVO F PREVISORA,NAp,COP
FEP5 FICA F CENTRAL,FEP5 FICA F CENTRAL,NAp,COP
FEP5 FICA FIDUCUENTA BANCOL,FEP5 FICA FIDUCUENTA BANCOL,NAp,COP
FEP5 FICA FONVAL CREDICORP,FEP5 FICA FONVAL CREDICORP,NAp,COP
FEP5 FICA INTERÉS CORREDORES,FEP5 FICA INTERÉS CORREDORES,NAp,COP
FEP5 FICA LIQUIDEZ CASADEBOLSA,FEP5 FICA LIQUIDEZ CASADEBOLSA,NAp,COP
FEP5 FICA MM LIQUIDEZ BYR,FEP5 FICA MM LIQUIDEZ BYR,NAp,COP
FEP5 FICA OCCIRENTA,FEP5 FICA OCCIRENTA,NAp,COP
FEP5 FICA RENDIR COLPATRIA,FEP5 FICA RENDIR COLPATRIA,NAp,COP
FEP5 FICA RENTA ACCIONES,FEP5 FICA RENTA ACCIONES,NAp,COP
FEP5 FICA SUMAR FBOGOTÁ,FEP5 FICA SUMAR FBOGOTÁ,NAp,COP
FEP5 FICA SUPERIOR DAVIVIENDA,FEP5 FICA SUPERIOR DAVIVIENDA,NAp,COP
FEP5 FICA ULTRAVALORES,FEP5 FICA ULTRAVALORES,NAp,COP
FEP5 FICA VALOR PLUS CORFICOL,FEP5 FICA VALOR PLUS CORFICOL,NAp,COP
FEP5 FICA VISTA ACCIVALORES,FEP5 FICA VISTA ACCIVALORES,NAp,COP
FEP5 FICC I OLDMUTUAL CII CPA1,FEP5 FICC I OLDMUTUAL CII CPA1,NAp,COP
FEP5 FICC INMB PREMIUM ALIANZA,FEP5 FICC INMB PREMIUM ALIANZA,NAp,COP
FEP5 RE FDO CESANTIAS CORTO PL,FEP5 RE FDO CESANTIAS CORTO PL,NAp,COP
FEP5 RE FDO CESANTIAS LARGO P,FEP5 RE FDO CESANTIAS LARGO P,NAp,COP
FEP5 RE FDO PENS OBLIG CONSER,FEP5 RE FDO PENS OBLIG CONSER,NAp,COP
FEP5 RE FDO PENS OBLIG MAYOR R,FEP5 RE FDO PENS OBLIG MAYOR R,NAp,COP
FEP5 RE FDO PENS OBLIG MOD,FEP5 RE FDO PENS OBLIG MOD,NAp,COP
FEP5 RE FDO PENS OBLIG RETIRO,FEP5 RE FDO PENS OBLIG RETIRO,NAp,COP
COJ70CD36844,CDTLBXS0V,PV,COP
LU0307720911,LU0307720911,NAp,USD
FEP5 FCP NEXUS INFR. COMP. A,FEP5 FCP NEXUS INFR. COMP. A,NAp,COP
FEP5 FCP NEXUS INFR. COMP. B,FEP5 FCP NEXUS INFR. COMP. B,NAp,COP
COB06CD0GNN0,CDTBSA80,MV,COP
CORE4PT00181,CORE4PT00181,Nap,COP
US05968LAH50,US05968LAH50,SV,USD
COT80CH02092,INST10151025,MV,UVR
COL17CT03052,TFIT02010716,AV,COP
COB56CD0J2G3,CDTFALS0V,PV,COP
COJ12PA00113,DACORFICOL,NAp,COP
COJ12PA00121,DAPFCORFIC,NAp,COP
COT13CB00074,BSIS01149D16,TV,COP
COR4IPT00148,COR4IPT00148,NAp,COP
USP1024TAN92,USP1024TAN92,SV,USD
COJ12PA00055,SDCORFIC,Nap,COP
COJ12PA00105,SDPFCORF,Nap,COP
COR4IPT00155,COR4IPT00155,Nap,COP
CORM3PT00050,CORM3PT00050,Nap,COP
CORH7PT00140,CORH7PT00140,Nap,COP
COB51CB00619,BDVI1059C120,TV,COP
CORH5PT00094,CORH5PT00094,Nap,COP
COB23CB00766,BBOC09158D02,MV,COP
CORK9PT00018,CORK9PT00018,Nap,COP
FEP5 FICA FIDUCREDICORP VISTA,FEP5 FICA FIDUCREDICORP VISTA,Nap,COP
COB02CD13793,CDTBPO80,MV,COP
FED5 FCP TPG VII,FED5 FCP TPG VII,Nap,USD
COB64CD023Y0,CDTIVC80,MV,COP
COL17CT03433,TCO364131216,Dto,COP
FED5 FCP NB CO INVERSION III,FED5 FCP NB CO INVERSION III,Nap,USD
CORH5PT00102,FEP5 FCP TERRANUM COMP - B,NAp,COP
US5771307924,US5771307924,NAp,USD
FEP5 FCP BRICAPITAL,FEP5 FCP BRICAPITAL,NAp,COP
FEP5 FCP MAS LATAM COMP III,FEP5 FCP MAS LATAM COMP III,NAp,COP
CORK9PT00083,CORK9PT00083,NAp,COP
CORE4PT00199,CORE4PT00199,NAp,COP
COR4QPT00067,COR4QPT00067,NAp,COP
COR90PT00781,COR90PT00781,NAp,COP
US912828P469,US912828P469,NAp,USD
CORH7PT00173,CORH7PT00173,Nap,COP
LU1291102447,LU1291102447,Nap,EUR
COR4IPT00163,COR4IPT00163,Nap,COP
COL17CT03441,TUVT20040435,AV,UVR
COB06CB00399,BBSA0116SA24,TV,COP
CORG6PT00309,FEP5 FCP NEXUS INFR. COMP. B,Nap,COP
COB63CB00275,BFAN0516SA18,TV,COP
COB02CD14494,CDTBPOS0V,TV,COP
FEP5 FCP MAS COLOMBIA LATAM,FEP5 FCP MAS COLOMBIA LATAM,Nap,COP
COB32CB00015,BCSA01169C10,TV,COP
COB31CD05707,CDTBCXS0V,PV,COP
COB31CD05715,CDTBCXS0V,PV,COP
FEP5 FCP 4G COI ASHMORE I COM6,FEP5 FCP 4G COI ASHMORE I COM6,Nap,COP
COT80CH02175,TERA9190528,TV,COP
LU0255980830,LU0255980830,Nap,EUR
XS1385239006,XS1385239006,AV,EUR
LU1291102108,LU1291102108,Nap,EUR
COL17CT03466,TCO364130617,Dto,COP
COT0CCB00044,BISU01169C15,TV,COP
USP40684AB17,USP40684AB17,SV,UVR
USP40684AA34,USP40684AA34,SV,USD
CORH7PT00199,CORH7PT00199,Nap,COP
FEP5 FCP INMOB TLC BOGOTA,FEP5 FCP INMOB TLC BOGOTA,Nap,COP
LU0389811539,LU0389811539,Nap,EUR
COB51CB00635,BDVI0116SF36,TV,COP
COB51CB00650,BDVI1169C144,TV,COP
CORE4PT00215,CORE4PT00215,Nap,COP
COB06CB00431,BBSA2169C120,TV,COP
COB06CB00415,BBSA0216SA48,TV,COP
COJ10CD11264,CDTSFNS0V,TV,COP
CORA5PT00265,CORA5PT00265,Nap,COP
COR20PT01190,COR20PT01190,Nap,COP
COR20PT01216,COR20PT01216,Nap,COP
COR20PT01224,COR20PT01224,Nap,COP
COR20PT01232,COR20PT01232,Nap,COP
COR20PT01240,COR20PT01240,Nap,COP
COR20PT01257,COR20PT01257,Nap,COP
COR20PT01265,COR20PT01265,Nap,COP
COR20PT01299,COR20PT01299,Nap,COP
COR20PT01307,COR20PT01307,Nap,COP
COR20PT01315,COR20PT01315,Nap,COP
COR20PT01323,COR20PT01323,Nap,COP
COR20PT01331,COR20PT01331,Nap,COP
COR20PT01349,COR20PT01349,Nap,COP
COR20PT01281,COR20PT01281,Nap,COP
COR20PT01273,COR20PT01273,Nap,COP
COR20PT01356,COR20PT01356,Nap,COP
COR20PT01364,COR20PT01364,Nap,COP
COR20PT01208,COR20PT01208,Nap,COP
COR20PT01372,COR20PT01372,Nap,COP
COR20PT01380,COR20PT01380,Nap,COP
COR20PT01398,COR20PT01398,Nap,COP
COR20PT01406,COR20PT01406,Nap,COP
COR20PT01414,COR20PT01414,Nap,COP
COR20PT01422,COR20PT01422,Nap,COP
COR20PT01430,COR20PT01430,Nap,COP
COR20PT01539,COR20PT01539,Nap,COP
COR20PT01547,COR20PT01547,Nap,COP
COR20PT01554,COR20PT01554,Nap,COP
COR20PT01562,COR20PT01562,Nap,COP
COR20PT01570,COR20PT01570,Nap,COP
BBG000BQZ8T2,BBG000BQZ8T2,Nap,CAD
COI04CB00159,BPMG11695A10,PV,COP
COE16CB00046,BISG0116S5A7,TV,COP
COE26CB00144,BCOS0416SE4,TV,COP
COT80CH02191,INST10140926,MV,COP
COE21CB00194,BCHB0816SE6,TV,COP
COB51CB00668,BDVI2169C120,TV,COP
IE00B53HP851,IE00B53HP851,NAp,GBP
LU0248049172,LU0248049172,NAp,EUR
CL0000000100,CL0000000100,Nap,CLP
CLP3880F1085,CLP3880F1085,Nap,CLP
COT09PA00050,SDPFGRUARG,Nap,COP
FEP5 FCP SENIOR CAP COMP. 04,FEP5 FCP SENIOR CAP COMP. 04,Nap,COP
FEP5 FICA ALIANZA LIQUIDEZ,FEP5 FICA ALIANZA LIQUIDEZ,Nap,COP
LU0886779783,ABERDEEN GL-EMMKT EQTY-G2,NAp,USD
COR90PT00823,FEP5 FCP TRASANDINO SEAF,NAp,COP
CORH7PENDIENTE1,FEP5 FCP ALTRA FCP 2,NAp,COP
CORH7PT00223,FEP5 FCP ALTRA FCP 2,NAp,COP
COB07CD025I8,CDTBCB90,TV,COP
COB07CD029U5,CDTBCB90,TV,COP
US46435G3341,US46435G3341,NAp,GBP
CORM3PT00183,FEP5 FCP ENERGETICO ANDINO C,NAp,COP
COT13CB00090,BSIS217SA005,NAp,COP
LU0821169231,LU0821169231,NAp,USD
US81369Y7040,US81369Y7040,NAp,USD
COE01CB00022,BEEB1179A015,Nap,COP
AODF5 AH BBH USD,AODF5 AH BBH USD,NAp,USD
COL17CT03508,TUVT11170327,AV,UVR
COE26CB00151,BCOS517SE002,TV,COP
COT80CH02308,INST10080327,MV,COP
CORE4PT00249,FEP5 FCP BRICAPITAL,NAp,COP
FEP5 FCP SURA AM DES INMB,FEP5 FCP SURA AM DES INMB,NAp,COP
COL17CT03490,TFIT16300632,AV,COP
COB07CD05CC4,CDBCBS0V,TV,COP
FEP5 FICA BBVA FAM CLASE H,FEP5 FICA BBVA FAM CLASE H,NAp,COP
BGOF0 MEX BONOS DESARR ACT/360,BGOF0 MEX BONOS DESARR ACT/360,SV,MXN
COR90PT00831,FEP5 FCP TRASANDINO SEAF,NAp,COP
COL06CB0018,BFDT1179A007,TV,COP
CORN0PEDIENTE1,FEP5 FCP NEXUS INMOB DIVER,NAp,COP
CA9628791027,AC ORD WHEATON PRECIOUS METALS,NAp,USD
AOPF5 AH ITAU CORPBANCA,AOPF5 AH ITAU CORPBANCA,DV,COP
COD38CB00232,BCCB517SA006,TV,COP
CORM3PT00209,FEP5 FCP ENERGETICO ANDINO C,NAp,COP
GROUPAMA AVENIR EURO,GROUPAMA AVENIR EURO,NAp,EUR
COE26CB00177,BOPF5 CODENSA,TV,COP
COB63CB00333,BOPI0 BCO FINANDINA,TV,COP
BOPENDIENT2,BOPI0 BCO FINANDINA,TV,COP
US912828X885,BTDF0 US GOVT NAT TREASURY,SV,USD
XS1634266172,XS1634266172,AV,COP
FED5 FCP PG DIRECT 2016,FED5 FCP PG DIRECT 2016,Nap,USD
FED5 FCP PINEBRIDGE SECOND IV,FED5 FCP PINEBRIDGE SECOND IV,Nap,USD
PARVEST EQ JAPAN SMALL CAP,PARVEST EQ JAPAN SMALL CAP,Nap,JPY
COT29CB00138,BGAA6179A025,TV,COP
XS1574944572,NBPF0 NOTA CITIGROUP GLOBAL MK,PV,COP
COT09CP00023,BOPF5 PAPEL COMER GRUPO ARGOS,PV,COP
XS1508733398,NBPF0 NOTA JPMORGAN CHASE BANK,PV,COP
US4642878049,US4642878049,Nap,USD
BSFN217SD036,BSFN217SD036,TV,COP
XS1511779305,BGEF5 MEX GOVT NAT TREASURY,Nap,EUR
BEEB1179A007,BPPI5 EMP ENERGIA DE BTA,TV,COP
CORH7PT00249,FEP5 FCP ALTRA FCP 2,NAp,COP
IE00B6R52259,IE00B6R52259,NAp,USD
COR20PT01612,COR20PT01612,NAp,COP
COR20PT01620,COR20PT01620,NAp,COP
COR20PT01638,COR20PT01638,NAp,COP
COR20PT01646,COR20PT01646,NAp,COP
COR20PT01653,COR20PT01653,NAp,COP
COR20PT01661,COR20PT01661,NAp,COP
COR20PT01679,COR20PT01679,NAp,COP
COR20PT01687,COR20PT01687,NAp,COP
COR20PT01695,COR20PT01695,NAp,COP
COR20PT01703,COR20PT01703,NAp,COP
COR20PT01760,COR20PT01760,NAp,COP
COR20PT01778,COR20PT01778,NAp,COP
COR20PT01786,COR20PT01786,NAp,COP
COR20PT01794,COR20PT01794,NAp,COP
COR20PT01802,COR20PT01802,NAp,COP
COB02CB00455,BBPO217SB003,TV,COP
COB02CB00448,BBPO2179C002,TV,COP
COB02CB00463,BBPO2179C005,TV,COP
US9128282R06,BTDF0 US GOVT NAT TREASURY,SV,USD
COF11CB00044,BODS117SA003,TV,COP
COF11CB00051,BODS1179C005,TV,COP
COT13CB00108,BSIS2179C007,TV,COP
XS1054418600,BGEF5 MEX GOVT NAT TREASURY,Nap,EUR
COB23CB00840,BBOC4179B096,TV,COP
COG66CB00046,BSOD1179B007,TV,COP
COG66CB00053,BSOD1179B015,TV,COP
IE00BKM4GZ66,IE00BKM4GZ66,Nap,USD
IE00B5BMR087,IE00B5BMR087,Nap,USD
CORM3PT00233,FEP5 FCP ENERGETICO ANDINO C,NAp,COP
USP0R11WAF79,USP0R11WAF79,AV,COP
COL17CT03516,TCO364130318,Dto,COP
LU0846194776,LU0846194776,Nap,GBP
IE00B95PGT31,IE00B95PGT31,Nap,USD
CORH7PT00256,FEP5 FCP ALTRA FCP 2,NAp,COP
COE01CB00048,BEEB1179A030,Nap,COP
COE01CB00022,COE01CB00022,Nap,COP
COL40CB0LUR4,COL40CB0LUR4,PV,COP
COL17CB2HD35,COL17CB2HD35,PV,COP
COL40CB0LU99,COL40CB0LU99,PV,COP
COL40CB0LQD2,COL40CB0LQD2,PV,COP
COB12CB00025,BBSC1179B001,TV,COP
COB12CB00033,BBSC1179B002,TV,COP
Ñ969N,FED5 FCP ALPINVEST CO INV VII,Nap,USD
US9128283F58,US9128283F58,SV,USD
COT80CH02035,INST10101224,MV,COP
CORHPENDIENT,CORHPENDIENT,NAp,COP
CORI5PT00101,FEP5 FCP TC LATAM COMP - C,Nap,COP
CORM3PT00258,FEP5 FCP ENERGETICO ANDINO C,NAp,COP
US2791581091,US2791581091,Nap,USD
COL17CT03565,TUVT32160649,AV,UVR
LU0206294794,LU0206294794,Nap,USD
LU1322385532,LU1322385532,Nap,USD
LU0552385535,LU0552385535,Nap,USD
IE00B5L05M09,IE00B5L05M09,Nap,USD
COE09CB00074,BGAO3189A025,TV,COP
FED5 FCP CD&R LLC,FED5 FCP CD&R LLC,Nap,USD
FED5 FCP LREP VIII,FED5 FCP LREP VIII,Nap,USD
FEP5 FCP 4G DEUDA INFR COL,FEP5 FCP 4G DEUDA INFR COL,Nap,COP
IE00B5KRRV51,UBS GLOBAL EM OPPORTUNITY IA3,Nap,USD
ISHARES MSCI ACWI,ISHARES MSCI ACWI,NAp,USD
ISHARES EURO STOXX 50 UCITS,ISHARES EURO STOXX 50 UCITS,Nap,EUR
ISHARES EDGE MSCI MF USA,ISHARES EDGE MSCI MF USA,NAp,USD
ALLIANZ BEST STYLES US,ALLIANZ BEST STYLES US,NAp,USD
ISHARES MSCI USA MINVOL - USMV,ISHARES MSCI USA MINVOL - USMV,NAp,USD
JPM EUROPE STRATEGIC GROWTH IA,LU0248049172,Nap,EUR
SEEYOND EUROPE MINVOL,SEEYOND EUROPE MINVOL,Nap,EUR
BOPF5 EMP ENERGIA PACIFICO ESP,BOPF5 EMP ENERGIA PACIFICO ESP,TV,COP
BOPI5 EMP ENERGIA PACIFICO ESP,BOPI5 EMP ENERGIA PACIFICO ESP,TV,COP
AC PREF AVIANCA HOLDING S.A.,AC PREF AVIANCA HOLDING S.A.,NAp,COP
BOPF5 COLTEL SA ESP,BOPF5 COLTEL SA ESP,TV,COP
BOPI5 COLTEL SA ESP,BOPI5 COLTEL SA ESP,TV,COP
SEEYOND EUROPE MINVOL SIA,SEEYOND EUROPE MINVOL SIA,Nap,EUR
COT13CB00116,BSIS2179C012,TV,COP
BOPI5 G INVER SURAMERICAN,BOPI5 G INVER SURAMERICAN,TV,COP
US912810SH23,US912810SH23,SV,USD
US9128286T26,US9128286T26,SV,USD
IE00B53L3W79,IE00B53L3W79,Nap,EUR
AOPF5 AH B SANTANDER,AOPF5 AH B SANTANDER,DV,COP
BOPF5 GRUPO ARGOS,BOPF5 GRUPO ARGOS,TV,COP
BOPI5 GRUPO ARGOS,BOPI5 GRUPO ARGOS,TV,COP
BPPF5 DIST CAPITAL,BPPF5 DIST CAPITAL,TV,COP
BPPI5 DIST CAPITAL,BPPI5 DIST CAPITAL,TV,COP
BOPF5 PATAUTESTINMOBILIARIAS,BOPF5 PATAUTESTINMOBILIARIAS,TV,COP
BOPF5 GRUPO AVAL,BOPF5 GRUPO AVAL,TV,COP
COT29CB00146,BGAA119SC05,TV,COP
COT29CB00153,BGAA1199A20,TV,COP
COR23PT00436,COR23PT00436,NAp,COP
COR23PT00444,COR23PT00444,NAp,COP
COR23PT00451,COR23PT00451,NAp,COP
COR23PT00469,COR23PT00469,NAp,COP
COR23PT00477,COR23PT00477,NAp,COP
COR23PT00485,COR23PT00485,NAp,COP
COR23PT00493,COR23PT00493,NAp,COP
COR23PT00501,COR23PT00501,NAp,COP
COR23PT00519,COR23PT00519,NAp,COP
COR23PT00428,COR23PT00428,NAp,COP
XS2083305511,XS2083305511,TV,COP
FEP5 FCP YCP II,FEP5 FCP YCP II,Nap,COP
US912810SK51,US912810SK51,SV,USD
CDTBSN80P,CDTBSN80P,MV,COP
MS GLOBAL OPPORTUNITY FUND Z,MS GLOBAL OPPORTUNITY FUND Z,Nap,USD
FED5 FCP LCP IX,FED5 FCP LCP IX,Nap,USD
FEP5 FCP 4G COINV EQ INFR COL1,FEP5 FCP 4G COINV EQ INFR COL1,Nap,USD
FED5 FCP DOVER STREET X,FED5 FCP DOVER STREET X,Nap,USD
ISHARES CORE S&P SMALL CAP,ISHARES CORE S&P SMALL CAP,Nap,USD
FEE5 FCP PERMIRA VII,FEE5 FCP PERMIRA VII,Nap,EUR
BOPF5 B DAVIVIENDA,BOPF5 B DAVIVIENDA,TV,COP
BOUF5 B DAVIVIENDA,BOUF5 B DAVIVIENDA,TV,COP
BOPF5 EPM GLOBAL COP,BOPF5 EPM GLOBAL COP,AV,COP
USP9379RAZ03,USP9379RAZ03,AV,COP
US912810SL35,US912810SL35,SV,USD
BTPL220SA005,BTPL220SA005,TV,COP
BTPL2209C025,BTPL2209C025,TV,COP
BITU8207U120,BOUF5 ITAU CORPBANCA,AV,UVR
BITU820SA060,BITU820SA060,TV,UVR
XS2127518392,XS2127518392,NAp,COP
BPPF5 UNE EPM TELECOMUNICACION,BPPF5 UNE EPM TELECOMUNICACION,TV,COP
FIDELITY EMERGING ASIA I FUND,FIDELITY EMERGING ASIA I FUND,Nap,USD
ROBECO GLOBAL CONSUMER TRENDS,ROBECO GLOBAL CONSUMER TRENDS,Nap,USD
UBS CHINA OPPORTUNITY FUND,UBS CHINA OPPORTUNITY FUND,Nap,USD
JANUS HENDERSON CHINA OPP FUND,JANUS HENDERSON CHINA OPP FUND,Nap,USD
COL06CD20368,CTPF0 FINDETER,TV,COP
BAILLIE GIFFORD JAPANESE SM,BAILLIE GIFFORD JAPANESE SM,Nap,GBP
BEEP3209C007,BEEP3209C007,TV,COP
SPARX JAPAN FUND,SPARX JAPAN FUND,Nap,JPY
COJ0WCB00044,TIUF0 TIT HIP CREDIFAMILIA,MV,UVR
US279158AN94,US279158AN94,SV,USD
FED5 FCP INSIGHT XI,FED5 FCP INSIGHT XI,Nap,USD
COR97PT00109,COR97PT00109,Nap,COP
US912828Z948,US912828Z948,SV,USD
COR20PT02198,COR20PT02198,Nap,COP
COR20PT02206,COR20PT02206,Nap,COP
COR20PT02214,COR20PT02214,Nap,COP
COR20PT02222,COR20PT02222,Nap,COP
COR20PT02180,COR20PT02180,Nap,COP
COR20PT02289,COR20PT02289,Nap,COP
CORA5PT00620,CORA5PT00620,Nap,COP
CORA5PT00661,CORA5PT00661,Nap,COP
CORA5PT00679,CORA5PT00679,Nap,COP
CORA5PT00687,CORA5PT00687,Nap,COP
CORA5PT00695,CORA5PT00695,Nap,COP
CORA5PT00703,CORA5PT00703,Nap,COP
CORA5PT00711,CORA5PT00711,Nap,COP
CORA5PT00729,CORA5PT00729,Nap,COP
CORA5PT00737,CORA5PT00737,Nap,COP
CORA5PT00521,CORA5PT00521,Nap,COP
CORA5PT00539,CORA5PT00539,Nap,COP
CORA5PT00547,CORA5PT00547,Nap,COP
CORA5PT00562,CORA5PT00562,Nap,COP
CORA5PT00570,CORA5PT00570,Nap,COP
CORA5PT00588,CORA5PT00588,Nap,COP
CORA5PT00612,CORA5PT00612,Nap,COP
CORA5PT00653,CORA5PT00653,Nap,COP
CORH6PT00191,CORH6PT00191,Nap,COP
CORH6PT00209,CORH6PT00209,Nap,COP
CORH6PT00217,CORH6PT00217,Nap,COP
CORH6PT00225,CORH6PT00225,Nap,COP
CORH6PT00233,CORH6PT00233,Nap,COP
CORH6PT00241,CORH6PT00241,Nap,COP
CORH6PT00258,CORH6PT00258,Nap,COP
CORH6PT00266,CORH6PT00266,Nap,COP
CORH6PT00274,CORH6PT00274,Nap,COP
US195325DP79,US195325DP79,SV,USD
COL17CT03656,COL17CT03656,Dto,COP
COR9BPT00993,COR9BPT00993,NAp,COP
FIDELITY FUNDS US HIGH YIELD F,FIDELITY FUNDS US HIGH YIELD F,Nap,USD
JPM GLOBAL HIGH YIELD BOND I,JPM GLOBAL HIGH YIELD BOND I,Nap,USD
ROBECO HIGH YIELD BONDS,ROBECO HIGH YIELD BONDS,Nap,USD
CORM3PT00589,CORA5PT00562,Nap,COP
COR7NPT00034,CORA5PT00570,Nap,COP
JANUS HENDERSON GL HY BOND F,JANUS HENDERSON GL HY BOND F,Nap,USD
TECHNOLOGY SELECT SECTOR SPDR,TECHNOLOGY SELECT SECTOR SPDR,Nap,USD
AXA WF US HIGH YIELD BONDS I,AXA WF US HIGH YIELD BONDS I,Nap,USD
BAILLIE GIFFORD AMERICAN FUND,BAILLIE GIFFORD AMERICAN FUND,Nap,GBP
AB AMERICAN GR PFT S1 ACC,AB AMERICAN GR PFT S1 ACC,Nap,USD
GROUPAMA AVENIR EURO,GROUPAMA AVENIR EURO,Nap,EUR
LOOMIS SAYLES US GROWTH EQUITY,LOOMIS SAYLES US GROWTH EQUITY,Nap,USD
COR7LPT00061,COR7LPT00061,Nap,COP
CORM3PENDIENTE2,CORM3PENDIENTE2,Nap,COP
COR9BPT01009,COR9BPT01009,Nap,COP
CORM3PT00597,CORM3PT00597,Nap,COP
BOPI5 G INVER SURAMERICANA SA,BOPI5 G INVER SURAMERICANA SA,Nap,COP
INDUSTRIAL SELECT SECTOR SPDR,INDUSTRIAL SELECT SECTOR SPDR,Nap,USD
FINANCIAL SELECT SECTOR SPDR,FINANCIAL SELECT SECTOR SPDR,Nap,USD
BTDF0 US GOVT NAT TREASURY,BTDF0 US GOVT NAT TREASURY,Nap,USD
ISHARES MSCI EME MARKETS INDEX,ISHARES MSCI EME MARKETS INDEX,Nap,USD
VANGUARD S&P 500 ETF - VOO,VANGUARD S&P 500 ETF - VOO,Nap,USD
AC PREF BCO BANCOLOMBIA,AC PREF BCO BANCOLOMBIA,Nap,COP
BOPF5 CODENSA,BOPF5 CODENSA,TV,COP
UBS GLOBAL EM OPPORTUNITY IA3,UBS GLOBAL EM OPPORTUNITY IA3,Nap,USD
BOPF5 B BOGOTA,BOPF5 B BOGOTA,TV,COP
BOPI5 FINANCIERA DES NACIONAL,BOPI5 FINANCIERA DES NACIONAL,TV,COP
COMMUNICATION SERV SECTOR SPDR,COMMUNICATION SERV SECTOR SPDR,Nap,USD
CONSUMER DISCRET SELECT SPDR,CONSUMER DISCRET SELECT SPDR,Nap,USD
BOPI5 GRUPO BOLIVAR SA,BOPI5 GRUPO BOLIVAR SA,TV,COP
BOUF5 GRUPO BOLIVAR SA,BOUF5 GRUPO BOLIVAR SA,AV,UVR
ISHARES MSCI CHINA INDEX FUND,ISHARES MSCI CHINA INDEX FUND,Nap,USD
ISHARES FTSE XINHUA CHINA 25,ISHARES FTSE XINHUA CHINA 25,Nap,USD
MATERIALS SELECT SECTOR SPDR,MATERIALS SELECT SECTOR SPDR,Nap,USD
ISHARES EDGE MSCI USA VALUE,ISHARES EDGE MSCI USA VALUE,Nap,USD
BOPI5 PRIMAX,BOPI5 PRIMAX,TV,COP
BOUF5 PRIMAX,BOUF5 PRIMAX,AV,UVR
ALLIANZ CHINA A SHARES W7 USD,ALLIANZ CHINA A SHARES W7 USD,Nap,USD
BAILLIE GIFFORD LONG TERM GLOB,BAILLIE GIFFORD LONG TERM GLOB,Nap,GBP
ENERGY SELECT SECTOR SPDR,ENERGY SELECT SECTOR SPDR,Nap,USD
COL17CT03748,TFIT16090736,AV,COP
BOPI5 B BOGOTA,BOPI5 B BOGOTA,TV,COP
BAILLIE GIFFORD PACIFIC B ACC,BAILLIE GIFFORD PACIFIC B ACC,Nap,GBP
FIDELITY GREATER CHINA I ACC,FIDELITY GREATER CHINA I ACC,Nap,USD
JPM CHINA ASHARE OPPORT I ACC,JPM CHINA ASHARE OPPORT I ACC,Nap,USD
BTDF0 TREASURY BILL,BTDF0 TREASURY BILL,Nap,USD
BOPI5 BANCAMIA,BSMIA1219C02,TV,COP
BOUF5 PA  AUTOPISTA RIO MAGDAL,BOUF5 PA  AUTOPISTA RIO MAGDAL,SV,UVR
BOPI5 BCO SERFINANZA,BSFN2219C003,TV,COP
XS2296812907,NBPF5 NOTA BBVA GL MARKETS BV,PV,COP
XS2299304860,NBPF5 NOTA BARCLAYS BANK,PV,COP
XS2375836983,NBPF5 NOTA BANK OF NOVA SCOTIA,PV,COP
COB51CB00908,BDVI1218B036,MV,COP
COB07CB00629,BSBCB2218E03,MV,COP
ISHARES JPM EM BOND UCITS,ISHARES JPM EM BOND UCITS,Nap,USD
ISHARES JPM EM CORP BOND UCITS,ISHARES JPM EM CORP BOND UCITS,Nap,USD
ISHARES JPM EM L GOV BND UCITS,ISHARES JPM EM L GOV BND UCITS,Nap,USD
GAM STAR DISRUPTIVE GROWTH,GAM STAR DISRUPTIVE GROWTH,Nap,USD
HEALTH CARE SELECT SECTOR SPDR,HEALTH CARE SELECT SECTOR SPDR,Nap,USD
AC ORD GRUPO INV SURAMERICANA,AC ORD GRUPO INV SURAMERICANA,Nap,COP
JPM ASIA GROWTH I ACC USD,JPM ASIA GROWTH I ACC USD,Nap,USD
DWS INVEST LATIN AMERICAN EQS,DWS INVEST LATIN AMERICAN EQS,Nap,USD
CONSUMER STAPLES SELECT SPDR,CONSUMER STAPLES SELECT SPDR,Nap,USD
PAT07PA00014,BHI,Nap,COP
ROBECO QI EMER CONSERVATIVE EQ,LU0943624824,Nap,USD
US195325BM66,US195325BM66,SV,USD
LU0943624824,LU0943624824,Nap,USD
SCHRODER ISF GL SUSTAINABLE GR,SCHRODER ISF GL SUSTAINABLE GR,Nap,USD
BAILLIE GIFFORD CHINA FUND,BAILLIE GIFFORD CHINA FUND,Nap,USD
BAILLIE GIFFORD EME MKT LEAD,BAILLIE GIFFORD EME MKT LEAD,Nap,USD
BNP PARIBAS DISRUPTIVE TECHNO,BNP PARIBAS DISRUPTIVE TECHNO,Nap,USD
UTILITIES  SELECT SECTOR SPDR,UTILITIES  SELECT SECTOR SPDR,Nap,USD
AC ORD GRUPO NUTRESA,AC ORD GRUPO NUTRESA,Nap,COP
MS GLOBAL BRANDS FUND CLASS Z,MS GLOBAL BRANDS FUND CLASS Z,Nap,USD
ROBECO CHINESE A-SHARES EQ,ROBECO CHINESE A-SHARES EQ,Nap,USD
BNP PARIBAS CHINA EQUITY,BNP PARIBAS CHINA EQUITY,Nap,USD
JPM CHINA FUND I,JPM CHINA FUND I,Nap,USD
ISHARES MSCI CHINA A UCITS ETF,ISHARES MSCI CHINA A UCITS ETF,Nap,USD
ISHARES LATIN AMERICA 40 ETF,ISHARES LATIN AMERICA 40 ETF,Nap,USD
ISHARES MSCI BRAZIL,ISHARES MSCI BRAZIL,Nap,USD
MS ASIA OPPORTUNITY FUND,MS ASIA OPPORTUNITY FUND,Nap,USD
SCHRODER ISF GREATER CHINA C A,SCHRODER ISF GREATER CHINA C A,Nap,USD
FIDELITY EUROPEAN DYNAMIC GROW,FIDELITY EUROPEAN DYNAMIC GROW,Nap,EUR
ISHARES CORE S&P 500 ETF,ISHARES CORE S&P 500 ETF,Nap,USD
ISHARES CORE MSCI EME MARKETS,ISHARES CORE MSCI EME MARKETS,Nap,USD
ISHARES MSCI EM SRI ETF,ISHARES MSCI EM SRI ETF,Nap,USD
JPM JAPAN EQUITY FUND I ACC,JPM JAPAN EQUITY FUND I ACC,Nap,USD
ISHARES MSCI USA QUALITY FACT,ISHARES MSCI USA QUALITY FACT,Nap,USD
ISHARES MSCI WORLD SRI ETF,ISHARES MSCI WORLD SRI ETF,Nap,EUR
AB STANDARD SICAV I CHINA A,AB STANDARD SICAV I CHINA A,Nap,USD
JPM EMERGING MARKETS EQUITY I,JPM EMERGING MARKETS EQUITY I,Nap,USD
SCHRODER ISF ASIAN OPPOR C ACC,SCHRODER ISF ASIAN OPPOR C ACC,Nap,USD
ISHARES EM LOCAL GOVT ETF,ISHARES EM LOCAL GOVT ETF,Nap,USD
ROBECO QI EME MARKETS ACT EQ I,ROBECO QI EME MARKETS ACT EQ I,Nap,USD
OSSIAM SHILLER BRLYCAPE US ETF,OSSIAM SHILLER BRLYCAPE US ETF,Nap,USD
FEP5 FB HORIZONS C SEL,FEP5 FB HORIZONS C SEL,Nap,COP
ISHARES TIPS BONDS ETF,ISHARES TIPS BONDS ETF,Nap,USD
BNP PARIBAS US GROWTH,BNP PARIBAS US GROWTH,Nap,USD
SCHRODER ISF US LARGE CAP C AC,SCHRODER ISF US LARGE CAP C AC,Nap,USD
ISHARES 3-7 YEAR TREASURY BOND,ISHARES 3-7 YEAR TREASURY BOND,Nap,USD
ISHARES MSCI BRAZIL UCITS,ISHARES MSCI BRAZIL UCITS,Nap,USD
SCHRODER ISF JAPANESE EQ C ACC,SCHRODER ISF JAPANESE EQ C ACC,Nap,JPY
DWS INVEST LATIN AMERICAN FC50,DWS INVEST LATIN AMERICAN FC50,Nap,EUR
JANUS HENDERSON CONT EUR I ACC,JANUS HENDERSON CONT EUR I ACC,Nap,EUR
JPM GLOBAL SUSTAINABLE EQUITY,JPM GLOBAL SUSTAINABLE EQUITY,Nap,USD
WELL STRAT EUR EQ-S EUR AC,WELL STRAT EUR EQ-S EUR AC,Nap,EUR
ISHARES MSCI EME MARKETS ASIA,ISHARES MSCI EME MARKETS ASIA,Nap,USD
FIDELITY FUNDS JP VAL-IA  JPY,FIDELITY FUNDS JP VAL-IA  JPY,Nap,JPY
BGF CONT EUR FLX-I2,BGF CONT EUR FLX-I2,Nap,EUR
TIPF0 TIV COLOMBIANA,TIPF0 TIV COLOMBIANA,MV,COP
ISHARES CORE MSCI JAPAN IMI,ISHARES CORE MSCI JAPAN IMI,Nap,USD
TIPF0 TITULARICE,TIPF0 TITULARICE,MV,COP
COTJ1PA00016,COTJ1PA00016,Nap,COP
PIMCO GIS EMERG LCL BD,PIMCO GIS EMERG LCL BD,Nap,USD
VONTOBEL EM DEBT,VONTOBEL EM DEBT,Nap,USD
REAL STATE SELECT SECTOR SPDR,REAL STATE SELECT SECTOR SPDR,Nap,USD
ABERDEEN EM LOCAL DEBT,ABERDEEN EM LOCAL DEBT,Nap,USD
JPM GLOBAL REI ESG UCITS ETF,JPM GLOBAL REI ESG UCITS ETF,Nap,USD
JPM US REI ESG UCITS ETF,JPM US REI ESG UCITS ETF,Nap,USD
ISHARES MSCI MEXICO ETF,ISHARES MSCI MEXICO ETF,Nap,USD
COT80CH03207,INST070339A,MV,COP
COR6APT00231,FEP5 FCP 4G DEUDA INFR COL,Nap,COP
PIMCO EM MKTS BD,PIMCO EM MKTS BD,NAp,USD
NB EM DBT HRD CCY,NB EM DBT HRD CCY,NAp,USD
JANUS B-BBB CLO ETF,JANUS B-BBB CLO ETF,Nap,USD
NB CLO INCOME FUND,NB CLO INCOME FUND,Nap,USD
ISHARES SEMICONDUCTOR ETF,ISHARES SEMICONDUCTOR ETF,Nap,USD
ISHARES EDGE MSCI USA MOMENT,ISHARES EDGE MSCI USA MOMENT,Nap,USD
JPM DIVERSIFIED RET EM EQUIT,JPM DIVERSIFIED RET EM EQUIT,Nap,USD
ABERDEN GLOBAL EM AEMINIA,ABERDEN GLOBAL EM AEMINIA,Nap,USD
BGF JAPAN FLEXIBLE EQUITY FUND,BGF JAPAN FLEXIBLE EQUITY FUND,Nap,JPY
FIDELITY ASIA PACIFIC OPP FUND,FIDELITY ASIA PACIFIC OPP FUND,Nap,USD
DIMENSIONAL EM CORE EQUITY FUN,DIMENSIONAL EM CORE EQUITY FUN,Nap,EUR
BLACKROCK SYSTEMATIC CHINA,BLACKROCK SYSTEMATIC CHINA,Nap,USD
ISHARES MSCI TAIWAN ETF,ISHARES MSCI TAIWAN ETF,Nap,USD
ISHARES MSCI UNITED KINGDOM,ISHARES MSCI UNITED KINGDOM,Nap,USD
ISHARES MSCI EMR MRK EX CHINA,ISHARES MSCI EMR MRK EX CHINA,Nap,USD
INVESCO S&P 500 EQUAL WEIGHT,INVESCO S&P 500 EQUAL WEIGHT,Nap,USD
ISHARES S&P 500 COMMUNICATION,ISHARES S&P 500 COMMUNICATION,Nap,USD
ISHARES S&P 500 IT SECTOR,ISHARES S&P 500 IT SECTOR,Nap,USD
ISHARES S&P 500 CONSUMER DISCR,ISHARES S&P 500 CONSUMER DISCR,Nap,USD
JP MORGAN BETABUILDERS EUR ETF,JP MORGAN BETABUILDERS EUR ETF,Nap,USD
JP MORGAN BETABUILDERS JAP ETF,JP MORGAN BETABUILDERS JAP ETF,Nap,USD
INVESCO GR CHINA EQ-SACC USD,INVESCO GR CHINA EQ-SACC USD,Nap,USD
INVESCO ASIAN FUND UK D ACC,INVESCO ASIAN FUND UK D ACC,Nap,GBP
INVESCO GLOBAL EME MARKETS,INVESCO GLOBAL EME MARKETS,Nap,GBP
INVESCO GR CHINA EQ-SACC USD,INVESCO GR CHINA EQ-SACC USD,Nap,USD
INVESCO ASIAN FUND UK D ACC,INVESCO ASIAN FUND UK D ACC,Nap,GBP
INVESCO GLOBAL EME MARKETS,INVESCO GLOBAL EME MARKETS,Nap,GBP
FIRST TRUST SMID CAP RISING,FIRST TRUST SMID CAP RISING,Nap,USD
JP MORGAN US QUALITY FACTOR,JP MORGAN US QUALITY FACTOR,Nap,USD
BODF0 ECOPETROL,BODF0 ECOPETROL,SV,USD
ISHARES EXPANDED TECH-SOFTWARE,ISHARES EXPANDED TECH-SOFTWARE,Nap,USD
ISHARES CORE S&P MID CAP ETF,ISHARES CORE S&P MID CAP ETF,Nap,USD
INVESCO NASDAQ 100 ETF,INVESCO NASDAQ 100 ETF,Nap,USD
FIDELITY GLOBAL TECHNOLOGY,FIDELITY GLOBAL TECHNOLOGY,Nap,USD
ISHARES RUSSELL 1000 GROWTH,ISHARES RUSSELL 1000 GROWTH,Nap,USD
MS INVESTMENT FUNDS EMERG LEAD,MS INVESTMENT FUNDS EMERG LEAD,Nap,USD
INVESCO S&P 500 GARP ETF,INVESCO S&P 500 GARP ETF,Nap,USD
INVESCO CHINA TECHNOLOGY ETF,INVESCO CHINA TECHNOLOGY ETF,Nap,USD
ISHARES GLOBAL TECH ETF,ISHARES GLOBAL TECH ETF,Nap,USD
MONEDA LATAM CORPORATE CREDIT,MONEDA LATAM CORPORATE CREDIT,Nap,USD
BODF0 GRUPO NUTRESA,BODF0 GRUPO NUTRESA,SV,USD
AC ORD EXITO,AC ORD EXITO,NAp,COP
ISHARES RUSSELL 2000 ETF,ISHARES RUSSELL 2000 ETF,Nap,USD
AC ORD TERPEL SA,AC ORD TERPEL SA,NAp,COP
IE000NG9LZQ6,IE000NG9LZQ6,Nap,USD
MONEDA LATAM HIGH YIELD CREDIT,MONEDA LATAM HIGH YIELD CREDIT,Nap,USD
AC ORD MINEROS,AC ORD MINEROS,NAp,COP
ISHARES GOLD TRUST ETF,ISHARES GOLD TRUST ETF,Nap,USD
AC PREF DAVIVIENDA GROUP,AC PREF DAVIVIENDA GROUP,NAp,COP
ISHARES MSCI GLOBAL GOLD MIN,ISHARES MSCI GLOBAL GOLD MIN,NAp,USD
ISHARES MSCI INDIA ETF,ISHARES MSCI INDIA ETF,NAp,USD
ISHARES MSCI SOUTH KOREA ETF,ISHARES MSCI SOUTH KOREA ETF,Nap,USD
FED5 FCP ATLAS CAP RESOURCES V,FED5 FCP ATLAS CAP RESOURCES V,Nap,USD
FEE5 FCP CAPVEST EQUITY VI,FEE5 FCP CAPVEST EQUITY VI,Nap,USD
GLOBAL X DEFENSE TECH,GLOBAL X DEFENSE TECH,Nap,USD
