llave,clase_inversion,moneda,tasa_facial,ubicacion,clasificacion,riesgo
CRAAANVSALMACENES EXITO SA                                USDNA,Acciones Colombia,USD,NA,NACIONAL,R VARIABLE,NV
DEPVESTATE STREET GLOBAL SERVICES                      EURNA,MONEY MARKET,EUR,NA,INTERNACIONAL,CAJA,No Reporta
CRAEAEAVIANCATACA HOLDING SA                            USDNA,Acciones Colombia,USD,NA,NACIONAL,R VARIABLE,NV
CCAFICA FIDOCCIDEN                                   COPNA,VISTA,COP,NA,NACIONAL,CAJA,No Reporta
DEPVESTATE STREET GLOBAL SERVICES                      MXNNA,MONEY MARKET,MXN,NA,INTERNACIONAL,CAJA,No Reporta
CCESPIFICC INMPREMIUM                                   COPNA,Titularización Inmobiliaria,COP,NA,NACIONAL,R VARIABLE,No Reporta
CCAFICA ACCIVALORES                                  COPNA,VISTA,COP,NA,NACIONAL,CAJA,No Reporta
CCCTPFICC INM OLDMUT                                   COPNA,Acciones Colombia - Carteras Colectivas,COP,NA,NACIONAL,R VARIABLE,No Reporta
DEPVESTATE STREET GLOBAL SERVICES                      USDNA,MONEY MARKET,USD,NA,INTERNACIONAL,CAJA,No Reporta
CCAFICA FID BBBVA                                    COPNA,VISTA,COP,NA,NACIONAL,CAJA,No Reporta
DEPVEBROWN BROTHERS HARRIMAN  CO                       EURNA,MONEY MARKET,EUR,NA,INTERNACIONAL,CAJA,No Reporta
CCAFICA LDEZFONDO                                    COPNA,VISTA,COP,NA,NACIONAL,CAJA,No Reporta
DEPVEBROWN BROTHERS HARRIMAN  CO                       MXNNA,MONEY MARKET,MXN,NA,INTERNACIONAL,CAJA,No Reporta
CCAFICA FONVAL                                       COPNA,VISTA,COP,NA,NACIONAL,CAJA,No Reporta
DEPVEBROWN BROTHERS HARRIMAN  CO                       GBPNA,MONEY MARKET,GBP,NA,INTERNACIONAL,CAJA,No Reporta
CCAFICA FIDCENTRAL                                   COPNA,VISTA,COP,NA,NACIONAL,CAJA,No Reporta
DEPVEBROWN BROTHERS HARRIMAN  CO                       BRLNA,MONEY MARKET,BRL,NA,INTERNACIONAL,CAJA,No Reporta
DEPVEBROWN BROTHERS HARRIMAN  CO                       CADNA,MONEY MARKET,CAD,NA,INTERNACIONAL,CAJA,No Reporta
DEPVEBROWN BROTHERS HARRIMAN  CO                       USDNA,MONEY MARKET,USD,NA,INTERNACIONAL,CAJA,No Reporta
DEPVEBNY MELLON ASSE                                   USDNA,MONEY MARKET,USD,NA,INTERNACIONAL,CAJA,No Reporta
DEPVEBROWNBROTHERSHA                                   USDNA,MONEY MARKET,USD,NA,INTERNACIONAL,CAJA,No Reporta
CCAFICA VALORPLUS                                    COPNA,VISTA,COP,NA,NACIONAL,CAJA,No Reporta
DEPVEBNY MELLON ASSE                                   GBPNA,MONEY MARKET,GBP,NA,INTERNACIONAL,CAJA,No Reporta
DEPVEBNY MELLON ASSE                                   MXNNA,MONEY MARKET,MXN,NA,INTERNACIONAL,CAJA,No Reporta
CRAAAVSBANCOLOMBIA SA                                    USDNA,Acciones Colombia,USD,NA,NACIONAL,R VARIABLE,NV
DEPVEBNY MELLON ASSE                                   EURNA,MONEY MARKET,EUR,NA,INTERNACIONAL,CAJA,No Reporta
DEPVEBANK OF NEW YORK MELLON                           CLPNA,MONEY MARKET,CLP,NA,INTERNACIONAL,CAJA,No Reporta
CCATPFICAA FACCVALOR                                   COPNA,Acciones Colombia - Carteras Colectivas,COP,NA,NACIONAL,R VARIABLE,No Reporta
DEPVEBROWN BROTHERS HARRIMAN                           JPYNA,MONEY MARKET,JPY,NA,INTERNACIONAL,CAJA,No Reporta
DEPVEBROWN BROTHERS HARRIMAN                           USDNA,MONEY MARKET,USD,NA,INTERNACIONAL,CAJA,No Reporta
DEPVEBROWN BROTHERS HARRIMAN                           CADNA,MONEY MARKET,CAD,NA,INTERNACIONAL,CAJA,No Reporta
DEPVEBROWN BROTHERS HARRIMAN                           EURNA,MONEY MARKET,EUR,NA,INTERNACIONAL,CAJA,No Reporta
CCAFICA ALIANZAFID                                   COPNA,VISTA,COP,NA,NACIONAL,CAJA,No Reporta
CCAFONDO DE INVERSION COLECTIVA DEL MERCADO MONETARIOCOPNA,VISTA,COP,NA,NACIONAL,CAJA,No Reporta
DEPVEBROWN BROTHERS HARRIMAN  CO                       JPYNA,MONEY MARKET,JPY,NA,INTERNACIONAL,CAJA,No Reporta
CCAFICA COLPATRIA                                    COPNA,VISTA,COP,NA,NACIONAL,CAJA,No Reporta
CCAFICA PREVISORA                                    COPNA,VISTA,COP,NA,NACIONAL,CAJA,No Reporta
CCAFICA SUMAR-FBOG                                   COPNA,VISTA,COP,NA,NACIONAL,CAJA,No Reporta
CCAFICA FIDUCUENTA                                   COPNA,VISTA,COP,NA,NACIONAL,CAJA,No Reporta
FCPFCP VRFORESTALCOMP8                               COPNA,Fondo de Capital Privado Colombia,COP,NA,NACIONAL,R VARIABLE,No Reporta
DEPVEMORGAN STANLEY CO INCORPORAT                      USDNA,MONEY MARKET,USD,NA,INTERNACIONAL,CAJA,No Reporta
FCPFCPTLCCARTAGENA                                   COPNA,Fondo de Capital Privado Colombia,COP,NA,NACIONAL,R VARIABLE,No Reporta
PFMUIAFIDELITY FF CHINA CONSUMER FUND                   USDNA,Fondo Mutuo o Fondo Indice,USD,NA,INTERNACIONAL,R VARIABLE,No Reporta
FCPEFCPLEXINGTONCP8                                   USDNA,Fondo de Capital Privado,USD,NA,INTERNACIONAL,R VARIABLE,No Reporta
FCPEFCPDOVERSTREETIX                                  USDNA,Fondo de Capital Privado,USD,NA,INTERNACIONAL,R VARIABLE,No Reporta
FCPEFCPDOVERSTREET8                                   USDNA,Fondo de Capital Privado,USD,NA,INTERNACIONAL,R VARIABLE,No Reporta
FCPEFCPNBCOINVERSIONIII                               USDNA,Fondo de Capital Privado,USD,NA,INTERNACIONAL,R VARIABLE,No Reporta
FCPEFCP HARBOUR MZZ                                   USDNA,Fondo de Capital Privado,USD,NA,INTERNACIONAL,R VARIABLE,No Reporta
PFMUIAMORGAN STANLEY INVESTMENT FUNDS GLOBAL BRANDSZMO  USDNA,Fondo Mutuo o Fondo Indice,USD,NA,INTERNACIONAL,R VARIABLE,No Reporta
FCPEFCPALPINVESTVII                                   USDNA,Fondo de Capital Privado,USD,NA,INTERNACIONAL,R VARIABLE,No Reporta
FCPEFCPEQTVII                                         EURNA,Fondo de Capital Privado,EUR,NA,INTERNACIONAL,R VARIABLE,No Reporta
CCAFICA INTERES                                      COPNA,VISTA,COP,NA,NACIONAL,CAJA,No Reporta
FCPEFCPPINEBRISECIV                                   USDNA,Fondo de Capital Privado,USD,NA,INTERNACIONAL,R VARIABLE,No Reporta
FCPEFCPTPGVII                                         USDNA,Fondo de Capital Privado,USD,NA,INTERNACIONAL,R VARIABLE,No Reporta
FCPEFCPPGDIRECT2016                                   USDNA,Fondo de Capital Privado,USD,NA,INTERNACIONAL,R VARIABLE,No Reporta
BOENVSPROMIORIENTESAESP                                 COPIPC,Inflacion-CORPORATIVO LOCAL,COP,IPC,NACIONAL,R FIJA,INFLACIÓN
FCPEFCPBLACKSTOCAPVII                                 USDNA,Fondo de Capital Privado,USD,NA,INTERNACIONAL,R VARIABLE,No Reporta
DEPVNHELM BANK SA                                      COPNA,VISTA,COP,NA,NACIONAL,CAJA,No Reporta
DEPVNBANCO COLPATRIA                                   COPNA,VISTA,COP,NA,NACIONAL,CAJA,No Reporta
DEPVNBANCO DE BOGOTA S. A.                             COPNA,VISTA,COP,NA,NACIONAL,CAJA,No Reporta
DEPVNBANCOLOMBIA S.A.                                  COPNA,VISTA,COP,NA,NACIONAL,CAJA,No Reporta
DEPVNBCOSUDAMERIS                                      COPNA,VISTA,COP,NA,NACIONAL,CAJA,No Reporta
DEPVNBCOBBVACOLOMBIASA                                 COPNA,VISTA,COP,NA,NACIONAL,CAJA,No Reporta
DEPVNBANCO DAVIVIENDA SA                               COPNA,VISTA,COP,NA,NACIONAL,CAJA,No Reporta
DEPVNBANCO DAVIVIENDA                                  COPNA,VISTA,COP,NA,NACIONAL,CAJA,No Reporta
DEPVNCORPORACION FINANCIERA COLOMBIANA SA              COPNA,VISTA,COP,NA,NACIONAL,CAJA,No Reporta
DEPVNBANCO GNB SUDAMERIS SA                            COPNA,VISTA,COP,NA,NACIONAL,CAJA,No Reporta
DEPVNBANCO BBVA COLOMBIA SA                            COPNA,VISTA,COP,NA,NACIONAL,CAJA,No Reporta
DEPVNBANCO DE OCCIDENTE SA                             COPNA,VISTA,COP,NA,NACIONAL,CAJA,No Reporta
DEPVNBANCO COMERCIAL AV VILLAS SA                      COPNA,VISTA,COP,NA,NACIONAL,CAJA,No Reporta
DEPVNBANCO DE BOGOTA                                   COPNA,VISTA,COP,NA,NACIONAL,CAJA,No Reporta
DEPVNBANCO POPULAR                                     COPNA,VISTA,COP,NA,NACIONAL,CAJA,No Reporta
DEPVNBANCO BILBAO VIZCAYA ARGENTARIA COLOMBIA SA BBVA  COPNA,VISTA,COP,NA,NACIONAL,CAJA,No Reporta
DEPVNBANCO COLPATRIA MULTIBANCA COLPATRIA SA           COPNA,VISTA,COP,NA,NACIONAL,CAJA,No Reporta
DEPVNBANCOLOMBIA SA                                    COPNA,VISTA,COP,NA,NACIONAL,CAJA,No Reporta
DEPVNBANCO DE BOGOTA SA                                COPNA,VISTA,COP,NA,NACIONAL,CAJA,No Reporta
DEPVNBANCO DE LA REPUBLICA                             COPNA,VISTA,COP,NA,NACIONAL,CAJA,No Reporta
DEPVNBANCO ITAU CORPBANCA COLOMBIA                     COPNA,VISTA,COP,NA,NACIONAL,CAJA,No Reporta
DEPVNBANCO GNB SUDAMERIS S.A.                          COPNA,VISTA,COP,NA,NACIONAL,CAJA,No Reporta
DEPVNBANCO DAVIVIENDA S.A.                             COPNA,VISTA,COP,NA,NACIONAL,CAJA,No Reporta
DEPVNBANCO CAJA SOCIAL BCSC                            COPNA,VISTA,COP,NA,NACIONAL,CAJA,No Reporta
DEPVNBANCO AGRARIO DE COLOMBIA SA                      COPNA,VISTA,COP,NA,NACIONAL,CAJA,No Reporta
DEPVNCITIBANK  COLOMBIA SA                             COPNA,VISTA,COP,NA,NACIONAL,CAJA,No Reporta
DEPVNBANCO COLPATRIA RED MULTIBANCA SA                 COPNA,VISTA,COP,NA,NACIONAL,CAJA,No Reporta
DEPVNCITIBANK COLOMBIA                                 COPNA,VISTA,COP,NA,NACIONAL,CAJA,No Reporta
DEPVNBANCO WWB SA                                      COPNA,VISTA,COP,NA,NACIONAL,CAJA,No Reporta
DEPVNBCSC SA                                           COPNA,VISTA,COP,NA,NACIONAL,CAJA,No Reporta
DEPVNITAU CORPBANCA COLOMBIA SA                        COPNA,VISTA,COP,NA,NACIONAL,CAJA,No Reporta
DEPVNBCOOCCIDENTE                                      COPNA,VISTA,COP,NA,NACIONAL,CAJA,No Reporta
DEPVNBCOCITIBANK                                       COPNA,VISTA,COP,NA,NACIONAL,CAJA,No Reporta
DEPVNBCOBANCOLOMBIA                                    COPNA,VISTA,COP,NA,NACIONAL,CAJA,No Reporta
DEPVNBCODAVIVIENDA                                     COPNA,VISTA,COP,NA,NACIONAL,CAJA,No Reporta
DEPVNBCOBOGOTA                                         COPNA,VISTA,COP,NA,NACIONAL,CAJA,No Reporta
DEPVNBCOCOLPATRIA                                      COPNA,VISTA,COP,NA,NACIONAL,CAJA,No Reporta
DEPVNBANCO BILBAO VIZCAYA ARGENTARI                    COPNA,VISTA,COP,NA,NACIONAL,CAJA,No Reporta
DEPVNCITIBANK COLOMBIA S.A.                            COPNA,VISTA,COP,NA,NACIONAL,CAJA,No Reporta
DEPVNBANCO POPULAR SA                                  COPNA,VISTA,COP,NA,NACIONAL,CAJA,No Reporta
DEPVNDAVIVIENDA REDBANCAFE                             COPNA,VISTA,COP,NA,NACIONAL,CAJA,No Reporta
PEEBEJP MORGAN CHASE BANK                              COPTDESC,Notas estructuradas,COP,TDESC,NOTAS ESTRUCTURADAS,NOTAS ESTRUCTURADAS,NOTAS ESTRUCTURADAS
PEEBECITIGROUP INC                                     COPTDESC,Notas estructuradas,COP,TDESC,NOTAS ESTRUCTURADAS,NOTAS ESTRUCTURADAS,NOTAS ESTRUCTURADAS
PEEBEBNP PARIBAS                                       BRLTDESC,Notas estructuradas,BRL,TDESC,NOTAS ESTRUCTURADAS,NOTAS ESTRUCTURADAS,NOTAS ESTRUCTURADAS
PEEBEJP MORGAN CHASE BANK                              BRLTDESC,Notas estructuradas,BRL,TDESC,NOTAS ESTRUCTURADAS,NOTAS ESTRUCTURADAS,NOTAS ESTRUCTURADAS
PEEBEJP MORGAN CHASE                                   COPFS,Notas estructuradas,COP,FS,NOTAS ESTRUCTURADAS,NOTAS ESTRUCTURADAS,NOTAS ESTRUCTURADAS
PEEBEMERRILL LYNCH PIERCE FENNER AND SMITH INCORPORATEDCOPFS,Notas estructuradas,COP,FS,NOTAS ESTRUCTURADAS,NOTAS ESTRUCTURADAS,NOTAS ESTRUCTURADAS
PEEBEJP MORGAN CHASE BANK NA                           COPFS,Notas estructuradas,COP,FS,NOTAS ESTRUCTURADAS,NOTAS ESTRUCTURADAS,NOTAS ESTRUCTURADAS
PEEBECITIGROUP INC                                     COPFS,Notas estructuradas,COP,FS,NOTAS ESTRUCTURADAS,NOTAS ESTRUCTURADAS,NOTAS ESTRUCTURADAS
PEEBEBNP PARIBAS                                       COPTDESC,Notas estructuradas,COP,TDESC,NOTAS ESTRUCTURADAS,NOTAS ESTRUCTURADAS,NOTAS ESTRUCTURADAS
PEEBEBNP PARIBAS                                       COPFS,Notas estructuradas,COP,FS,NOTAS ESTRUCTURADAS,NOTAS ESTRUCTURADAS,NOTAS ESTRUCTURADAS
PEEBEBARCLAYS BANK PLC                                 COPFS,Notas estructuradas,COP,FS,NOTAS ESTRUCTURADAS,NOTAS ESTRUCTURADAS,NOTAS ESTRUCTURADAS
PEEBEGOLDMAN SACHS INTERNATIONAL                       COPFS,Notas estructuradas,COP,FS,NOTAS ESTRUCTURADAS,NOTAS ESTRUCTURADAS,NOTAS ESTRUCTURADAS
PEEBECREDIT SUISSE LONDON BRANCH                       COPFS,Notas estructuradas,COP,FS,NOTAS ESTRUCTURADAS,NOTAS ESTRUCTURADAS,NOTAS ESTRUCTURADAS
PEEBEDEUTSCHE BANK AG LONDON                           COPOTR,Notas estructuradas,COP,OTR,NOTAS ESTRUCTURADAS,NOTAS ESTRUCTURADAS,NOTAS ESTRUCTURADAS
PEEBEBBVA GLOBAL MARKETS BV                            COPTDESC,Notas estructuradas,COP,TDESC,NOTAS ESTRUCTURADAS,NOTAS ESTRUCTURADAS,NOTAS ESTRUCTURADAS
PEEBEGOLDMAN SACHS  CO                                 COPTDESC,Notas estructuradas,COP,TDESC,NOTAS ESTRUCTURADAS,NOTAS ESTRUCTURADAS,NOTAS ESTRUCTURADAS
PEEBEBNP PARIBAS                                       USDTDESC,Notas estructuradas,USD,TDESC,NOTAS ESTRUCTURADAS,NOTAS ESTRUCTURADAS,NOTAS ESTRUCTURADAS
PEEBEGOLDMAN SACHS GROUP                               COPOTR,Notas estructuradas,COP,OTR,NOTAS ESTRUCTURADAS,NOTAS ESTRUCTURADAS,NOTAS ESTRUCTURADAS
PEEBEJPMORGAN CHASE &CO                                COPFS,Notas estructuradas,COP,FS,NOTAS ESTRUCTURADAS,NOTAS ESTRUCTURADAS,NOTAS ESTRUCTURADAS
FCPFCPSENIORCOMP04                                   COPNA,Fondo de Capital Privado Colombia,COP,NA,NACIONAL,R VARIABLE,No Reporta
FINDIISHARES MSCI EAFE INDEX FUND                      USDNA,Fondo Mutuo o Fondo Indice,USD,NA,INTERNACIONAL,R VARIABLE,No Reporta
FCPFCPTLCBOGOTA                                      COPNA,Fondo de Capital Privado Colombia,COP,NA,NACIONAL,R VARIABLE,No Reporta
FINDISPDR TRUST SERIES 1                               USDNA,Fondo Mutuo o Fondo Indice,USD,NA,INTERNACIONAL,R VARIABLE,No Reporta
FINDIVANGUARD EMERGING MARKETS ETF                     USDNA,Fondo Mutuo o Fondo Indice,USD,NA,INTERNACIONAL,R VARIABLE,No Reporta
FINDIISHARES MSCI MEXICO INDEX                         USDNA,Fondo Mutuo o Fondo Indice,USD,NA,INTERNACIONAL,R VARIABLE,No Reporta
DEPVEBROWNBROTHERSHAEURNA,MONEY MARKET,EUR,NA,INTERNACIONAL,CAJA,No Reporta
DEPVEBROWNBROTHERSHAGBPNA,MONEY MARKET,GBP,NA,INTERNACIONAL,CAJA,No Reporta
DEPVNBANCO DE OCCIDENTE                                COPNA,VISTA,COP,NA,NACIONAL,CAJA,No Reporta
DEPVNBANCO FALABELLA SA                                COPNA,VISTA,COP,NA,NACIONAL,CAJA,No Reporta
DEPVNBANCO DE COMERCIO EXTERIOR DE COLOMBIA SA         COPNA,VISTA,COP,NA,NACIONAL,CAJA,No Reporta
DEPVEBANCO DE BOGOTA NY                                USDNA,VISTA,USD,NA,NACIONAL,CAJA,No Reporta
DEPVEBNY MELLON ASSET SERVICING                        USDNA,MONEY MARKET,USD,NA,INTERNACIONAL,CAJA,No Reporta
DEPVEBNY MELLON ASSET SERVICING                        EURNA,MONEY MARKET,EUR,NA,INTERNACIONAL,CAJA,No Reporta
DEPVEBNY MELLON ASSET SERVICING                        MXNNA,MONEY MARKET,MXN,NA,INTERNACIONAL,CAJA,No Reporta
DEPVEBNY MELLON ASSET SERVICING                        GBPNA,MONEY MARKET,GBP,NA,INTERNACIONAL,CAJA,No Reporta
DEPVNBANCO ITAU CORPBANCA COLOMBIA S A                 COPNA,VISTA,COP,NA,NACIONAL,CAJA,No Reporta
DEPVNBANCO DE BOGOTA S.A.                              COPNA,VISTA,COP,NA,NACIONAL,CAJA,No Reporta
DEPVNBANCOLDEX BANCO DE COMERCIO EXTERIOR DE COLOMBIA  COPNA,VISTA,COP,NA,NACIONAL,CAJA,No Reporta
DEPVNBANCO BILBAO VIZCAYA ARGENTARIA                   COPNA,VISTA,COP,NA,NACIONAL,CAJA,No Reporta
DEPVEBNP PARIBAS SECURITIES CORP NEW YORK              USDNA,MONEY MARKET,USD,NA,NACIONAL,CAJA,No Reporta
DEPVEBNP PARIBAS SECURITIES CORP NEW YORK              EURNA,MONEY MARKET,EUR,NA,NACIONAL,CAJA,No Reporta
DEPVEBNP PARIBAS SECURITIES CORP NEW YORK              JPYNA,MONEY MARKET,JPY,NA,NACIONAL,CAJA,No Reporta
DEPVEBNP PARIBAS SECURITIES CORP NEW YORK              MXNNA,MONEY MARKET,MXN,NA,NACIONAL,CAJA,No Reporta
DEPVEBNP PARIBAS SECURITIES CORP NEW YORK              CADNA,MONEY MARKET,CAD,NA,NACIONAL,CAJA,No Reporta
DEPVECITIBANK NEW YORK                                 USDNA,MONEY MARKET,USD,NA,NACIONAL,CAJA,No Reporta
DEPVEBNP PARIBAS SECURITIES CORP NEW YORK              GBPNA,MONEY MARKET,GBP,NA,INTERNACIONAL,CAJA,No Reporta
CCAFIC ABIERTO EFECTIVO A LA VISTA  FIDUPREVISORA    COPNA,VISTA,COP,NA,NACIONAL,CAJA,No Reporta
DEPVEBROWN BROTHERS HARRIMAN  CO                       AUDNA,MONEY MARKET,AUD,NA,INTERNACIONAL,CAJA,No Reporta
DEPVEBNP PARIBAS SECURITIES CORP NEW YORK              CLPNA,MONEY MARKET,CLP,NA,INTERNACIONAL,CAJA,No Reporta
DEPVEGOLDMAN SACHS  CO                                 USDNA,MONEY MARKET,USD,NA,INTERNACIONAL,CAJA,No Reporta
DEPVEBANCOLOMBIA PANAMA                                USDNA,MONEY MARKET,USD,NA,INTERNACIONAL,CAJA,No Reporta
DEPVNBANCO SANTANDER DE NEGOCIOS COLOMBIA SA           COPNA,VISTA,COP,NA,NACIONAL,CAJA,No Reporta
